id,created_at,farm_id,station_id,project_name,realtime,parameter_type,parameter_value
2810847,2026-09-21 16:30:10.561076+00,KPEDU,antero,HorseDrinker,1790007973,TankPressure_1,17410
2810848,2026-09-21 16:30:10.561076+00,KPEDU,antero,HorseDrinker,1790007973,TankPressure_2,16482
2810849,2026-09-21 16:30:10.561076+00,KPEDU,antero,HorseDrinker,1790007973,BowlPressure,10282
2810850,2026-09-21 16:30:10.561076+00,KPEDU,antero,HorseDrinker,1790008061,TankPressure_1,20843
2810851,2026-09-21 16:30:10.561076+00,KPEDU,antero,HorseDrinker,1790008061,TankPressure_2,17682
2810852,2026-09-21 16:30:10.561076+00,KPEDU,antero,HorseDrinker,1790008061,BowlPressure,10281
2810853,2026-09-21 16:30:10.561076+00,KPEDU,antero,HorseDrinker,1790008208,TankPressure_1_HB,18158
2810854,2026-09-21 16:30:10.561076+00,KPEDU,antero,HorseDrinker,1790008208,TankPressure_2_HB,18178
2810855,2026-09-21 16:30:10.561076+00,KPEDU,antero,HorseDrinker,1790008208,BowlPressure_HB,10242
2821633,2026-09-21 22:50:10.575792+00,KPEDU,antero,HorseDrinker,1790031008,TankPressure_1_HB,15994
2821634,2026-09-21 22:50:10.575792+00,KPEDU,antero,HorseDrinker,1790031008,TankPressure_2_HB,17172
2821635,2026-09-21 22:50:10.575792+00,KPEDU,antero,HorseDrinker,1790031008,BowlPressure_HB,10254
2811113,2026-09-21 16:40:10.447772+00,KPEDU,antero,HorseDrinker,1790008240,TankPressure_1,16439
2811114,2026-09-21 16:40:10.447772+00,KPEDU,antero,HorseDrinker,1790008240,TankPressure_2,17536
2811115,2026-09-21 16:40:10.447772+00,KPEDU,antero,HorseDrinker,1790008240,BowlPressure,10281
2811116,2026-09-21 16:40:10.447772+00,KPEDU,antero,HorseDrinker,1790008808,TankPressure_1_HB,16070
2811117,2026-09-21 16:40:10.447772+00,KPEDU,antero,HorseDrinker,1790008808,TankPressure_2_HB,17285
2811118,2026-09-21 16:40:10.447772+00,KPEDU,antero,HorseDrinker,1790008808,BowlPressure_HB,10269
2811289,2026-09-21 16:50:10.521297+00,KPEDU,antero,HorseDrinker,1790009408,TankPressure_1_HB,16120
2811290,2026-09-21 16:50:10.521297+00,KPEDU,antero,HorseDrinker,1790009408,TankPressure_2_HB,17350
2811291,2026-09-21 16:50:10.521297+00,KPEDU,antero,HorseDrinker,1790009408,BowlPressure_HB,10260
2811987,2026-09-21 17:10:10.466504+00,KPEDU,antero,HorseDrinker,1790010608,TankPressure_1_HB,16110
2811988,2026-09-21 17:10:10.466504+00,KPEDU,antero,HorseDrinker,1790010608,TankPressure_2_HB,17391
2811989,2026-09-21 17:10:10.466504+00,KPEDU,antero,HorseDrinker,1790010608,BowlPressure_HB,10259
2812164,2026-09-21 17:20:10.551422+00,KPEDU,antero,HorseDrinker,1790011208,TankPressure_1_HB,16128
2812165,2026-09-21 17:20:10.551422+00,KPEDU,antero,HorseDrinker,1790011208,TankPressure_2_HB,17372
2812166,2026-09-21 17:20:10.551422+00,KPEDU,antero,HorseDrinker,1790011208,BowlPressure_HB,10265
2812341,2026-09-21 17:30:10.489807+00,KPEDU,antero,HorseDrinker,1790011808,TankPressure_1_HB,16054
2812342,2026-09-21 17:30:10.489807+00,KPEDU,antero,HorseDrinker,1790011808,TankPressure_2_HB,17287
2812343,2026-09-21 17:30:10.489807+00,KPEDU,antero,HorseDrinker,1790011808,BowlPressure_HB,10263
2812896,2026-09-21 17:40:10.650233+00,KPEDU,antero,HorseDrinker,1790012408,TankPressure_1_HB,16070
2812897,2026-09-21 17:40:10.650233+00,KPEDU,antero,HorseDrinker,1790012408,TankPressure_2_HB,17330
2812898,2026-09-21 17:40:10.650233+00,KPEDU,antero,HorseDrinker,1790012408,BowlPressure_HB,10267
2822071,2026-09-21 23:00:10.62272+00,KPEDU,antero,HorseDrinker,1790031608,TankPressure_1_HB,16041
2822072,2026-09-21 23:00:10.62272+00,KPEDU,antero,HorseDrinker,1790031608,TankPressure_2_HB,17201
2822073,2026-09-21 23:00:10.62272+00,KPEDU,antero,HorseDrinker,1790031608,BowlPressure_HB,10256
2813079,2026-09-21 17:50:10.554178+00,KPEDU,antero,HorseDrinker,1790013008,TankPressure_1_HB,16085
2813080,2026-09-21 17:50:10.554178+00,KPEDU,antero,HorseDrinker,1790013008,TankPressure_2_HB,17365
2813081,2026-09-21 17:50:10.554178+00,KPEDU,antero,HorseDrinker,1790013008,BowlPressure_HB,10260
2813254,2026-09-21 18:00:10.549436+00,KPEDU,antero,HorseDrinker,1790013608,TankPressure_1_HB,16076
2813255,2026-09-21 18:00:10.549436+00,KPEDU,antero,HorseDrinker,1790013608,TankPressure_2_HB,17374
2813256,2026-09-21 18:00:10.549436+00,KPEDU,antero,HorseDrinker,1790013608,BowlPressure_HB,10266
2814799,2026-09-21 18:50:10.640341+00,KPEDU,antero,HorseDrinker,1790016608,TankPressure_1_HB,16087
2814800,2026-09-21 18:50:10.640341+00,KPEDU,antero,HorseDrinker,1790016608,TankPressure_2_HB,17358
2814801,2026-09-21 18:50:10.640341+00,KPEDU,antero,HorseDrinker,1790016608,BowlPressure_HB,10264
2822689,2026-09-21 23:30:10.567549+00,KPEDU,antero,HorseDrinker,1790033408,TankPressure_1_HB,16048
2822690,2026-09-21 23:30:10.567549+00,KPEDU,antero,HorseDrinker,1790033408,TankPressure_2_HB,17197
2822691,2026-09-21 23:30:10.567549+00,KPEDU,antero,HorseDrinker,1790033408,BowlPressure_HB,10257
2814976,2026-09-21 19:00:10.486946+00,KPEDU,antero,HorseDrinker,1790017208,TankPressure_1_HB,16092
2814977,2026-09-21 19:00:10.486946+00,KPEDU,antero,HorseDrinker,1790017208,TankPressure_2_HB,17327
2814978,2026-09-21 19:00:10.486946+00,KPEDU,antero,HorseDrinker,1790017208,BowlPressure_HB,10266
2815383,2026-09-21 19:10:10.529572+00,KPEDU,antero,HorseDrinker,1790017808,TankPressure_1_HB,16048
2815384,2026-09-21 19:10:10.529572+00,KPEDU,antero,HorseDrinker,1790017808,TankPressure_2_HB,17304
2815385,2026-09-21 19:10:10.529572+00,KPEDU,antero,HorseDrinker,1790017808,BowlPressure_HB,10271
2816611,2026-09-21 19:50:10.549185+00,KPEDU,antero,HorseDrinker,1790020208,TankPressure_1_HB,16012
2816612,2026-09-21 19:50:10.549185+00,KPEDU,antero,HorseDrinker,1790020208,TankPressure_2_HB,17262
2816613,2026-09-21 19:50:10.549185+00,KPEDU,antero,HorseDrinker,1790020208,BowlPressure_HB,10263
2823375,2026-09-21 23:50:10.623347+00,KPEDU,antero,HorseDrinker,1790034608,TankPressure_1_HB,15976
2823376,2026-09-21 23:50:10.623347+00,KPEDU,antero,HorseDrinker,1790034608,TankPressure_2_HB,17093
2823377,2026-09-21 23:50:10.623347+00,KPEDU,antero,HorseDrinker,1790034608,BowlPressure_HB,10257
2816790,2026-09-21 20:00:10.656878+00,KPEDU,antero,HorseDrinker,1790020808,TankPressure_1_HB,16048
2816791,2026-09-21 20:00:10.656878+00,KPEDU,antero,HorseDrinker,1790020808,TankPressure_2_HB,17298
2816792,2026-09-21 20:00:10.656878+00,KPEDU,antero,HorseDrinker,1790020808,BowlPressure_HB,10269
2817019,2026-09-21 20:10:10.694461+00,KPEDU,antero,HorseDrinker,1790021408,TankPressure_1_HB,16024
2817020,2026-09-21 20:10:10.694461+00,KPEDU,antero,HorseDrinker,1790021408,TankPressure_2_HB,17249
2817021,2026-09-21 20:10:10.694461+00,KPEDU,antero,HorseDrinker,1790021408,BowlPressure_HB,10262
2823554,2026-09-22 00:00:10.662378+00,KPEDU,antero,HorseDrinker,1790035208,TankPressure_1_HB,16022
2823555,2026-09-22 00:00:10.662378+00,KPEDU,antero,HorseDrinker,1790035208,TankPressure_2_HB,17136
2823556,2026-09-22 00:00:10.662378+00,KPEDU,antero,HorseDrinker,1790035208,BowlPressure_HB,10257
2817891,2026-09-21 20:40:10.610526+00,KPEDU,antero,HorseDrinker,1790023208,TankPressure_1_HB,16074
2817892,2026-09-21 20:40:10.610526+00,KPEDU,antero,HorseDrinker,1790023208,TankPressure_2_HB,17283
2817893,2026-09-21 20:40:10.610526+00,KPEDU,antero,HorseDrinker,1790023208,BowlPressure_HB,10270
2825321,2026-09-22 01:00:10.63784+00,KPEDU,antero,HorseDrinker,1790038808,TankPressure_1_HB,16037
2825322,2026-09-22 01:00:10.63784+00,KPEDU,antero,HorseDrinker,1790038808,TankPressure_2_HB,17142
2825323,2026-09-22 01:00:10.63784+00,KPEDU,antero,HorseDrinker,1790038808,BowlPressure_HB,10253
2818535,2026-09-21 21:00:10.567832+00,KPEDU,antero,HorseDrinker,1790024408,TankPressure_1_HB,16034
2818536,2026-09-21 21:00:10.567832+00,KPEDU,antero,HorseDrinker,1790024408,TankPressure_2_HB,17232
2818537,2026-09-21 21:00:10.567832+00,KPEDU,antero,HorseDrinker,1790024408,BowlPressure_HB,10257
2824080,2026-09-22 00:10:10.665951+00,KPEDU,antero,HorseDrinker,1790035808,TankPressure_1_HB,16039
2824081,2026-09-22 00:10:10.665951+00,KPEDU,antero,HorseDrinker,1790035808,TankPressure_2_HB,17175
2824082,2026-09-22 00:10:10.665951+00,KPEDU,antero,HorseDrinker,1790035808,BowlPressure_HB,10257
2818797,2026-09-21 21:10:10.55224+00,KPEDU,antero,HorseDrinker,1790025008,TankPressure_1_HB,16043
2818798,2026-09-21 21:10:10.55224+00,KPEDU,antero,HorseDrinker,1790025008,TankPressure_2_HB,17237
2818799,2026-09-21 21:10:10.55224+00,KPEDU,antero,HorseDrinker,1790025008,BowlPressure_HB,10268
2818991,2026-09-21 21:20:10.867915+00,KPEDU,antero,HorseDrinker,1790025608,TankPressure_1_HB,16060
2818992,2026-09-21 21:20:10.867915+00,KPEDU,antero,HorseDrinker,1790025608,TankPressure_2_HB,17256
2818993,2026-09-21 21:20:10.867915+00,KPEDU,antero,HorseDrinker,1790025608,BowlPressure_HB,10259
2819865,2026-09-21 21:50:10.674757+00,KPEDU,antero,HorseDrinker,1790027408,TankPressure_1_HB,16054
2819866,2026-09-21 21:50:10.674757+00,KPEDU,antero,HorseDrinker,1790027408,TankPressure_2_HB,17247
2819867,2026-09-21 21:50:10.674757+00,KPEDU,antero,HorseDrinker,1790027408,BowlPressure_HB,10258
2820313,2026-09-21 22:00:10.695825+00,KPEDU,antero,HorseDrinker,1790028008,TankPressure_1_HB,16036
2820314,2026-09-21 22:00:10.695825+00,KPEDU,antero,HorseDrinker,1790028008,TankPressure_2_HB,17231
2820315,2026-09-21 22:00:10.695825+00,KPEDU,antero,HorseDrinker,1790028008,BowlPressure_HB,10257
2820736,2026-09-21 22:20:10.709323+00,KPEDU,antero,HorseDrinker,1790029208,TankPressure_1_HB,16008
2820737,2026-09-21 22:20:10.709323+00,KPEDU,antero,HorseDrinker,1790029208,TankPressure_2_HB,17184
2820738,2026-09-21 22:20:10.709323+00,KPEDU,antero,HorseDrinker,1790029208,BowlPressure_HB,10259
2825784,2026-09-22 01:10:10.57784+00,KPEDU,antero,HorseDrinker,1790039408,TankPressure_1_HB,16028
2825785,2026-09-22 01:10:10.57784+00,KPEDU,antero,HorseDrinker,1790039408,TankPressure_2_HB,17132
2825786,2026-09-22 01:10:10.57784+00,KPEDU,antero,HorseDrinker,1790039408,BowlPressure_HB,10250
2879217,2026-09-23 12:10:11.329934+00,KPEDU,antero,HorseDrinker,1790165409,TankPressure_1_HB,17377
2879218,2026-09-23 12:10:11.329934+00,KPEDU,antero,HorseDrinker,1790165409,TankPressure_2_HB,15990
2879219,2026-09-23 12:10:11.329934+00,KPEDU,antero,HorseDrinker,1790165409,BowlPressure_HB,10211
2826013,2026-09-22 01:20:10.650626+00,KPEDU,antero,HorseDrinker,1790040008,TankPressure_1_HB,16025
2826014,2026-09-22 01:20:10.650626+00,KPEDU,antero,HorseDrinker,1790040008,TankPressure_2_HB,17120
2826015,2026-09-22 01:20:10.650626+00,KPEDU,antero,HorseDrinker,1790040008,BowlPressure_HB,10254
2867786,2026-09-23 03:30:11.026575+00,KPEDU,antero,HorseDrinker,1790134209,TankPressure_1_HB,16050
2867787,2026-09-23 03:30:11.026575+00,KPEDU,antero,HorseDrinker,1790134209,TankPressure_2_HB,16326
2867788,2026-09-23 03:30:11.026575+00,KPEDU,antero,HorseDrinker,1790134209,BowlPressure_HB,10253
2826194,2026-09-22 01:30:10.660008+00,KPEDU,antero,HorseDrinker,1790040608,TankPressure_1_HB,16051
2826195,2026-09-22 01:30:10.660008+00,KPEDU,antero,HorseDrinker,1790040608,TankPressure_2_HB,17155
2826196,2026-09-22 01:30:10.660008+00,KPEDU,antero,HorseDrinker,1790040608,BowlPressure_HB,10256
2826427,2026-09-22 01:40:10.632507+00,KPEDU,antero,HorseDrinker,1790041208,TankPressure_1_HB,16030
2826428,2026-09-22 01:40:10.632507+00,KPEDU,antero,HorseDrinker,1790041208,TankPressure_2_HB,17130
2826429,2026-09-22 01:40:10.632507+00,KPEDU,antero,HorseDrinker,1790041208,BowlPressure_HB,10245
2827769,2026-09-22 02:20:10.706409+00,KPEDU,antero,HorseDrinker,1790043608,TankPressure_1_HB,16004
2827770,2026-09-22 02:20:10.706409+00,KPEDU,antero,HorseDrinker,1790043608,TankPressure_2_HB,17086
2827771,2026-09-22 02:20:10.706409+00,KPEDU,antero,HorseDrinker,1790043608,BowlPressure_HB,10257
2868028,2026-09-23 03:40:11.098038+00,KPEDU,antero,HorseDrinker,1790134809,TankPressure_1_HB,16070
2868029,2026-09-23 03:40:11.098038+00,KPEDU,antero,HorseDrinker,1790134809,TankPressure_2_HB,16338
2868030,2026-09-23 03:40:11.098038+00,KPEDU,antero,HorseDrinker,1790134809,BowlPressure_HB,10252
2827952,2026-09-22 02:30:10.66738+00,KPEDU,antero,HorseDrinker,1790044208,TankPressure_1_HB,16024
2827953,2026-09-22 02:30:10.66738+00,KPEDU,antero,HorseDrinker,1790044208,TankPressure_2_HB,17081
2827954,2026-09-22 02:30:10.66738+00,KPEDU,antero,HorseDrinker,1790044208,BowlPressure_HB,10255
2828191,2026-09-22 02:40:10.852957+00,KPEDU,antero,HorseDrinker,1790044808,TankPressure_1_HB,15978
2828192,2026-09-22 02:40:10.852957+00,KPEDU,antero,HorseDrinker,1790044808,TankPressure_2_HB,17026
2828193,2026-09-22 02:40:10.852957+00,KPEDU,antero,HorseDrinker,1790044808,BowlPressure_HB,10259
2828682,2026-09-22 02:50:10.652898+00,KPEDU,antero,HorseDrinker,1790045408,TankPressure_1_HB,15977
2828683,2026-09-22 02:50:10.652898+00,KPEDU,antero,HorseDrinker,1790045408,TankPressure_2_HB,17045
2828684,2026-09-22 02:50:10.652898+00,KPEDU,antero,HorseDrinker,1790045408,BowlPressure_HB,10261
2868218,2026-09-23 03:50:11.118374+00,KPEDU,antero,HorseDrinker,1790135409,TankPressure_1_HB,16078
2868219,2026-09-23 03:50:11.118374+00,KPEDU,antero,HorseDrinker,1790135409,TankPressure_2_HB,16343
2868220,2026-09-23 03:50:11.118374+00,KPEDU,antero,HorseDrinker,1790135409,BowlPressure_HB,10257
2828853,2026-09-22 03:00:10.712801+00,KPEDU,antero,HorseDrinker,1790046008,TankPressure_1_HB,16000
2828854,2026-09-22 03:00:10.712801+00,KPEDU,antero,HorseDrinker,1790046008,TankPressure_2_HB,17060
2828855,2026-09-22 03:00:10.712801+00,KPEDU,antero,HorseDrinker,1790046008,BowlPressure_HB,10266
2829736,2026-09-22 03:30:10.630608+00,KPEDU,antero,HorseDrinker,1790047808,TankPressure_1_HB,16012
2829737,2026-09-22 03:30:10.630608+00,KPEDU,antero,HorseDrinker,1790047808,TankPressure_2_HB,17051
2829738,2026-09-22 03:30:10.630608+00,KPEDU,antero,HorseDrinker,1790047808,BowlPressure_HB,10264
2868651,2026-09-23 04:10:11.130732+00,KPEDU,antero,HorseDrinker,1790136609,TankPressure_1_HB,16038
2868652,2026-09-23 04:10:11.130732+00,KPEDU,antero,HorseDrinker,1790136609,TankPressure_2_HB,16317
2868653,2026-09-23 04:10:11.130732+00,KPEDU,antero,HorseDrinker,1790136609,BowlPressure_HB,10258
2829992,2026-09-22 03:40:10.686773+00,KPEDU,antero,HorseDrinker,1790048408,TankPressure_1_HB,15966
2829993,2026-09-22 03:40:10.686773+00,KPEDU,antero,HorseDrinker,1790048408,TankPressure_2_HB,17018
2829994,2026-09-22 03:40:10.686773+00,KPEDU,antero,HorseDrinker,1790048408,BowlPressure_HB,10264
2830625,2026-09-22 04:00:10.645552+00,KPEDU,antero,HorseDrinker,1790049608,TankPressure_1_HB,16026
2830626,2026-09-22 04:00:10.645552+00,KPEDU,antero,HorseDrinker,1790049608,TankPressure_2_HB,17040
2830627,2026-09-22 04:00:10.645552+00,KPEDU,antero,HorseDrinker,1790049608,BowlPressure_HB,10261
2868894,2026-09-23 04:20:11.369912+00,KPEDU,antero,HorseDrinker,1790137209,TankPressure_1_HB,16060
2868895,2026-09-23 04:20:11.369912+00,KPEDU,antero,HorseDrinker,1790137209,TankPressure_2_HB,16334
2868896,2026-09-23 04:20:11.369912+00,KPEDU,antero,HorseDrinker,1790137209,BowlPressure_HB,10246
2831057,2026-09-22 04:20:10.734643+00,KPEDU,antero,HorseDrinker,1790050808,TankPressure_1_HB,16014
2831058,2026-09-22 04:20:10.734643+00,KPEDU,antero,HorseDrinker,1790050808,TankPressure_2_HB,17010
2831059,2026-09-22 04:20:10.734643+00,KPEDU,antero,HorseDrinker,1790050808,BowlPressure_HB,10255
2831770,2026-09-22 04:40:10.76725+00,KPEDU,antero,HorseDrinker,1790052008,TankPressure_1_HB,15961
2831771,2026-09-22 04:40:10.76725+00,KPEDU,antero,HorseDrinker,1790052008,TankPressure_2_HB,16943
2831772,2026-09-22 04:40:10.76725+00,KPEDU,antero,HorseDrinker,1790052008,BowlPressure_HB,10260
2869499,2026-09-23 04:50:11.253892+00,KPEDU,antero,HorseDrinker,1790139009,TankPressure_1_HB,16055
2869500,2026-09-23 04:50:11.253892+00,KPEDU,antero,HorseDrinker,1790139009,TankPressure_2_HB,16313
2869501,2026-09-23 04:50:11.253892+00,KPEDU,antero,HorseDrinker,1790139009,BowlPressure_HB,10266
2831955,2026-09-22 04:50:10.75438+00,KPEDU,antero,HorseDrinker,1790052608,TankPressure_1_HB,15970
2831956,2026-09-22 04:50:10.75438+00,KPEDU,antero,HorseDrinker,1790052608,TankPressure_2_HB,16941
2831957,2026-09-22 04:50:10.75438+00,KPEDU,antero,HorseDrinker,1790052608,BowlPressure_HB,10258
2832399,2026-09-22 05:00:10.695481+00,KPEDU,antero,HorseDrinker,1790053208,TankPressure_1_HB,15991
2832400,2026-09-22 05:00:10.695481+00,KPEDU,antero,HorseDrinker,1790053208,TankPressure_2_HB,16962
2832401,2026-09-22 05:00:10.695481+00,KPEDU,antero,HorseDrinker,1790053208,BowlPressure_HB,10259
2832658,2026-09-22 05:10:10.738435+00,KPEDU,antero,HorseDrinker,1790053808,TankPressure_1_HB,16016
2832659,2026-09-22 05:10:10.738435+00,KPEDU,antero,HorseDrinker,1790053808,TankPressure_2_HB,16996
2832660,2026-09-22 05:10:10.738435+00,KPEDU,antero,HorseDrinker,1790053808,BowlPressure_HB,10264
2869726,2026-09-23 05:00:12.120358+00,KPEDU,antero,HorseDrinker,1790139609,TankPressure_1_HB,16045
2869727,2026-09-23 05:00:12.120358+00,KPEDU,antero,HorseDrinker,1790139609,TankPressure_2_HB,16311
2869728,2026-09-23 05:00:12.120358+00,KPEDU,antero,HorseDrinker,1790139609,BowlPressure_HB,10272
2879575,2026-09-23 12:30:11.300729+00,KPEDU,antero,HorseDrinker,1790166609,TankPressure_1_HB,17285
2879576,2026-09-23 12:30:11.300729+00,KPEDU,antero,HorseDrinker,1790166609,TankPressure_2_HB,15895
2879577,2026-09-23 12:30:11.300729+00,KPEDU,antero,HorseDrinker,1790166609,BowlPressure_HB,10204
2832823,2026-09-22 05:20:10.734446+00,KPEDU,antero,HorseDrinker,1790054408,TankPressure_1_HB,15981
2832824,2026-09-22 05:20:10.734446+00,KPEDU,antero,HorseDrinker,1790054408,TankPressure_2_HB,16953
2832825,2026-09-22 05:20:10.734446+00,KPEDU,antero,HorseDrinker,1790054408,BowlPressure_HB,10252
2869969,2026-09-23 05:10:11.052685+00,KPEDU,antero,HorseDrinker,1790140209,TankPressure_1_HB,16067
2869970,2026-09-23 05:10:11.052685+00,KPEDU,antero,HorseDrinker,1790140209,TankPressure_2_HB,16325
2869971,2026-09-23 05:10:11.052685+00,KPEDU,antero,HorseDrinker,1790140209,BowlPressure_HB,10272
2834380,2026-09-22 06:10:10.758499+00,KPEDU,antero,HorseDrinker,1790057408,TankPressure_1_HB,15974
2834381,2026-09-22 06:10:10.758499+00,KPEDU,antero,HorseDrinker,1790057408,TankPressure_2_HB,16906
2834382,2026-09-22 06:10:10.758499+00,KPEDU,antero,HorseDrinker,1790057408,BowlPressure_HB,10263
2834557,2026-09-22 06:20:10.823319+00,KPEDU,antero,HorseDrinker,1790058008,TankPressure_1_HB,15990
2809058,2026-09-21 15:28:15.633691+00,KPEDU,antero,HorseDrinker,1790003985,TankPressure_1,16570
2809059,2026-09-21 15:28:15.633691+00,KPEDU,antero,HorseDrinker,1790003985,TankPressure_2,17549
2809060,2026-09-21 15:28:15.633691+00,KPEDU,antero,HorseDrinker,1790003985,BowlPressure,10507
2809061,2026-09-21 15:28:15.633691+00,KPEDU,antero,HorseDrinker,1790004073,TankPressure_1,15916
2809062,2026-09-21 15:28:15.633691+00,KPEDU,antero,HorseDrinker,1790004073,TankPressure_2,17523
2809063,2026-09-21 15:28:15.633691+00,KPEDU,antero,HorseDrinker,1790004073,BowlPressure,10383
2809064,2026-09-21 15:28:15.633691+00,KPEDU,antero,HorseDrinker,1790004493,TankPressure_1_HB,15572
2809065,2026-09-21 15:28:15.633691+00,KPEDU,antero,HorseDrinker,1790004493,TankPressure_2_HB,17268
2809066,2026-09-21 15:28:15.633691+00,KPEDU,antero,HorseDrinker,1790004493,BowlPressure_HB,10227
2809380,2026-09-21 15:41:30.669245+00,KPEDU,antero,HorseDrinker,1790005288,TankPressure_1_HB,17242
2809381,2026-09-21 15:41:30.669245+00,KPEDU,antero,HorseDrinker,1790005288,TankPressure_2_HB,17251
2809382,2026-09-21 15:41:30.669245+00,KPEDU,antero,HorseDrinker,1790005288,BowlPressure_HB,10221
2821213,2026-09-21 22:30:10.625013+00,KPEDU,antero,HorseDrinker,1790029808,TankPressure_1_HB,16051
2821214,2026-09-21 22:30:10.625013+00,KPEDU,antero,HorseDrinker,1790029808,TankPressure_2_HB,17228
2821215,2026-09-21 22:30:10.625013+00,KPEDU,antero,HorseDrinker,1790029808,BowlPressure_HB,10260
2810197,2026-09-21 16:10:10.65775+00,KPEDU,antero,HorseDrinker,1790007008,TankPressure_1_HB,18856
2810198,2026-09-21 16:10:10.65775+00,KPEDU,antero,HorseDrinker,1790007008,TankPressure_2_HB,18830
2810199,2026-09-21 16:10:10.65775+00,KPEDU,antero,HorseDrinker,1790007008,BowlPressure_HB,10064
2810388,2026-09-21 16:20:10.466968+00,KPEDU,antero,HorseDrinker,1790007158,TankPressure_1,16839
2810389,2026-09-21 16:20:10.466968+00,KPEDU,antero,HorseDrinker,1790007158,TankPressure_2,17506
2810390,2026-09-21 16:20:10.466968+00,KPEDU,antero,HorseDrinker,1790007158,BowlPressure,10290
2810391,2026-09-21 16:20:10.466968+00,KPEDU,antero,HorseDrinker,1790007250,TankPressure_1,15606
2810392,2026-09-21 16:20:10.466968+00,KPEDU,antero,HorseDrinker,1790007250,TankPressure_2,17502
2810393,2026-09-21 16:20:10.466968+00,KPEDU,antero,HorseDrinker,1790007250,BowlPressure,10281
2810394,2026-09-21 16:20:10.466968+00,KPEDU,antero,HorseDrinker,1790007301,TankPressure_1,17479
2810395,2026-09-21 16:20:10.466968+00,KPEDU,antero,HorseDrinker,1790007301,TankPressure_2,17506
2810396,2026-09-21 16:20:10.466968+00,KPEDU,antero,HorseDrinker,1790007301,BowlPressure,10281
2810397,2026-09-21 16:20:10.466968+00,KPEDU,antero,HorseDrinker,1790007608,TankPressure_1_HB,17162
2810398,2026-09-21 16:20:10.466968+00,KPEDU,antero,HorseDrinker,1790007608,TankPressure_2_HB,17243
2810399,2026-09-21 16:20:10.466968+00,KPEDU,antero,HorseDrinker,1790007608,BowlPressure_HB,10265
2821446,2026-09-21 22:40:10.598274+00,KPEDU,antero,HorseDrinker,1790030408,TankPressure_1_HB,15988
2821447,2026-09-21 22:40:10.598274+00,KPEDU,antero,HorseDrinker,1790030408,TankPressure_2_HB,17155
2821448,2026-09-21 22:40:10.598274+00,KPEDU,antero,HorseDrinker,1790030408,BowlPressure_HB,10253
2824965,2026-09-22 00:40:10.697169+00,KPEDU,antero,HorseDrinker,1790037608,TankPressure_1_HB,15999
2824966,2026-09-22 00:40:10.697169+00,KPEDU,antero,HorseDrinker,1790037608,TankPressure_2_HB,17111
2824967,2026-09-22 00:40:10.697169+00,KPEDU,antero,HorseDrinker,1790037608,BowlPressure_HB,10248
2811673,2026-09-21 17:00:10.471716+00,KPEDU,antero,HorseDrinker,1790010008,TankPressure_1_HB,16079
2811674,2026-09-21 17:00:10.471716+00,KPEDU,antero,HorseDrinker,1790010008,TankPressure_2_HB,17318
2811675,2026-09-21 17:00:10.471716+00,KPEDU,antero,HorseDrinker,1790010008,BowlPressure_HB,10258
2813749,2026-09-21 18:10:10.517489+00,KPEDU,antero,HorseDrinker,1790014208,TankPressure_1_HB,16123
2813750,2026-09-21 18:10:10.517489+00,KPEDU,antero,HorseDrinker,1790014208,TankPressure_2_HB,17422
2813751,2026-09-21 18:10:10.517489+00,KPEDU,antero,HorseDrinker,1790014208,BowlPressure_HB,10265
2813922,2026-09-21 18:20:10.476314+00,KPEDU,antero,HorseDrinker,1790014808,TankPressure_1_HB,16071
2813923,2026-09-21 18:20:10.476314+00,KPEDU,antero,HorseDrinker,1790014808,TankPressure_2_HB,17347
2813924,2026-09-21 18:20:10.476314+00,KPEDU,antero,HorseDrinker,1790014808,BowlPressure_HB,10266
2825150,2026-09-22 00:50:10.669108+00,KPEDU,antero,HorseDrinker,1790038208,TankPressure_1_HB,15978
2825151,2026-09-22 00:50:10.669108+00,KPEDU,antero,HorseDrinker,1790038208,TankPressure_2_HB,17093
2825152,2026-09-22 00:50:10.669108+00,KPEDU,antero,HorseDrinker,1790038208,BowlPressure_HB,10252
2822331,2026-09-21 23:10:10.626677+00,KPEDU,antero,HorseDrinker,1790032208,TankPressure_1_HB,16043
2822332,2026-09-21 23:10:10.626677+00,KPEDU,antero,HorseDrinker,1790032208,TankPressure_2_HB,17178
2822333,2026-09-21 23:10:10.626677+00,KPEDU,antero,HorseDrinker,1790032208,BowlPressure_HB,10252
2814103,2026-09-21 18:30:10.558505+00,KPEDU,antero,HorseDrinker,1790015408,TankPressure_1_HB,16044
2814104,2026-09-21 18:30:10.558505+00,KPEDU,antero,HorseDrinker,1790015408,TankPressure_2_HB,17314
2814105,2026-09-21 18:30:10.558505+00,KPEDU,antero,HorseDrinker,1790015408,BowlPressure_HB,10263
2822510,2026-09-21 23:20:10.600934+00,KPEDU,antero,HorseDrinker,1790032808,TankPressure_1_HB,16038
2822511,2026-09-21 23:20:10.600934+00,KPEDU,antero,HorseDrinker,1790032808,TankPressure_2_HB,17175
2822512,2026-09-21 23:20:10.600934+00,KPEDU,antero,HorseDrinker,1790032808,BowlPressure_HB,10257
2814618,2026-09-21 18:40:10.520558+00,KPEDU,antero,HorseDrinker,1790016008,TankPressure_1_HB,16058
2814619,2026-09-21 18:40:10.520558+00,KPEDU,antero,HorseDrinker,1790016008,TankPressure_2_HB,17335
2814620,2026-09-21 18:40:10.520558+00,KPEDU,antero,HorseDrinker,1790016008,BowlPressure_HB,10266
2815734,2026-09-21 19:20:10.536664+00,KPEDU,antero,HorseDrinker,1790018408,TankPressure_1_HB,16031
2815735,2026-09-21 19:20:10.536664+00,KPEDU,antero,HorseDrinker,1790018408,TankPressure_2_HB,17265
2815736,2026-09-21 19:20:10.536664+00,KPEDU,antero,HorseDrinker,1790018408,BowlPressure_HB,10271
2815919,2026-09-21 19:30:10.469299+00,KPEDU,antero,HorseDrinker,1790019008,TankPressure_1_HB,16059
2815920,2026-09-21 19:30:10.469299+00,KPEDU,antero,HorseDrinker,1790019008,TankPressure_2_HB,17319
2815921,2026-09-21 19:30:10.469299+00,KPEDU,antero,HorseDrinker,1790019008,BowlPressure_HB,10273
2823184,2026-09-21 23:40:10.663367+00,KPEDU,antero,HorseDrinker,1790034008,TankPressure_1_HB,16002
2823185,2026-09-21 23:40:10.663367+00,KPEDU,antero,HorseDrinker,1790034008,TankPressure_2_HB,17133
2816155,2026-09-21 19:40:10.586661+00,KPEDU,antero,HorseDrinker,1790019608,TankPressure_1_HB,16031
2816156,2026-09-21 19:40:10.586661+00,KPEDU,antero,HorseDrinker,1790019608,TankPressure_2_HB,17277
2816157,2026-09-21 19:40:10.586661+00,KPEDU,antero,HorseDrinker,1790019608,BowlPressure_HB,10266
2823186,2026-09-21 23:40:10.663367+00,KPEDU,antero,HorseDrinker,1790034008,BowlPressure_HB,10250
2817467,2026-09-21 20:20:10.548203+00,KPEDU,antero,HorseDrinker,1790022008,TankPressure_1_HB,16005
2817468,2026-09-21 20:20:10.548203+00,KPEDU,antero,HorseDrinker,1790022008,TankPressure_2_HB,17228
2817469,2026-09-21 20:20:10.548203+00,KPEDU,antero,HorseDrinker,1790022008,BowlPressure_HB,10267
2817648,2026-09-21 20:30:10.548668+00,KPEDU,antero,HorseDrinker,1790022608,TankPressure_1_HB,16059
2817649,2026-09-21 20:30:10.548668+00,KPEDU,antero,HorseDrinker,1790022608,TankPressure_2_HB,17270
2817650,2026-09-21 20:30:10.548668+00,KPEDU,antero,HorseDrinker,1790022608,BowlPressure_HB,10256
2818358,2026-09-21 20:50:10.581824+00,KPEDU,antero,HorseDrinker,1790023808,TankPressure_1_HB,16109
2818359,2026-09-21 20:50:10.581824+00,KPEDU,antero,HorseDrinker,1790023808,TankPressure_2_HB,17327
2818360,2026-09-21 20:50:10.581824+00,KPEDU,antero,HorseDrinker,1790023808,BowlPressure_HB,10257
2824263,2026-09-22 00:20:10.630566+00,KPEDU,antero,HorseDrinker,1790036408,TankPressure_1_HB,15993
2824264,2026-09-22 00:20:10.630566+00,KPEDU,antero,HorseDrinker,1790036408,TankPressure_2_HB,17118
2824265,2026-09-22 00:20:10.630566+00,KPEDU,antero,HorseDrinker,1790036408,BowlPressure_HB,10249
2819432,2026-09-21 21:30:10.557179+00,KPEDU,antero,HorseDrinker,1790026208,TankPressure_1_HB,16059
2819433,2026-09-21 21:30:10.557179+00,KPEDU,antero,HorseDrinker,1790026208,TankPressure_2_HB,17246
2819434,2026-09-21 21:30:10.557179+00,KPEDU,antero,HorseDrinker,1790026208,BowlPressure_HB,10256
2819684,2026-09-21 21:40:10.56763+00,KPEDU,antero,HorseDrinker,1790026808,TankPressure_1_HB,16017
2819685,2026-09-21 21:40:10.56763+00,KPEDU,antero,HorseDrinker,1790026808,TankPressure_2_HB,17207
2819686,2026-09-21 21:40:10.56763+00,KPEDU,antero,HorseDrinker,1790026808,BowlPressure_HB,10257
2824442,2026-09-22 00:30:10.603969+00,KPEDU,antero,HorseDrinker,1790037008,TankPressure_1_HB,16036
2824443,2026-09-22 00:30:10.603969+00,KPEDU,antero,HorseDrinker,1790037008,TankPressure_2_HB,17156
2824444,2026-09-22 00:30:10.603969+00,KPEDU,antero,HorseDrinker,1790037008,BowlPressure_HB,10253
2820569,2026-09-21 22:10:10.561859+00,KPEDU,antero,HorseDrinker,1790028608,TankPressure_1_HB,15997
2820570,2026-09-21 22:10:10.561859+00,KPEDU,antero,HorseDrinker,1790028608,TankPressure_2_HB,17180
2820571,2026-09-21 22:10:10.561859+00,KPEDU,antero,HorseDrinker,1790028608,BowlPressure_HB,10252
2826878,2026-09-22 01:50:10.696844+00,KPEDU,antero,HorseDrinker,1790041808,TankPressure_1_HB,16014
2826879,2026-09-22 01:50:10.696844+00,KPEDU,antero,HorseDrinker,1790041808,TankPressure_2_HB,17097
2826880,2026-09-22 01:50:10.696844+00,KPEDU,antero,HorseDrinker,1790041808,BowlPressure_HB,10252
2827053,2026-09-22 02:00:10.814568+00,KPEDU,antero,HorseDrinker,1790042408,TankPressure_1_HB,15985
2827054,2026-09-22 02:00:10.814568+00,KPEDU,antero,HorseDrinker,1790042408,TankPressure_2_HB,17044
2827055,2026-09-22 02:00:10.814568+00,KPEDU,antero,HorseDrinker,1790042408,BowlPressure_HB,10255
2827302,2026-09-22 02:10:10.668298+00,KPEDU,antero,HorseDrinker,1790043008,TankPressure_1_HB,16013
2827303,2026-09-22 02:10:10.668298+00,KPEDU,antero,HorseDrinker,1790043008,TankPressure_2_HB,17078
2827304,2026-09-22 02:10:10.668298+00,KPEDU,antero,HorseDrinker,1790043008,BowlPressure_HB,10258
2868403,2026-09-23 04:00:11.116422+00,KPEDU,antero,HorseDrinker,1790136009,TankPressure_1_HB,16111
2868404,2026-09-23 04:00:11.116422+00,KPEDU,antero,HorseDrinker,1790136009,TankPressure_2_HB,16382
2868405,2026-09-23 04:00:11.116422+00,KPEDU,antero,HorseDrinker,1790136009,BowlPressure_HB,10256
2829101,2026-09-22 03:10:10.895683+00,KPEDU,antero,HorseDrinker,1790046608,TankPressure_1_HB,16008
2829102,2026-09-22 03:10:10.895683+00,KPEDU,antero,HorseDrinker,1790046608,TankPressure_2_HB,17064
2829103,2026-09-22 03:10:10.895683+00,KPEDU,antero,HorseDrinker,1790046608,BowlPressure_HB,10259
2829363,2026-09-22 03:20:10.641199+00,KPEDU,antero,HorseDrinker,1790047208,TankPressure_1_HB,16016
2829364,2026-09-22 03:20:10.641199+00,KPEDU,antero,HorseDrinker,1790047208,TankPressure_2_HB,17053
2829365,2026-09-22 03:20:10.641199+00,KPEDU,antero,HorseDrinker,1790047208,BowlPressure_HB,10264
2879404,2026-09-23 12:20:11.304791+00,KPEDU,antero,HorseDrinker,1790166009,TankPressure_1_HB,17322
2879405,2026-09-23 12:20:11.304791+00,KPEDU,antero,HorseDrinker,1790166009,TankPressure_2_HB,15940
2879406,2026-09-23 12:20:11.304791+00,KPEDU,antero,HorseDrinker,1790166009,BowlPressure_HB,10222
2830175,2026-09-22 03:50:10.676931+00,KPEDU,antero,HorseDrinker,1790049008,TankPressure_1_HB,15969
2830176,2026-09-22 03:50:10.676931+00,KPEDU,antero,HorseDrinker,1790049008,TankPressure_2_HB,16975
2830177,2026-09-22 03:50:10.676931+00,KPEDU,antero,HorseDrinker,1790049008,BowlPressure_HB,10256
2881295,2026-09-23 13:50:11.369915+00,KPEDU,antero,HorseDrinker,1790171409,TankPressure_1_HB,17322
2881296,2026-09-23 13:50:11.369915+00,KPEDU,antero,HorseDrinker,1790171409,TankPressure_2_HB,15922
2881297,2026-09-23 13:50:11.369915+00,KPEDU,antero,HorseDrinker,1790171409,BowlPressure_HB,10207
2830886,2026-09-22 04:10:10.709669+00,KPEDU,antero,HorseDrinker,1790050208,TankPressure_1_HB,15969
2830887,2026-09-22 04:10:10.709669+00,KPEDU,antero,HorseDrinker,1790050208,TankPressure_2_HB,16968
2830888,2026-09-22 04:10:10.709669+00,KPEDU,antero,HorseDrinker,1790050208,BowlPressure_HB,10262
2869069,2026-09-23 04:30:11.154499+00,KPEDU,antero,HorseDrinker,1790137809,TankPressure_1_HB,16032
2869070,2026-09-23 04:30:11.154499+00,KPEDU,antero,HorseDrinker,1790137809,TankPressure_2_HB,16307
2869071,2026-09-23 04:30:11.154499+00,KPEDU,antero,HorseDrinker,1790137809,BowlPressure_HB,10269
2831528,2026-09-22 04:30:10.639037+00,KPEDU,antero,HorseDrinker,1790051408,TankPressure_1_HB,15979
2831529,2026-09-22 04:30:10.639037+00,KPEDU,antero,HorseDrinker,1790051408,TankPressure_2_HB,16965
2831530,2026-09-22 04:30:10.639037+00,KPEDU,antero,HorseDrinker,1790051408,BowlPressure_HB,10254
2869324,2026-09-23 04:40:11.318513+00,KPEDU,antero,HorseDrinker,1790138409,TankPressure_1_HB,16085
2869325,2026-09-23 04:40:11.318513+00,KPEDU,antero,HorseDrinker,1790138409,TankPressure_2_HB,16373
2869326,2026-09-23 04:40:11.318513+00,KPEDU,antero,HorseDrinker,1790138409,BowlPressure_HB,10271
2833035,2026-09-22 05:30:10.677297+00,KPEDU,antero,HorseDrinker,1790055008,TankPressure_1_HB,15959
2833036,2026-09-22 05:30:10.677297+00,KPEDU,antero,HorseDrinker,1790055008,TankPressure_2_HB,16894
2833037,2026-09-22 05:30:10.677297+00,KPEDU,antero,HorseDrinker,1790055008,BowlPressure_HB,10257
2833542,2026-09-22 05:40:10.688257+00,KPEDU,antero,HorseDrinker,1790055608,TankPressure_1_HB,15960
2833543,2026-09-22 05:40:10.688257+00,KPEDU,antero,HorseDrinker,1790055608,TankPressure_2_HB,16918
2833544,2026-09-22 05:40:10.688257+00,KPEDU,antero,HorseDrinker,1790055608,BowlPressure_HB,10252
2833727,2026-09-22 05:50:10.660396+00,KPEDU,antero,HorseDrinker,1790056208,TankPressure_1_HB,15951
2833728,2026-09-22 05:50:10.660396+00,KPEDU,antero,HorseDrinker,1790056208,TankPressure_2_HB,16895
2833729,2026-09-22 05:50:10.660396+00,KPEDU,antero,HorseDrinker,1790056208,BowlPressure_HB,10258
2833902,2026-09-22 06:00:10.7364+00,KPEDU,antero,HorseDrinker,1790056808,TankPressure_1_HB,15966
2833903,2026-09-22 06:00:10.7364+00,KPEDU,antero,HorseDrinker,1790056808,TankPressure_2_HB,16900
2833904,2026-09-22 06:00:10.7364+00,KPEDU,antero,HorseDrinker,1790056808,BowlPressure_HB,10252
2835244,2026-09-22 06:40:10.810617+00,KPEDU,antero,HorseDrinker,1790059208,TankPressure_1_HB,15989
2835245,2026-09-22 06:40:10.810617+00,KPEDU,antero,HorseDrinker,1790059208,TankPressure_2_HB,16890
2835246,2026-09-22 06:40:10.810617+00,KPEDU,antero,HorseDrinker,1790059208,BowlPressure_HB,10262
2835419,2026-09-22 06:50:10.714944+00,KPEDU,antero,HorseDrinker,1790059808,TankPressure_1_HB,16011
2834558,2026-09-22 06:20:10.823319+00,KPEDU,antero,HorseDrinker,1790058008,TankPressure_2_HB,16913
2834559,2026-09-22 06:20:10.823319+00,KPEDU,antero,HorseDrinker,1790058008,BowlPressure_HB,10260
2834738,2026-09-22 06:30:10.735702+00,KPEDU,antero,HorseDrinker,1790058608,TankPressure_1_HB,15997
2834739,2026-09-22 06:30:10.735702+00,KPEDU,antero,HorseDrinker,1790058608,TankPressure_2_HB,16910
2834740,2026-09-22 06:30:10.735702+00,KPEDU,antero,HorseDrinker,1790058608,BowlPressure_HB,10260
2870152,2026-09-23 05:20:11.119703+00,KPEDU,antero,HorseDrinker,1790140809,TankPressure_1_HB,16038
2870153,2026-09-23 05:20:11.119703+00,KPEDU,antero,HorseDrinker,1790140809,TankPressure_2_HB,16300
2870154,2026-09-23 05:20:11.119703+00,KPEDU,antero,HorseDrinker,1790140809,BowlPressure_HB,10267
2870428,2026-09-23 05:30:11.124781+00,KPEDU,antero,HorseDrinker,1790141409,TankPressure_1_HB,17249
2870429,2026-09-23 05:30:11.124781+00,KPEDU,antero,HorseDrinker,1790141409,TankPressure_2_HB,16282
2870430,2026-09-23 05:30:11.124781+00,KPEDU,antero,HorseDrinker,1790141409,BowlPressure_HB,10270
2835598,2026-09-22 07:00:10.782542+00,KPEDU,antero,HorseDrinker,1790060408,TankPressure_1_HB,15991
2835599,2026-09-22 07:00:10.782542+00,KPEDU,antero,HorseDrinker,1790060408,TankPressure_2_HB,16884
2835600,2026-09-22 07:00:10.782542+00,KPEDU,antero,HorseDrinker,1790060408,BowlPressure_HB,10269
2836134,2026-09-22 07:10:10.745101+00,KPEDU,antero,HorseDrinker,1790061008,TankPressure_1_HB,15979
2836135,2026-09-22 07:10:10.745101+00,KPEDU,antero,HorseDrinker,1790061008,TankPressure_2_HB,16865
2836136,2026-09-22 07:10:10.745101+00,KPEDU,antero,HorseDrinker,1790061008,BowlPressure_HB,10270
2836772,2026-09-22 07:40:10.760428+00,KPEDU,antero,HorseDrinker,1790062808,TankPressure_1_HB,15970
2836773,2026-09-22 07:40:10.760428+00,KPEDU,antero,HorseDrinker,1790062808,TankPressure_2_HB,16839
2836774,2026-09-22 07:40:10.760428+00,KPEDU,antero,HorseDrinker,1790062808,BowlPressure_HB,10271
2838925,2026-09-22 08:50:10.764382+00,KPEDU,antero,HorseDrinker,1790067008,TankPressure_1_HB,15967
2838926,2026-09-22 08:50:10.764382+00,KPEDU,antero,HorseDrinker,1790067008,TankPressure_2_HB,16807
2838927,2026-09-22 08:50:10.764382+00,KPEDU,antero,HorseDrinker,1790067008,BowlPressure_HB,10281
2839096,2026-09-22 09:00:10.704142+00,KPEDU,antero,HorseDrinker,1790067608,TankPressure_1_HB,15974
2839097,2026-09-22 09:00:10.704142+00,KPEDU,antero,HorseDrinker,1790067608,TankPressure_2_HB,16810
2839098,2026-09-22 09:00:10.704142+00,KPEDU,antero,HorseDrinker,1790067608,BowlPressure_HB,10278
2879862,2026-09-23 12:40:11.229316+00,KPEDU,antero,HorseDrinker,1790167209,TankPressure_1_HB,17295
2879863,2026-09-23 12:40:11.229316+00,KPEDU,antero,HorseDrinker,1790167209,TankPressure_2_HB,15902
2879864,2026-09-23 12:40:11.229316+00,KPEDU,antero,HorseDrinker,1790167209,BowlPressure_HB,10217
2839352,2026-09-22 09:10:10.727866+00,KPEDU,antero,HorseDrinker,1790068208,TankPressure_1_HB,15999
2839353,2026-09-22 09:10:10.727866+00,KPEDU,antero,HorseDrinker,1790068208,TankPressure_2_HB,16811
2839354,2026-09-22 09:10:10.727866+00,KPEDU,antero,HorseDrinker,1790068208,BowlPressure_HB,10289
2839642,2026-09-22 09:20:10.767945+00,KPEDU,antero,HorseDrinker,1790068808,TankPressure_1_HB,15961
2839643,2026-09-22 09:20:10.767945+00,KPEDU,antero,HorseDrinker,1790068808,TankPressure_2_HB,16779
2839644,2026-09-22 09:20:10.767945+00,KPEDU,antero,HorseDrinker,1790068808,BowlPressure_HB,10278
2871323,2026-09-23 06:10:11.107356+00,KPEDU,antero,HorseDrinker,1790143534,TankPressure_1,17560
2871324,2026-09-23 06:10:11.107356+00,KPEDU,antero,HorseDrinker,1790143534,TankPressure_2,16453
2871325,2026-09-23 06:10:11.107356+00,KPEDU,antero,HorseDrinker,1790143534,BowlPressure,10285
2871326,2026-09-23 06:10:11.107356+00,KPEDU,antero,HorseDrinker,1790143809,TankPressure_1_HB,17290
2871327,2026-09-23 06:10:11.107356+00,KPEDU,antero,HorseDrinker,1790143809,TankPressure_2_HB,16108
2871328,2026-09-23 06:10:11.107356+00,KPEDU,antero,HorseDrinker,1790143809,BowlPressure_HB,10275
2839980,2026-09-22 09:30:10.912545+00,KPEDU,antero,HorseDrinker,1790069408,TankPressure_1_HB,15989
2839981,2026-09-22 09:30:10.912545+00,KPEDU,antero,HorseDrinker,1790069408,TankPressure_2_HB,16800
2839982,2026-09-22 09:30:10.912545+00,KPEDU,antero,HorseDrinker,1790069408,BowlPressure_HB,10279
2871501,2026-09-23 06:20:11.050199+00,KPEDU,antero,HorseDrinker,1790144409,TankPressure_1_HB,17313
2871502,2026-09-23 06:20:11.050199+00,KPEDU,antero,HorseDrinker,1790144409,TankPressure_2_HB,15966
2871503,2026-09-23 06:20:11.050199+00,KPEDU,antero,HorseDrinker,1790144409,BowlPressure_HB,10282
2840226,2026-09-22 09:40:10.763275+00,KPEDU,antero,HorseDrinker,1790070008,TankPressure_1_HB,15994
2840227,2026-09-22 09:40:10.763275+00,KPEDU,antero,HorseDrinker,1790070008,TankPressure_2_HB,16802
2840228,2026-09-22 09:40:10.763275+00,KPEDU,antero,HorseDrinker,1790070008,BowlPressure_HB,10282
2840399,2026-09-22 09:50:10.837282+00,KPEDU,antero,HorseDrinker,1790070608,TankPressure_1_HB,15983
2840400,2026-09-22 09:50:10.837282+00,KPEDU,antero,HorseDrinker,1790070608,TankPressure_2_HB,16784
2840401,2026-09-22 09:50:10.837282+00,KPEDU,antero,HorseDrinker,1790070608,BowlPressure_HB,10278
2842101,2026-09-22 10:50:10.864371+00,KPEDU,antero,HorseDrinker,1790074208,TankPressure_1_HB,15995
2842102,2026-09-22 10:50:10.864371+00,KPEDU,antero,HorseDrinker,1790074208,TankPressure_2_HB,16788
2842103,2026-09-22 10:50:10.864371+00,KPEDU,antero,HorseDrinker,1790074208,BowlPressure_HB,10273
2871982,2026-09-23 06:40:11.272851+00,KPEDU,antero,HorseDrinker,1790145609,TankPressure_1_HB,17310
2871983,2026-09-23 06:40:11.272851+00,KPEDU,antero,HorseDrinker,1790145609,TankPressure_2_HB,15962
2871984,2026-09-23 06:40:11.272851+00,KPEDU,antero,HorseDrinker,1790145609,BowlPressure_HB,10281
2842451,2026-09-22 11:00:10.837022+00,KPEDU,antero,HorseDrinker,1790074808,TankPressure_1_HB,16010
2842452,2026-09-22 11:00:10.837022+00,KPEDU,antero,HorseDrinker,1790074808,TankPressure_2_HB,16791
2842453,2026-09-22 11:00:10.837022+00,KPEDU,antero,HorseDrinker,1790074808,BowlPressure_HB,10280
2843194,2026-09-22 11:30:10.736689+00,KPEDU,antero,HorseDrinker,1790076608,TankPressure_1_HB,16032
2843195,2026-09-22 11:30:10.736689+00,KPEDU,antero,HorseDrinker,1790076608,TankPressure_2_HB,16785
2843196,2026-09-22 11:30:10.736689+00,KPEDU,antero,HorseDrinker,1790076608,BowlPressure_HB,10277
2872371,2026-09-23 07:00:11.576354+00,KPEDU,antero,HorseDrinker,1790146809,TankPressure_1_HB,17325
2872372,2026-09-23 07:00:11.576354+00,KPEDU,antero,HorseDrinker,1790146809,TankPressure_2_HB,15983
2872373,2026-09-23 07:00:11.576354+00,KPEDU,antero,HorseDrinker,1790146809,BowlPressure_HB,10252
2843458,2026-09-22 11:40:10.811222+00,KPEDU,antero,HorseDrinker,1790077208,TankPressure_1_HB,15960
2843459,2026-09-22 11:40:10.811222+00,KPEDU,antero,HorseDrinker,1790077208,TankPressure_2_HB,16697
2843460,2026-09-22 11:40:10.811222+00,KPEDU,antero,HorseDrinker,1790077208,BowlPressure_HB,10275
2843627,2026-09-22 11:50:10.783614+00,KPEDU,antero,HorseDrinker,1790077808,TankPressure_1_HB,16027
2843628,2026-09-22 11:50:10.783614+00,KPEDU,antero,HorseDrinker,1790077808,TankPressure_2_HB,16761
2843629,2026-09-22 11:50:10.783614+00,KPEDU,antero,HorseDrinker,1790077808,BowlPressure_HB,10274
2843816,2026-09-22 12:00:10.765357+00,KPEDU,antero,HorseDrinker,1790078408,TankPressure_1_HB,15977
2843817,2026-09-22 12:00:10.765357+00,KPEDU,antero,HorseDrinker,1790078408,TankPressure_2_HB,16711
2843818,2026-09-22 12:00:10.765357+00,KPEDU,antero,HorseDrinker,1790078408,BowlPressure_HB,10282
2844365,2026-09-22 12:10:10.85179+00,KPEDU,antero,HorseDrinker,1790079008,TankPressure_1_HB,15987
2844366,2026-09-22 12:10:10.85179+00,KPEDU,antero,HorseDrinker,1790079008,TankPressure_2_HB,16724
2844367,2026-09-22 12:10:10.85179+00,KPEDU,antero,HorseDrinker,1790079008,BowlPressure_HB,10281
2844540,2026-09-22 12:20:10.78958+00,KPEDU,antero,HorseDrinker,1790079608,TankPressure_1_HB,16050
2844541,2026-09-22 12:20:10.78958+00,KPEDU,antero,HorseDrinker,1790079608,TankPressure_2_HB,16779
2844542,2026-09-22 12:20:10.78958+00,KPEDU,antero,HorseDrinker,1790079608,BowlPressure_HB,10283
2872620,2026-09-23 07:10:11.110522+00,KPEDU,antero,HorseDrinker,1790147409,TankPressure_1_HB,17284
2872621,2026-09-23 07:10:11.110522+00,KPEDU,antero,HorseDrinker,1790147409,TankPressure_2_HB,15941
2872622,2026-09-23 07:10:11.110522+00,KPEDU,antero,HorseDrinker,1790147409,BowlPressure_HB,10259
2844725,2026-09-22 12:30:10.765535+00,KPEDU,antero,HorseDrinker,1790080208,TankPressure_1_HB,16009
2844726,2026-09-22 12:30:10.765535+00,KPEDU,antero,HorseDrinker,1790080208,TankPressure_2_HB,16716
2844727,2026-09-22 12:30:10.765535+00,KPEDU,antero,HorseDrinker,1790080208,BowlPressure_HB,10287
2873471,2026-09-23 07:50:11.112352+00,KPEDU,antero,HorseDrinker,1790149809,TankPressure_1_HB,17324
2873472,2026-09-23 07:50:11.112352+00,KPEDU,antero,HorseDrinker,1790149809,TankPressure_2_HB,15959
2873473,2026-09-23 07:50:11.112352+00,KPEDU,antero,HorseDrinker,1790149809,BowlPressure_HB,10257
2847698,2026-09-22 14:20:10.859251+00,KPEDU,antero,HorseDrinker,1790086808,TankPressure_1_HB,15987
2847699,2026-09-22 14:20:10.859251+00,KPEDU,antero,HorseDrinker,1790086808,TankPressure_2_HB,16660
2847700,2026-09-22 14:20:10.859251+00,KPEDU,antero,HorseDrinker,1790086808,BowlPressure_HB,10287
2848574,2026-09-22 14:50:10.839269+00,KPEDU,antero,HorseDrinker,1790088608,TankPressure_1_HB,16035
2848575,2026-09-22 14:50:10.839269+00,KPEDU,antero,HorseDrinker,1790088608,TankPressure_2_HB,16694
2848576,2026-09-22 14:50:10.839269+00,KPEDU,antero,HorseDrinker,1790088608,BowlPressure_HB,10291
2848765,2026-09-22 15:00:10.88237+00,KPEDU,antero,HorseDrinker,1790089208,TankPressure_1_HB,16008
2848766,2026-09-22 15:00:10.88237+00,KPEDU,antero,HorseDrinker,1790089208,TankPressure_2_HB,16668
2848767,2026-09-22 15:00:10.88237+00,KPEDU,antero,HorseDrinker,1790089208,BowlPressure_HB,10282
2849440,2026-09-22 15:20:10.825194+00,KPEDU,antero,HorseDrinker,1790090408,TankPressure_1_HB,16020
2849441,2026-09-22 15:20:10.825194+00,KPEDU,antero,HorseDrinker,1790090408,TankPressure_2_HB,16652
2849442,2026-09-22 15:20:10.825194+00,KPEDU,antero,HorseDrinker,1790090408,BowlPressure_HB,10283
2874083,2026-09-23 08:20:11.157398+00,KPEDU,antero,HorseDrinker,1790151609,TankPressure_1_HB,17337
2874084,2026-09-23 08:20:11.157398+00,KPEDU,antero,HorseDrinker,1790151609,TankPressure_2_HB,15992
2874085,2026-09-23 08:20:11.157398+00,KPEDU,antero,HorseDrinker,1790151609,BowlPressure_HB,10256
2874272,2026-09-23 08:30:11.219236+00,KPEDU,antero,HorseDrinker,1790152209,TankPressure_1_HB,17322
2874273,2026-09-23 08:30:11.219236+00,KPEDU,antero,HorseDrinker,1790152209,TankPressure_2_HB,15981
2874274,2026-09-23 08:30:11.219236+00,KPEDU,antero,HorseDrinker,1790152209,BowlPressure_HB,10257
2850725,2026-09-22 16:10:10.906315+00,KPEDU,antero,HorseDrinker,1790093408,TankPressure_1_HB,16026
2850726,2026-09-22 16:10:10.906315+00,KPEDU,antero,HorseDrinker,1790093408,TankPressure_2_HB,16629
2850727,2026-09-22 16:10:10.906315+00,KPEDU,antero,HorseDrinker,1790093408,BowlPressure_HB,10276
2850950,2026-09-22 16:20:11.073969+00,KPEDU,antero,HorseDrinker,1790094008,TankPressure_1_HB,16078
2850951,2026-09-22 16:20:11.073969+00,KPEDU,antero,HorseDrinker,1790094008,TankPressure_2_HB,16682
2850952,2026-09-22 16:20:11.073969+00,KPEDU,antero,HorseDrinker,1790094008,BowlPressure_HB,10264
2851616,2026-09-22 16:40:10.855595+00,KPEDU,antero,HorseDrinker,1790095208,TankPressure_1_HB,16067
2851617,2026-09-22 16:40:10.855595+00,KPEDU,antero,HorseDrinker,1790095208,TankPressure_2_HB,16666
2851618,2026-09-22 16:40:10.855595+00,KPEDU,antero,HorseDrinker,1790095208,BowlPressure_HB,10255
2874694,2026-09-23 08:50:11.159365+00,KPEDU,antero,HorseDrinker,1790153409,TankPressure_1_HB,17315
2874695,2026-09-23 08:50:11.159365+00,KPEDU,antero,HorseDrinker,1790153409,TankPressure_2_HB,15965
2874696,2026-09-23 08:50:11.159365+00,KPEDU,antero,HorseDrinker,1790153409,BowlPressure_HB,10227
2851809,2026-09-22 16:50:10.881078+00,KPEDU,antero,HorseDrinker,1790095808,TankPressure_1_HB,16038
2851810,2026-09-22 16:50:10.881078+00,KPEDU,antero,HorseDrinker,1790095808,TankPressure_2_HB,16639
2851811,2026-09-22 16:50:10.881078+00,KPEDU,antero,HorseDrinker,1790095808,BowlPressure_HB,10269
2852183,2026-09-22 17:00:10.901117+00,KPEDU,antero,HorseDrinker,1790096408,TankPressure_1_HB,16068
2852184,2026-09-22 17:00:10.901117+00,KPEDU,antero,HorseDrinker,1790096408,TankPressure_2_HB,16648
2852185,2026-09-22 17:00:10.901117+00,KPEDU,antero,HorseDrinker,1790096408,BowlPressure_HB,10271
2874873,2026-09-23 09:00:11.209364+00,KPEDU,antero,HorseDrinker,1790154009,TankPressure_1_HB,17301
2874874,2026-09-23 09:00:11.209364+00,KPEDU,antero,HorseDrinker,1790154009,TankPressure_2_HB,15959
2874875,2026-09-23 09:00:11.209364+00,KPEDU,antero,HorseDrinker,1790154009,BowlPressure_HB,10224
2852442,2026-09-22 17:10:10.876319+00,KPEDU,antero,HorseDrinker,1790097008,TankPressure_1_HB,16116
2852443,2026-09-22 17:10:10.876319+00,KPEDU,antero,HorseDrinker,1790097008,TankPressure_2_HB,16705
2852444,2026-09-22 17:10:10.876319+00,KPEDU,antero,HorseDrinker,1790097008,BowlPressure_HB,10268
2853328,2026-09-22 17:40:10.861061+00,KPEDU,antero,HorseDrinker,1790098809,TankPressure_1_HB,16019
2853329,2026-09-22 17:40:10.861061+00,KPEDU,antero,HorseDrinker,1790098809,TankPressure_2_HB,16592
2853330,2026-09-22 17:40:10.861061+00,KPEDU,antero,HorseDrinker,1790098809,BowlPressure_HB,10257
2875300,2026-09-23 09:20:11.159796+00,KPEDU,antero,HorseDrinker,1790155209,TankPressure_1_HB,17330
2875301,2026-09-23 09:20:11.159796+00,KPEDU,antero,HorseDrinker,1790155209,TankPressure_2_HB,15984
2875302,2026-09-23 09:20:11.159796+00,KPEDU,antero,HorseDrinker,1790155209,BowlPressure_HB,10228
2853515,2026-09-22 17:50:10.844565+00,KPEDU,antero,HorseDrinker,1790099409,TankPressure_1_HB,16071
2853516,2026-09-22 17:50:10.844565+00,KPEDU,antero,HorseDrinker,1790099409,TankPressure_2_HB,16634
2853517,2026-09-22 17:50:10.844565+00,KPEDU,antero,HorseDrinker,1790099409,BowlPressure_HB,10257
2853965,2026-09-22 18:00:10.928147+00,KPEDU,antero,HorseDrinker,1790100009,TankPressure_1_HB,16036
2853966,2026-09-22 18:00:10.928147+00,KPEDU,antero,HorseDrinker,1790100009,TankPressure_2_HB,16585
2853967,2026-09-22 18:00:10.928147+00,KPEDU,antero,HorseDrinker,1790100009,BowlPressure_HB,10265
2855118,2026-09-22 18:40:10.91867+00,KPEDU,antero,HorseDrinker,1790102409,TankPressure_1_HB,16061
2835420,2026-09-22 06:50:10.714944+00,KPEDU,antero,HorseDrinker,1790059808,TankPressure_2_HB,16899
2835421,2026-09-22 06:50:10.714944+00,KPEDU,antero,HorseDrinker,1790059808,BowlPressure_HB,10266
2836353,2026-09-22 07:20:10.703609+00,KPEDU,antero,HorseDrinker,1790061608,TankPressure_1_HB,15948
2836354,2026-09-22 07:20:10.703609+00,KPEDU,antero,HorseDrinker,1790061608,TankPressure_2_HB,16823
2836355,2026-09-22 07:20:10.703609+00,KPEDU,antero,HorseDrinker,1790061608,BowlPressure_HB,10270
2836534,2026-09-22 07:30:10.698172+00,KPEDU,antero,HorseDrinker,1790062208,TankPressure_1_HB,15967
2836535,2026-09-22 07:30:10.698172+00,KPEDU,antero,HorseDrinker,1790062208,TankPressure_2_HB,16853
2836536,2026-09-22 07:30:10.698172+00,KPEDU,antero,HorseDrinker,1790062208,BowlPressure_HB,10270
2837226,2026-09-22 07:50:10.726139+00,KPEDU,antero,HorseDrinker,1790063408,TankPressure_1_HB,15999
2837227,2026-09-22 07:50:10.726139+00,KPEDU,antero,HorseDrinker,1790063408,TankPressure_2_HB,16872
2837228,2026-09-22 07:50:10.726139+00,KPEDU,antero,HorseDrinker,1790063408,BowlPressure_HB,10276
2870672,2026-09-23 05:40:11.068848+00,KPEDU,antero,HorseDrinker,1790142009,TankPressure_1_HB,17199
2870673,2026-09-23 05:40:11.068848+00,KPEDU,antero,HorseDrinker,1790142009,TankPressure_2_HB,16221
2870674,2026-09-23 05:40:11.068848+00,KPEDU,antero,HorseDrinker,1790142009,BowlPressure_HB,10269
2837391,2026-09-22 08:00:10.815196+00,KPEDU,antero,HorseDrinker,1790064008,TankPressure_1_HB,16005
2837392,2026-09-22 08:00:10.815196+00,KPEDU,antero,HorseDrinker,1790064008,TankPressure_2_HB,16886
2837393,2026-09-22 08:00:10.815196+00,KPEDU,antero,HorseDrinker,1790064008,BowlPressure_HB,10270
2837636,2026-09-22 08:10:10.891341+00,KPEDU,antero,HorseDrinker,1790064608,TankPressure_1_HB,16023
2837637,2026-09-22 08:10:10.891341+00,KPEDU,antero,HorseDrinker,1790064608,TankPressure_2_HB,16888
2837638,2026-09-22 08:10:10.891341+00,KPEDU,antero,HorseDrinker,1790064608,BowlPressure_HB,10269
2870855,2026-09-23 05:50:11.052399+00,KPEDU,antero,HorseDrinker,1790142609,TankPressure_1_HB,17268
2870856,2026-09-23 05:50:11.052399+00,KPEDU,antero,HorseDrinker,1790142609,TankPressure_2_HB,16257
2870857,2026-09-23 05:50:11.052399+00,KPEDU,antero,HorseDrinker,1790142609,BowlPressure_HB,10269
2838066,2026-09-22 08:20:10.887738+00,KPEDU,antero,HorseDrinker,1790065208,TankPressure_1_HB,15991
2838067,2026-09-22 08:20:10.887738+00,KPEDU,antero,HorseDrinker,1790065208,TankPressure_2_HB,16850
2838068,2026-09-22 08:20:10.887738+00,KPEDU,antero,HorseDrinker,1790065208,BowlPressure_HB,10272
2838253,2026-09-22 08:30:10.873964+00,KPEDU,antero,HorseDrinker,1790065808,TankPressure_1_HB,15949
2838254,2026-09-22 08:30:10.873964+00,KPEDU,antero,HorseDrinker,1790065808,TankPressure_2_HB,16790
2838255,2026-09-22 08:30:10.873964+00,KPEDU,antero,HorseDrinker,1790065808,BowlPressure_HB,10276
2838459,2026-09-22 08:40:10.701471+00,KPEDU,antero,HorseDrinker,1790066408,TankPressure_1_HB,16011
2838460,2026-09-22 08:40:10.701471+00,KPEDU,antero,HorseDrinker,1790066408,TankPressure_2_HB,16849
2871072,2026-09-23 06:00:11.117972+00,KPEDU,antero,HorseDrinker,1790143209,TankPressure_1_HB,17316
2871073,2026-09-23 06:00:11.117972+00,KPEDU,antero,HorseDrinker,1790143209,TankPressure_2_HB,16289
2871074,2026-09-23 06:00:11.117972+00,KPEDU,antero,HorseDrinker,1790143209,BowlPressure_HB,10264
2838461,2026-09-22 08:40:10.701471+00,KPEDU,antero,HorseDrinker,1790066408,BowlPressure_HB,10279
2840809,2026-09-22 10:00:10.793692+00,KPEDU,antero,HorseDrinker,1790071208,TankPressure_1_HB,16005
2840810,2026-09-22 10:00:10.793692+00,KPEDU,antero,HorseDrinker,1790071208,TankPressure_2_HB,16814
2840811,2026-09-22 10:00:10.793692+00,KPEDU,antero,HorseDrinker,1790071208,BowlPressure_HB,10268
2841057,2026-09-22 10:10:10.640903+00,KPEDU,antero,HorseDrinker,1790071808,TankPressure_1_HB,16053
2841058,2026-09-22 10:10:10.640903+00,KPEDU,antero,HorseDrinker,1790071808,TankPressure_2_HB,16845
2841059,2026-09-22 10:10:10.640903+00,KPEDU,antero,HorseDrinker,1790071808,BowlPressure_HB,10275
2871752,2026-09-23 06:30:11.022011+00,KPEDU,antero,HorseDrinker,1790145009,TankPressure_1_HB,17318
2871753,2026-09-23 06:30:11.022011+00,KPEDU,antero,HorseDrinker,1790145009,TankPressure_2_HB,15981
2871754,2026-09-23 06:30:11.022011+00,KPEDU,antero,HorseDrinker,1790145009,BowlPressure_HB,10284
2841236,2026-09-22 10:20:14.220647+00,KPEDU,antero,HorseDrinker,1790072408,TankPressure_1_HB,15990
2841237,2026-09-22 10:20:14.220647+00,KPEDU,antero,HorseDrinker,1790072408,TankPressure_2_HB,16809
2841238,2026-09-22 10:20:14.220647+00,KPEDU,antero,HorseDrinker,1790072408,BowlPressure_HB,10284
2841692,2026-09-22 10:30:10.702519+00,KPEDU,antero,HorseDrinker,1790073008,TankPressure_1_HB,15961
2841693,2026-09-22 10:30:10.702519+00,KPEDU,antero,HorseDrinker,1790073008,TankPressure_2_HB,16746
2841694,2026-09-22 10:30:10.702519+00,KPEDU,antero,HorseDrinker,1790073008,BowlPressure_HB,10275
2841922,2026-09-22 10:40:10.888126+00,KPEDU,antero,HorseDrinker,1790073608,TankPressure_1_HB,15965
2841923,2026-09-22 10:40:10.888126+00,KPEDU,antero,HorseDrinker,1790073608,TankPressure_2_HB,16743
2841924,2026-09-22 10:40:10.888126+00,KPEDU,antero,HorseDrinker,1790073608,BowlPressure_HB,10280
2872173,2026-09-23 06:50:11.076472+00,KPEDU,antero,HorseDrinker,1790146209,TankPressure_1_HB,17275
2872174,2026-09-23 06:50:11.076472+00,KPEDU,antero,HorseDrinker,1790146209,TankPressure_2_HB,15933
2872175,2026-09-23 06:50:11.076472+00,KPEDU,antero,HorseDrinker,1790146209,BowlPressure_HB,10285
2842701,2026-09-22 11:10:10.804572+00,KPEDU,antero,HorseDrinker,1790075408,TankPressure_1_HB,16005
2842702,2026-09-22 11:10:10.804572+00,KPEDU,antero,HorseDrinker,1790075408,TankPressure_2_HB,16755
2842703,2026-09-22 11:10:10.804572+00,KPEDU,antero,HorseDrinker,1790075408,BowlPressure_HB,10279
2842886,2026-09-22 11:20:10.774009+00,KPEDU,antero,HorseDrinker,1790076008,TankPressure_1_HB,16010
2842887,2026-09-22 11:20:10.774009+00,KPEDU,antero,HorseDrinker,1790076008,TankPressure_2_HB,16770
2842888,2026-09-22 11:20:10.774009+00,KPEDU,antero,HorseDrinker,1790076008,BowlPressure_HB,10279
2880033,2026-09-23 12:50:11.324183+00,KPEDU,antero,HorseDrinker,1790167809,TankPressure_1_HB,17294
2880034,2026-09-23 12:50:11.324183+00,KPEDU,antero,HorseDrinker,1790167809,TankPressure_2_HB,15904
2880035,2026-09-23 12:50:11.324183+00,KPEDU,antero,HorseDrinker,1790167809,BowlPressure_HB,10217
2845096,2026-09-22 12:40:10.768421+00,KPEDU,antero,HorseDrinker,1790080808,TankPressure_1_HB,16024
2845097,2026-09-22 12:40:10.768421+00,KPEDU,antero,HorseDrinker,1790080808,TankPressure_2_HB,16749
2845098,2026-09-22 12:40:10.768421+00,KPEDU,antero,HorseDrinker,1790080808,BowlPressure_HB,10284
2845283,2026-09-22 12:50:10.853077+00,KPEDU,antero,HorseDrinker,1790081408,TankPressure_1_HB,15974
2845284,2026-09-22 12:50:10.853077+00,KPEDU,antero,HorseDrinker,1790081408,TankPressure_2_HB,16680
2845285,2026-09-22 12:50:10.853077+00,KPEDU,antero,HorseDrinker,1790081408,BowlPressure_HB,10290
2872791,2026-09-23 07:20:11.081083+00,KPEDU,antero,HorseDrinker,1790148009,TankPressure_1_HB,17336
2872792,2026-09-23 07:20:11.081083+00,KPEDU,antero,HorseDrinker,1790148009,TankPressure_2_HB,15991
2872793,2026-09-23 07:20:11.081083+00,KPEDU,antero,HorseDrinker,1790148009,BowlPressure_HB,10254
2845460,2026-09-22 13:00:10.803403+00,KPEDU,antero,HorseDrinker,1790082008,TankPressure_1_HB,16039
2845461,2026-09-22 13:00:10.803403+00,KPEDU,antero,HorseDrinker,1790082008,TankPressure_2_HB,16743
2845462,2026-09-22 13:00:10.803403+00,KPEDU,antero,HorseDrinker,1790082008,BowlPressure_HB,10282
2880220,2026-09-23 13:00:11.208035+00,KPEDU,antero,HorseDrinker,1790168409,TankPressure_1_HB,17316
2880221,2026-09-23 13:00:11.208035+00,KPEDU,antero,HorseDrinker,1790168409,TankPressure_2_HB,15916
2880222,2026-09-23 13:00:11.208035+00,KPEDU,antero,HorseDrinker,1790168409,BowlPressure_HB,10215
2846006,2026-09-22 13:10:10.766642+00,KPEDU,antero,HorseDrinker,1790082608,TankPressure_1_HB,16020
2846007,2026-09-22 13:10:10.766642+00,KPEDU,antero,HorseDrinker,1790082608,TankPressure_2_HB,16726
2846008,2026-09-22 13:10:10.766642+00,KPEDU,antero,HorseDrinker,1790082608,BowlPressure_HB,10281
2846183,2026-09-22 13:20:10.755561+00,KPEDU,antero,HorseDrinker,1790083208,TankPressure_1_HB,15978
2846184,2026-09-22 13:20:10.755561+00,KPEDU,antero,HorseDrinker,1790083208,TankPressure_2_HB,16671
2846185,2026-09-22 13:20:10.755561+00,KPEDU,antero,HorseDrinker,1790083208,BowlPressure_HB,10281
2872991,2026-09-23 07:30:11.104597+00,KPEDU,antero,HorseDrinker,1790148609,TankPressure_1_HB,17332
2872992,2026-09-23 07:30:11.104597+00,KPEDU,antero,HorseDrinker,1790148609,TankPressure_2_HB,15968
2872993,2026-09-23 07:30:11.104597+00,KPEDU,antero,HorseDrinker,1790148609,BowlPressure_HB,10253
2846364,2026-09-22 13:30:10.828938+00,KPEDU,antero,HorseDrinker,1790083808,TankPressure_1_HB,16005
2846365,2026-09-22 13:30:10.828938+00,KPEDU,antero,HorseDrinker,1790083808,TankPressure_2_HB,16687
2846366,2026-09-22 13:30:10.828938+00,KPEDU,antero,HorseDrinker,1790083808,BowlPressure_HB,10283
2846750,2026-09-22 13:40:10.820547+00,KPEDU,antero,HorseDrinker,1790084408,TankPressure_1_HB,16026
2846751,2026-09-22 13:40:10.820547+00,KPEDU,antero,HorseDrinker,1790084408,TankPressure_2_HB,16696
2846752,2026-09-22 13:40:10.820547+00,KPEDU,antero,HorseDrinker,1790084408,BowlPressure_HB,10285
2846937,2026-09-22 13:50:10.907299+00,KPEDU,antero,HorseDrinker,1790085008,TankPressure_1_HB,16065
2846938,2026-09-22 13:50:10.907299+00,KPEDU,antero,HorseDrinker,1790085008,TankPressure_2_HB,16725
2846939,2026-09-22 13:50:10.907299+00,KPEDU,antero,HorseDrinker,1790085008,BowlPressure_HB,10282
2873278,2026-09-23 07:40:11.168879+00,KPEDU,antero,HorseDrinker,1790149209,TankPressure_1_HB,17330
2873279,2026-09-23 07:40:11.168879+00,KPEDU,antero,HorseDrinker,1790149209,TankPressure_2_HB,15978
2873280,2026-09-23 07:40:11.168879+00,KPEDU,antero,HorseDrinker,1790149209,BowlPressure_HB,10252
2847102,2026-09-22 14:00:11.149355+00,KPEDU,antero,HorseDrinker,1790085608,TankPressure_1_HB,16022
2847103,2026-09-22 14:00:11.149355+00,KPEDU,antero,HorseDrinker,1790085608,TankPressure_2_HB,16681
2847104,2026-09-22 14:00:11.149355+00,KPEDU,antero,HorseDrinker,1790085608,BowlPressure_HB,10278
2847381,2026-09-22 14:10:10.840048+00,KPEDU,antero,HorseDrinker,1790086208,TankPressure_1_HB,16022
2847382,2026-09-22 14:10:10.840048+00,KPEDU,antero,HorseDrinker,1790086208,TankPressure_2_HB,16680
2847383,2026-09-22 14:10:10.840048+00,KPEDU,antero,HorseDrinker,1790086208,BowlPressure_HB,10290
2847889,2026-09-22 14:30:10.880196+00,KPEDU,antero,HorseDrinker,1790087408,TankPressure_1_HB,16055
2847890,2026-09-22 14:30:10.880196+00,KPEDU,antero,HorseDrinker,1790087408,TankPressure_2_HB,16700
2847891,2026-09-22 14:30:10.880196+00,KPEDU,antero,HorseDrinker,1790087408,BowlPressure_HB,10284
2873644,2026-09-23 08:00:11.215447+00,KPEDU,antero,HorseDrinker,1790150409,TankPressure_1_HB,17260
2873645,2026-09-23 08:00:11.215447+00,KPEDU,antero,HorseDrinker,1790150409,TankPressure_2_HB,15929
2873646,2026-09-23 08:00:11.215447+00,KPEDU,antero,HorseDrinker,1790150409,BowlPressure_HB,10265
2848122,2026-09-22 14:40:10.840764+00,KPEDU,antero,HorseDrinker,1790088008,TankPressure_1_HB,15984
2848123,2026-09-22 14:40:10.840764+00,KPEDU,antero,HorseDrinker,1790088008,TankPressure_2_HB,16618
2848124,2026-09-22 14:40:10.840764+00,KPEDU,antero,HorseDrinker,1790088008,BowlPressure_HB,10284
2873902,2026-09-23 08:10:11.17692+00,KPEDU,antero,HorseDrinker,1790151009,TankPressure_1_HB,17312
2873903,2026-09-23 08:10:11.17692+00,KPEDU,antero,HorseDrinker,1790151009,TankPressure_2_HB,15965
2873904,2026-09-23 08:10:11.17692+00,KPEDU,antero,HorseDrinker,1790151009,BowlPressure_HB,10252
2848983,2026-09-22 15:10:10.880696+00,KPEDU,antero,HorseDrinker,1790089808,TankPressure_1_HB,16075
2848984,2026-09-22 15:10:10.880696+00,KPEDU,antero,HorseDrinker,1790089808,TankPressure_2_HB,16723
2848985,2026-09-22 15:10:10.880696+00,KPEDU,antero,HorseDrinker,1790089808,BowlPressure_HB,10284
2849605,2026-09-22 15:30:11.075841+00,KPEDU,antero,HorseDrinker,1790091008,TankPressure_1_HB,16040
2849606,2026-09-22 15:30:11.075841+00,KPEDU,antero,HorseDrinker,1790091008,TankPressure_2_HB,16664
2849607,2026-09-22 15:30:11.075841+00,KPEDU,antero,HorseDrinker,1790091008,BowlPressure_HB,10278
2849867,2026-09-22 15:40:10.895136+00,KPEDU,antero,HorseDrinker,1790091608,TankPressure_1_HB,16101
2849868,2026-09-22 15:40:10.895136+00,KPEDU,antero,HorseDrinker,1790091608,TankPressure_2_HB,16742
2849869,2026-09-22 15:40:10.895136+00,KPEDU,antero,HorseDrinker,1790091608,BowlPressure_HB,10280
2850296,2026-09-22 15:50:10.860428+00,KPEDU,antero,HorseDrinker,1790092208,TankPressure_1_HB,16067
2850297,2026-09-22 15:50:10.860428+00,KPEDU,antero,HorseDrinker,1790092208,TankPressure_2_HB,16685
2850298,2026-09-22 15:50:10.860428+00,KPEDU,antero,HorseDrinker,1790092208,BowlPressure_HB,10275
2850475,2026-09-22 16:00:10.848233+00,KPEDU,antero,HorseDrinker,1790092808,TankPressure_1_HB,16021
2850476,2026-09-22 16:00:10.848233+00,KPEDU,antero,HorseDrinker,1790092808,TankPressure_2_HB,16635
2850477,2026-09-22 16:00:10.848233+00,KPEDU,antero,HorseDrinker,1790092808,BowlPressure_HB,10280
2874494,2026-09-23 08:40:11.29966+00,KPEDU,antero,HorseDrinker,1790152809,TankPressure_1_HB,17345
2874495,2026-09-23 08:40:11.29966+00,KPEDU,antero,HorseDrinker,1790152809,TankPressure_2_HB,15992
2874496,2026-09-23 08:40:11.29966+00,KPEDU,antero,HorseDrinker,1790152809,BowlPressure_HB,10235
2851376,2026-09-22 16:30:11.041088+00,KPEDU,antero,HorseDrinker,1790094608,TankPressure_1_HB,16100
2851377,2026-09-22 16:30:11.041088+00,KPEDU,antero,HorseDrinker,1790094608,TankPressure_2_HB,16710
2851378,2026-09-22 16:30:11.041088+00,KPEDU,antero,HorseDrinker,1790094608,BowlPressure_HB,10268
2880507,2026-09-23 13:10:11.284847+00,KPEDU,antero,HorseDrinker,1790169009,TankPressure_1_HB,17311
2880508,2026-09-23 13:10:11.284847+00,KPEDU,antero,HorseDrinker,1790169009,TankPressure_2_HB,15907
2880509,2026-09-23 13:10:11.284847+00,KPEDU,antero,HorseDrinker,1790169009,BowlPressure_HB,10207
2852613,2026-09-22 17:20:11.071778+00,KPEDU,antero,HorseDrinker,1790097608,TankPressure_1_HB,16045
2852614,2026-09-22 17:20:11.071778+00,KPEDU,antero,HorseDrinker,1790097608,TankPressure_2_HB,16627
2852615,2026-09-22 17:20:11.071778+00,KPEDU,antero,HorseDrinker,1790097608,BowlPressure_HB,10262
2875092,2026-09-23 09:10:11.203492+00,KPEDU,antero,HorseDrinker,1790154609,TankPressure_1_HB,17294
2875093,2026-09-23 09:10:11.203492+00,KPEDU,antero,HorseDrinker,1790154609,TankPressure_2_HB,15930
2875094,2026-09-23 09:10:11.203492+00,KPEDU,antero,HorseDrinker,1790154609,BowlPressure_HB,10224
2853086,2026-09-22 17:30:11.113697+00,KPEDU,antero,HorseDrinker,1790098209,TankPressure_1_HB,16128
2855119,2026-09-22 18:40:10.91867+00,KPEDU,antero,HorseDrinker,1790102409,TankPressure_2_HB,16579
2855120,2026-09-22 18:40:10.91867+00,KPEDU,antero,HorseDrinker,1790102409,BowlPressure_HB,10258
2855305,2026-09-22 18:50:10.90822+00,KPEDU,antero,HorseDrinker,1790103009,TankPressure_1_HB,16107
2855306,2026-09-22 18:50:10.90822+00,KPEDU,antero,HorseDrinker,1790103009,TankPressure_2_HB,16616
2855307,2026-09-22 18:50:10.90822+00,KPEDU,antero,HorseDrinker,1790103009,BowlPressure_HB,10254
2855470,2026-09-22 19:00:10.975497+00,KPEDU,antero,HorseDrinker,1790103609,TankPressure_1_HB,16110
2855471,2026-09-22 19:00:10.975497+00,KPEDU,antero,HorseDrinker,1790103609,TankPressure_2_HB,16613
2855472,2026-09-22 19:00:10.975497+00,KPEDU,antero,HorseDrinker,1790103609,BowlPressure_HB,10258
2875745,2026-09-23 09:40:11.235675+00,KPEDU,antero,HorseDrinker,1790156409,TankPressure_1_HB,17319
2875746,2026-09-23 09:40:11.235675+00,KPEDU,antero,HorseDrinker,1790156409,TankPressure_2_HB,15969
2875747,2026-09-23 09:40:11.235675+00,KPEDU,antero,HorseDrinker,1790156409,BowlPressure_HB,10221
2856003,2026-09-22 19:10:10.958101+00,KPEDU,antero,HorseDrinker,1790104209,TankPressure_1_HB,16110
2856004,2026-09-22 19:10:10.958101+00,KPEDU,antero,HorseDrinker,1790104209,TankPressure_2_HB,16622
2856005,2026-09-22 19:10:10.958101+00,KPEDU,antero,HorseDrinker,1790104209,BowlPressure_HB,10249
2856166,2026-09-22 19:20:11.08168+00,KPEDU,antero,HorseDrinker,1790104809,TankPressure_1_HB,16044
2856167,2026-09-22 19:20:11.08168+00,KPEDU,antero,HorseDrinker,1790104809,TankPressure_2_HB,16564
2856168,2026-09-22 19:20:11.08168+00,KPEDU,antero,HorseDrinker,1790104809,BowlPressure_HB,10253
2856361,2026-09-22 19:30:11.022291+00,KPEDU,antero,HorseDrinker,1790105409,TankPressure_1_HB,16122
2856362,2026-09-22 19:30:11.022291+00,KPEDU,antero,HorseDrinker,1790105409,TankPressure_2_HB,16547
2856363,2026-09-22 19:30:11.022291+00,KPEDU,antero,HorseDrinker,1790105409,BowlPressure_HB,10255
2875914,2026-09-23 09:50:11.214785+00,KPEDU,antero,HorseDrinker,1790157009,TankPressure_1_HB,17335
2875915,2026-09-23 09:50:11.214785+00,KPEDU,antero,HorseDrinker,1790157009,TankPressure_2_HB,15997
2875916,2026-09-23 09:50:11.214785+00,KPEDU,antero,HorseDrinker,1790157009,BowlPressure_HB,10228
2856901,2026-09-22 19:40:11.119902+00,KPEDU,antero,HorseDrinker,1790106009,TankPressure_1_HB,16192
2856902,2026-09-22 19:40:11.119902+00,KPEDU,antero,HorseDrinker,1790106009,TankPressure_2_HB,16613
2856903,2026-09-22 19:40:11.119902+00,KPEDU,antero,HorseDrinker,1790106009,BowlPressure_HB,10251
2857094,2026-09-22 19:50:10.953301+00,KPEDU,antero,HorseDrinker,1790106609,TankPressure_1_HB,16139
2857095,2026-09-22 19:50:10.953301+00,KPEDU,antero,HorseDrinker,1790106609,TankPressure_2_HB,16529
2857096,2026-09-22 19:50:10.953301+00,KPEDU,antero,HorseDrinker,1790106609,BowlPressure_HB,10259
2857261,2026-09-22 20:00:10.929228+00,KPEDU,antero,HorseDrinker,1790107209,TankPressure_1_HB,16196
2857262,2026-09-22 20:00:10.929228+00,KPEDU,antero,HorseDrinker,1790107209,TankPressure_2_HB,16591
2857263,2026-09-22 20:00:10.929228+00,KPEDU,antero,HorseDrinker,1790107209,BowlPressure_HB,10260
2876147,2026-09-23 10:00:11.160812+00,KPEDU,antero,HorseDrinker,1790157609,TankPressure_1_HB,17335
2876148,2026-09-23 10:00:11.160812+00,KPEDU,antero,HorseDrinker,1790157609,TankPressure_2_HB,15969
2876149,2026-09-23 10:00:11.160812+00,KPEDU,antero,HorseDrinker,1790157609,BowlPressure_HB,10226
2857707,2026-09-22 20:10:10.969846+00,KPEDU,antero,HorseDrinker,1790107809,TankPressure_1_HB,16165
2857708,2026-09-22 20:10:10.969846+00,KPEDU,antero,HorseDrinker,1790107809,TankPressure_2_HB,16551
2857709,2026-09-22 20:10:10.969846+00,KPEDU,antero,HorseDrinker,1790107809,BowlPressure_HB,10259
2860600,2026-09-22 22:00:10.979168+00,KPEDU,antero,HorseDrinker,1790114409,TankPressure_1_HB,16146
2860601,2026-09-22 22:00:10.979168+00,KPEDU,antero,HorseDrinker,1790114409,TankPressure_2_HB,16500
2860602,2026-09-22 22:00:10.979168+00,KPEDU,antero,HorseDrinker,1790114409,BowlPressure_HB,10243
2861376,2026-09-22 22:30:11.051369+00,KPEDU,antero,HorseDrinker,1790116209,TankPressure_1_HB,16085
2861377,2026-09-22 22:30:11.051369+00,KPEDU,antero,HorseDrinker,1790116209,TankPressure_2_HB,16413
2861378,2026-09-22 22:30:11.051369+00,KPEDU,antero,HorseDrinker,1790116209,BowlPressure_HB,10251
2862422,2026-09-22 23:20:11.062817+00,KPEDU,antero,HorseDrinker,1790119209,TankPressure_1_HB,16092
2862423,2026-09-22 23:20:11.062817+00,KPEDU,antero,HorseDrinker,1790119209,TankPressure_2_HB,16424
2862424,2026-09-22 23:20:11.062817+00,KPEDU,antero,HorseDrinker,1790119209,BowlPressure_HB,10250
2862630,2026-09-22 23:30:10.957582+00,KPEDU,antero,HorseDrinker,1790119809,TankPressure_1_HB,16090
2862631,2026-09-22 23:30:10.957582+00,KPEDU,antero,HorseDrinker,1790119809,TankPressure_2_HB,16424
2862632,2026-09-22 23:30:10.957582+00,KPEDU,antero,HorseDrinker,1790119809,BowlPressure_HB,10243
2862864,2026-09-22 23:40:11.029916+00,KPEDU,antero,HorseDrinker,1790120409,TankPressure_1_HB,16052
2862865,2026-09-22 23:40:11.029916+00,KPEDU,antero,HorseDrinker,1790120409,TankPressure_2_HB,16383
2862866,2026-09-22 23:40:11.029916+00,KPEDU,antero,HorseDrinker,1790120409,BowlPressure_HB,10251
2877893,2026-09-23 11:20:11.367252+00,KPEDU,antero,HorseDrinker,1790162409,TankPressure_1_HB,17335
2877894,2026-09-23 11:20:11.367252+00,KPEDU,antero,HorseDrinker,1790162409,TankPressure_2_HB,15970
2877895,2026-09-23 11:20:11.367252+00,KPEDU,antero,HorseDrinker,1790162409,BowlPressure_HB,10204
2863551,2026-09-23 00:10:11.069571+00,KPEDU,antero,HorseDrinker,1790122209,TankPressure_1_HB,16047
2863552,2026-09-23 00:10:11.069571+00,KPEDU,antero,HorseDrinker,1790122209,TankPressure_2_HB,16378
2863553,2026-09-23 00:10:11.069571+00,KPEDU,antero,HorseDrinker,1790122209,BowlPressure_HB,10251
2863744,2026-09-23 00:20:11.031178+00,KPEDU,antero,HorseDrinker,1790122809,TankPressure_1_HB,16116
2863745,2026-09-23 00:20:11.031178+00,KPEDU,antero,HorseDrinker,1790122809,TankPressure_2_HB,16426
2863746,2026-09-23 00:20:11.031178+00,KPEDU,antero,HorseDrinker,1790122809,BowlPressure_HB,10250
2863940,2026-09-23 00:30:11.004938+00,KPEDU,antero,HorseDrinker,1790123409,TankPressure_1_HB,16078
2863941,2026-09-23 00:30:11.004938+00,KPEDU,antero,HorseDrinker,1790123409,TankPressure_2_HB,16382
2863942,2026-09-23 00:30:11.004938+00,KPEDU,antero,HorseDrinker,1790123409,BowlPressure_HB,10251
2864177,2026-09-23 00:40:11.075065+00,KPEDU,antero,HorseDrinker,1790124009,TankPressure_1_HB,16043
2864178,2026-09-23 00:40:11.075065+00,KPEDU,antero,HorseDrinker,1790124009,TankPressure_2_HB,16362
2864179,2026-09-23 00:40:11.075065+00,KPEDU,antero,HorseDrinker,1790124009,BowlPressure_HB,10248
2864356,2026-09-23 00:50:11.064684+00,KPEDU,antero,HorseDrinker,1790124609,TankPressure_1_HB,16105
2864357,2026-09-23 00:50:11.064684+00,KPEDU,antero,HorseDrinker,1790124609,TankPressure_2_HB,16401
2864358,2026-09-23 00:50:11.064684+00,KPEDU,antero,HorseDrinker,1790124609,BowlPressure_HB,10248
2878273,2026-09-23 11:30:11.232603+00,KPEDU,antero,HorseDrinker,1790163009,TankPressure_1_HB,17340
2878274,2026-09-23 11:30:11.232603+00,KPEDU,antero,HorseDrinker,1790163009,TankPressure_2_HB,15968
2878275,2026-09-23 11:30:11.232603+00,KPEDU,antero,HorseDrinker,1790163009,BowlPressure_HB,10203
2864535,2026-09-23 01:00:11.015364+00,KPEDU,antero,HorseDrinker,1790125209,TankPressure_1_HB,16102
2864536,2026-09-23 01:00:11.015364+00,KPEDU,antero,HorseDrinker,1790125209,TankPressure_2_HB,16417
2864537,2026-09-23 01:00:11.015364+00,KPEDU,antero,HorseDrinker,1790125209,BowlPressure_HB,10249
2881474,2026-09-23 14:00:11.34889+00,KPEDU,antero,HorseDrinker,1790172009,TankPressure_1_HB,17314
2881475,2026-09-23 14:00:11.34889+00,KPEDU,antero,HorseDrinker,1790172009,TankPressure_2_HB,15904
2864797,2026-09-23 01:10:11.089665+00,KPEDU,antero,HorseDrinker,1790125809,TankPressure_1_HB,16108
2864798,2026-09-23 01:10:11.089665+00,KPEDU,antero,HorseDrinker,1790125809,TankPressure_2_HB,16412
2864799,2026-09-23 01:10:11.089665+00,KPEDU,antero,HorseDrinker,1790125809,BowlPressure_HB,10247
2864972,2026-09-23 01:20:11.062149+00,KPEDU,antero,HorseDrinker,1790126409,TankPressure_1_HB,16079
2864973,2026-09-23 01:20:11.062149+00,KPEDU,antero,HorseDrinker,1790126409,TankPressure_2_HB,16384
2864974,2026-09-23 01:20:11.062149+00,KPEDU,antero,HorseDrinker,1790126409,BowlPressure_HB,10248
2866412,2026-09-23 02:30:11.086379+00,KPEDU,antero,HorseDrinker,1790130609,TankPressure_1_HB,16059
2866413,2026-09-23 02:30:11.086379+00,KPEDU,antero,HorseDrinker,1790130609,TankPressure_2_HB,16342
2866414,2026-09-23 02:30:11.086379+00,KPEDU,antero,HorseDrinker,1790130609,BowlPressure_HB,10248
2867077,2026-09-23 03:00:11.096654+00,KPEDU,antero,HorseDrinker,1790132409,TankPressure_1_HB,16074
2867078,2026-09-23 03:00:11.096654+00,KPEDU,antero,HorseDrinker,1790132409,TankPressure_2_HB,16361
2867079,2026-09-23 03:00:11.096654+00,KPEDU,antero,HorseDrinker,1790132409,BowlPressure_HB,10250
2881476,2026-09-23 14:00:11.34889+00,KPEDU,antero,HorseDrinker,1790172009,BowlPressure_HB,10221
2867380,2026-09-23 03:10:11.103876+00,KPEDU,antero,HorseDrinker,1790133009,TankPressure_1_HB,16070
2867381,2026-09-23 03:10:11.103876+00,KPEDU,antero,HorseDrinker,1790133009,TankPressure_2_HB,16355
2867382,2026-09-23 03:10:11.103876+00,KPEDU,antero,HorseDrinker,1790133009,BowlPressure_HB,10252
2882098,2026-09-23 14:30:11.329661+00,KPEDU,antero,HorseDrinker,1790173809,TankPressure_1_HB,17339
2882099,2026-09-23 14:30:11.329661+00,KPEDU,antero,HorseDrinker,1790173809,TankPressure_2_HB,15943
2882100,2026-09-23 14:30:11.329661+00,KPEDU,antero,HorseDrinker,1790173809,BowlPressure_HB,10195
2889164,2026-09-23 19:50:11.45559+00,KPEDU,antero,HorseDrinker,1790193009,TankPressure_1_HB,17303
2889165,2026-09-23 19:50:11.45559+00,KPEDU,antero,HorseDrinker,1790193009,TankPressure_2_HB,15830
2889166,2026-09-23 19:50:11.45559+00,KPEDU,antero,HorseDrinker,1790193009,BowlPressure_HB,10195
2882367,2026-09-23 14:40:11.216124+00,KPEDU,antero,HorseDrinker,1790174409,TankPressure_1_HB,17360
2882368,2026-09-23 14:40:11.216124+00,KPEDU,antero,HorseDrinker,1790174409,TankPressure_2_HB,15943
2882369,2026-09-23 14:40:11.216124+00,KPEDU,antero,HorseDrinker,1790174409,BowlPressure_HB,10208
2883008,2026-09-23 15:10:11.349702+00,KPEDU,antero,HorseDrinker,1790176209,TankPressure_1_HB,17353
2883009,2026-09-23 15:10:11.349702+00,KPEDU,antero,HorseDrinker,1790176209,TankPressure_2_HB,15928
2883010,2026-09-23 15:10:11.349702+00,KPEDU,antero,HorseDrinker,1790176209,BowlPressure_HB,10204
2884396,2026-09-23 16:10:11.296814+00,KPEDU,antero,HorseDrinker,1790179809,TankPressure_1_HB,17298
2853087,2026-09-22 17:30:11.113697+00,KPEDU,antero,HorseDrinker,1790098209,TankPressure_2_HB,16692
2853088,2026-09-22 17:30:11.113697+00,KPEDU,antero,HorseDrinker,1790098209,BowlPressure_HB,10257
2854209,2026-09-22 18:10:10.899056+00,KPEDU,antero,HorseDrinker,1790100609,TankPressure_1_HB,16068
2854210,2026-09-22 18:10:10.899056+00,KPEDU,antero,HorseDrinker,1790100609,TankPressure_2_HB,16623
2854211,2026-09-22 18:10:10.899056+00,KPEDU,antero,HorseDrinker,1790100609,BowlPressure_HB,10262
2880680,2026-09-23 13:20:11.241784+00,KPEDU,antero,HorseDrinker,1790169609,TankPressure_1_HB,17337
2880681,2026-09-23 13:20:11.241784+00,KPEDU,antero,HorseDrinker,1790169609,TankPressure_2_HB,15935
2880682,2026-09-23 13:20:11.241784+00,KPEDU,antero,HorseDrinker,1790169609,BowlPressure_HB,10215
2854386,2026-09-22 18:20:11.083216+00,KPEDU,antero,HorseDrinker,1790101209,TankPressure_1_HB,16100
2854387,2026-09-22 18:20:11.083216+00,KPEDU,antero,HorseDrinker,1790101209,TankPressure_2_HB,16646
2854388,2026-09-22 18:20:11.083216+00,KPEDU,antero,HorseDrinker,1790101209,BowlPressure_HB,10258
2875503,2026-09-23 09:30:11.269356+00,KPEDU,antero,HorseDrinker,1790155809,TankPressure_1_HB,17333
2875504,2026-09-23 09:30:11.269356+00,KPEDU,antero,HorseDrinker,1790155809,TankPressure_2_HB,15988
2875505,2026-09-23 09:30:11.269356+00,KPEDU,antero,HorseDrinker,1790155809,BowlPressure_HB,10226
2854586,2026-09-22 18:30:10.961775+00,KPEDU,antero,HorseDrinker,1790101809,TankPressure_1_HB,16078
2854587,2026-09-22 18:30:10.961775+00,KPEDU,antero,HorseDrinker,1790101809,TankPressure_2_HB,16609
2854588,2026-09-22 18:30:10.961775+00,KPEDU,antero,HorseDrinker,1790101809,BowlPressure_HB,10262
2857948,2026-09-22 20:20:10.967677+00,KPEDU,antero,HorseDrinker,1790108409,TankPressure_1_HB,16110
2857949,2026-09-22 20:20:10.967677+00,KPEDU,antero,HorseDrinker,1790108409,TankPressure_2_HB,16507
2857950,2026-09-22 20:20:10.967677+00,KPEDU,antero,HorseDrinker,1790108409,BowlPressure_HB,10250
2876391,2026-09-23 10:10:11.247324+00,KPEDU,antero,HorseDrinker,1790158209,TankPressure_1_HB,17261
2876392,2026-09-23 10:10:11.247324+00,KPEDU,antero,HorseDrinker,1790158209,TankPressure_2_HB,15912
2876393,2026-09-23 10:10:11.247324+00,KPEDU,antero,HorseDrinker,1790158209,BowlPressure_HB,10226
2858135,2026-09-22 20:30:10.926935+00,KPEDU,antero,HorseDrinker,1790109009,TankPressure_1_HB,16115
2858136,2026-09-22 20:30:10.926935+00,KPEDU,antero,HorseDrinker,1790109009,TankPressure_2_HB,16515
2858137,2026-09-22 20:30:10.926935+00,KPEDU,antero,HorseDrinker,1790109009,BowlPressure_HB,10259
2858365,2026-09-22 20:40:10.978321+00,KPEDU,antero,HorseDrinker,1790109609,TankPressure_1_HB,16133
2858366,2026-09-22 20:40:10.978321+00,KPEDU,antero,HorseDrinker,1790109609,TankPressure_2_HB,16530
2858367,2026-09-22 20:40:10.978321+00,KPEDU,antero,HorseDrinker,1790109609,BowlPressure_HB,10254
2858827,2026-09-22 20:50:10.961564+00,KPEDU,antero,HorseDrinker,1790110209,TankPressure_1_HB,16128
2858828,2026-09-22 20:50:10.961564+00,KPEDU,antero,HorseDrinker,1790110209,TankPressure_2_HB,16536
2858829,2026-09-22 20:50:10.961564+00,KPEDU,antero,HorseDrinker,1790110209,BowlPressure_HB,10257
2876580,2026-09-23 10:20:11.224015+00,KPEDU,antero,HorseDrinker,1790158809,TankPressure_1_HB,17363
2876581,2026-09-23 10:20:11.224015+00,KPEDU,antero,HorseDrinker,1790158809,TankPressure_2_HB,16003
2876582,2026-09-23 10:20:11.224015+00,KPEDU,antero,HorseDrinker,1790158809,BowlPressure_HB,10230
2859006,2026-09-22 21:00:10.941365+00,KPEDU,antero,HorseDrinker,1790110809,TankPressure_1_HB,16078
2859007,2026-09-22 21:00:10.941365+00,KPEDU,antero,HorseDrinker,1790110809,TankPressure_2_HB,16470
2859008,2026-09-22 21:00:10.941365+00,KPEDU,antero,HorseDrinker,1790110809,BowlPressure_HB,10256
2876784,2026-09-23 10:30:11.159023+00,KPEDU,antero,HorseDrinker,1790159409,TankPressure_1_HB,17258
2876785,2026-09-23 10:30:11.159023+00,KPEDU,antero,HorseDrinker,1790159409,TankPressure_2_HB,15915
2876786,2026-09-23 10:30:11.159023+00,KPEDU,antero,HorseDrinker,1790159409,BowlPressure_HB,10210
2859260,2026-09-22 21:10:10.94044+00,KPEDU,antero,HorseDrinker,1790111409,TankPressure_1_HB,16153
2859261,2026-09-22 21:10:10.94044+00,KPEDU,antero,HorseDrinker,1790111409,TankPressure_2_HB,16523
2859262,2026-09-22 21:10:10.94044+00,KPEDU,antero,HorseDrinker,1790111409,BowlPressure_HB,10258
2859689,2026-09-22 21:20:10.999477+00,KPEDU,antero,HorseDrinker,1790112009,TankPressure_1_HB,16078
2859690,2026-09-22 21:20:10.999477+00,KPEDU,antero,HorseDrinker,1790112009,TankPressure_2_HB,16448
2859691,2026-09-22 21:20:10.999477+00,KPEDU,antero,HorseDrinker,1790112009,BowlPressure_HB,10251
2859876,2026-09-22 21:30:10.988478+00,KPEDU,antero,HorseDrinker,1790112609,TankPressure_1_HB,16118
2859877,2026-09-22 21:30:10.988478+00,KPEDU,antero,HorseDrinker,1790112609,TankPressure_2_HB,16487
2859878,2026-09-22 21:30:10.988478+00,KPEDU,antero,HorseDrinker,1790112609,BowlPressure_HB,10253
2877048,2026-09-23 10:40:11.188749+00,KPEDU,antero,HorseDrinker,1790160009,TankPressure_1_HB,17294
2877049,2026-09-23 10:40:11.188749+00,KPEDU,antero,HorseDrinker,1790160009,TankPressure_2_HB,15928
2877050,2026-09-23 10:40:11.188749+00,KPEDU,antero,HorseDrinker,1790160009,BowlPressure_HB,10216
2880865,2026-09-23 13:30:11.340495+00,KPEDU,antero,HorseDrinker,1790170209,TankPressure_1_HB,17332
2880866,2026-09-23 13:30:11.340495+00,KPEDU,antero,HorseDrinker,1790170209,TankPressure_2_HB,15935
2880867,2026-09-23 13:30:11.340495+00,KPEDU,antero,HorseDrinker,1790170209,BowlPressure_HB,10210
2860113,2026-09-22 21:40:10.918961+00,KPEDU,antero,HorseDrinker,1790113209,TankPressure_1_HB,16136
2860114,2026-09-22 21:40:10.918961+00,KPEDU,antero,HorseDrinker,1790113209,TankPressure_2_HB,16496
2860115,2026-09-22 21:40:10.918961+00,KPEDU,antero,HorseDrinker,1790113209,BowlPressure_HB,10245
2877217,2026-09-23 10:50:11.234645+00,KPEDU,antero,HorseDrinker,1790160609,TankPressure_1_HB,17306
2877218,2026-09-23 10:50:11.234645+00,KPEDU,antero,HorseDrinker,1790160609,TankPressure_2_HB,15947
2877219,2026-09-23 10:50:11.234645+00,KPEDU,antero,HorseDrinker,1790160609,BowlPressure_HB,10207
2860423,2026-09-22 21:50:11.034179+00,KPEDU,antero,HorseDrinker,1790113809,TankPressure_1_HB,16141
2860424,2026-09-22 21:50:11.034179+00,KPEDU,antero,HorseDrinker,1790113809,TankPressure_2_HB,16487
2860425,2026-09-22 21:50:11.034179+00,KPEDU,antero,HorseDrinker,1790113809,BowlPressure_HB,10256
2860856,2026-09-22 22:10:10.953587+00,KPEDU,antero,HorseDrinker,1790115009,TankPressure_1_HB,16111
2860857,2026-09-22 22:10:10.953587+00,KPEDU,antero,HorseDrinker,1790115009,TankPressure_2_HB,16477
2860858,2026-09-22 22:10:10.953587+00,KPEDU,antero,HorseDrinker,1790115009,BowlPressure_HB,10257
2861197,2026-09-22 22:20:11.052105+00,KPEDU,antero,HorseDrinker,1790115609,TankPressure_1_HB,16134
2861198,2026-09-22 22:20:11.052105+00,KPEDU,antero,HorseDrinker,1790115609,TankPressure_2_HB,16472
2861199,2026-09-22 22:20:11.052105+00,KPEDU,antero,HorseDrinker,1790115609,BowlPressure_HB,10257
2877472,2026-09-23 11:00:11.236143+00,KPEDU,antero,HorseDrinker,1790161209,TankPressure_1_HB,17315
2877473,2026-09-23 11:00:11.236143+00,KPEDU,antero,HorseDrinker,1790161209,TankPressure_2_HB,15962
2877474,2026-09-23 11:00:11.236143+00,KPEDU,antero,HorseDrinker,1790161209,BowlPressure_HB,10205
2861617,2026-09-22 22:40:11.142711+00,KPEDU,antero,HorseDrinker,1790116809,TankPressure_1_HB,16101
2861618,2026-09-22 22:40:11.142711+00,KPEDU,antero,HorseDrinker,1790116809,TankPressure_2_HB,16445
2861619,2026-09-22 22:40:11.142711+00,KPEDU,antero,HorseDrinker,1790116809,BowlPressure_HB,10253
2861800,2026-09-22 22:50:10.969024+00,KPEDU,antero,HorseDrinker,1790117409,TankPressure_1_HB,16097
2861801,2026-09-22 22:50:10.969024+00,KPEDU,antero,HorseDrinker,1790117409,TankPressure_2_HB,16428
2861802,2026-09-22 22:50:10.969024+00,KPEDU,antero,HorseDrinker,1790117409,BowlPressure_HB,10248
2877710,2026-09-23 11:10:11.286894+00,KPEDU,antero,HorseDrinker,1790161809,TankPressure_1_HB,17311
2877711,2026-09-23 11:10:11.286894+00,KPEDU,antero,HorseDrinker,1790161809,TankPressure_2_HB,15950
2877712,2026-09-23 11:10:11.286894+00,KPEDU,antero,HorseDrinker,1790161809,BowlPressure_HB,10216
2861981,2026-09-22 23:00:11.141666+00,KPEDU,antero,HorseDrinker,1790118009,TankPressure_1_HB,16053
2861982,2026-09-22 23:00:11.141666+00,KPEDU,antero,HorseDrinker,1790118009,TankPressure_2_HB,16384
2861983,2026-09-22 23:00:11.141666+00,KPEDU,antero,HorseDrinker,1790118009,BowlPressure_HB,10249
2862239,2026-09-22 23:10:11.036505+00,KPEDU,antero,HorseDrinker,1790118609,TankPressure_1_HB,16081
2862240,2026-09-22 23:10:11.036505+00,KPEDU,antero,HorseDrinker,1790118609,TankPressure_2_HB,16408
2862241,2026-09-22 23:10:11.036505+00,KPEDU,antero,HorseDrinker,1790118609,BowlPressure_HB,10252
2863035,2026-09-22 23:50:10.990239+00,KPEDU,antero,HorseDrinker,1790121009,TankPressure_1_HB,16070
2863036,2026-09-22 23:50:10.990239+00,KPEDU,antero,HorseDrinker,1790121009,TankPressure_2_HB,16386
2863037,2026-09-22 23:50:10.990239+00,KPEDU,antero,HorseDrinker,1790121009,BowlPressure_HB,10249
2863315,2026-09-23 00:00:11.287722+00,KPEDU,antero,HorseDrinker,1790121609,TankPressure_1_HB,16132
2863316,2026-09-23 00:00:11.287722+00,KPEDU,antero,HorseDrinker,1790121609,TankPressure_2_HB,16442
2863317,2026-09-23 00:00:11.287722+00,KPEDU,antero,HorseDrinker,1790121609,BowlPressure_HB,10249
2865188,2026-09-23 01:30:11.043532+00,KPEDU,antero,HorseDrinker,1790127009,TankPressure_1_HB,16055
2865189,2026-09-23 01:30:11.043532+00,KPEDU,antero,HorseDrinker,1790127009,TankPressure_2_HB,16359
2865190,2026-09-23 01:30:11.043532+00,KPEDU,antero,HorseDrinker,1790127009,BowlPressure_HB,10255
2881110,2026-09-23 13:40:11.308245+00,KPEDU,antero,HorseDrinker,1790170809,TankPressure_1_HB,17309
2881111,2026-09-23 13:40:11.308245+00,KPEDU,antero,HorseDrinker,1790170809,TankPressure_2_HB,15901
2881112,2026-09-23 13:40:11.308245+00,KPEDU,antero,HorseDrinker,1790170809,BowlPressure_HB,10203
2865419,2026-09-23 01:40:11.032531+00,KPEDU,antero,HorseDrinker,1790127609,TankPressure_1_HB,16089
2865420,2026-09-23 01:40:11.032531+00,KPEDU,antero,HorseDrinker,1790127609,TankPressure_2_HB,16378
2865421,2026-09-23 01:40:11.032531+00,KPEDU,antero,HorseDrinker,1790127609,BowlPressure_HB,10252
2878532,2026-09-23 11:40:11.305734+00,KPEDU,antero,HorseDrinker,1790163609,TankPressure_1_HB,17273
2878533,2026-09-23 11:40:11.305734+00,KPEDU,antero,HorseDrinker,1790163609,TankPressure_2_HB,15918
2878534,2026-09-23 11:40:11.305734+00,KPEDU,antero,HorseDrinker,1790163609,BowlPressure_HB,10210
2865594,2026-09-23 01:50:11.072575+00,KPEDU,antero,HorseDrinker,1790128209,TankPressure_1_HB,16091
2865595,2026-09-23 01:50:11.072575+00,KPEDU,antero,HorseDrinker,1790128209,TankPressure_2_HB,16400
2865596,2026-09-23 01:50:11.072575+00,KPEDU,antero,HorseDrinker,1790128209,BowlPressure_HB,10252
2865780,2026-09-23 02:00:11.084451+00,KPEDU,antero,HorseDrinker,1790128809,TankPressure_1_HB,16071
2865781,2026-09-23 02:00:11.084451+00,KPEDU,antero,HorseDrinker,1790128809,TankPressure_2_HB,16374
2865782,2026-09-23 02:00:11.084451+00,KPEDU,antero,HorseDrinker,1790128809,BowlPressure_HB,10245
2878705,2026-09-23 11:50:11.31334+00,KPEDU,antero,HorseDrinker,1790164209,TankPressure_1_HB,17358
2878706,2026-09-23 11:50:11.31334+00,KPEDU,antero,HorseDrinker,1790164209,TankPressure_2_HB,15978
2878707,2026-09-23 11:50:11.31334+00,KPEDU,antero,HorseDrinker,1790164209,BowlPressure_HB,10214
2866027,2026-09-23 02:10:11.03871+00,KPEDU,antero,HorseDrinker,1790129409,TankPressure_1_HB,16079
2866028,2026-09-23 02:10:11.03871+00,KPEDU,antero,HorseDrinker,1790129409,TankPressure_2_HB,16381
2866029,2026-09-23 02:10:11.03871+00,KPEDU,antero,HorseDrinker,1790129409,BowlPressure_HB,10256
2866217,2026-09-23 02:20:11.104396+00,KPEDU,antero,HorseDrinker,1790130009,TankPressure_1_HB,16077
2866218,2026-09-23 02:20:11.104396+00,KPEDU,antero,HorseDrinker,1790130009,TankPressure_2_HB,16364
2866219,2026-09-23 02:20:11.104396+00,KPEDU,antero,HorseDrinker,1790130009,BowlPressure_HB,10258
2878930,2026-09-23 12:00:11.253262+00,KPEDU,antero,HorseDrinker,1790164809,TankPressure_1_HB,17286
2878931,2026-09-23 12:00:11.253262+00,KPEDU,antero,HorseDrinker,1790164809,TankPressure_2_HB,15909
2878932,2026-09-23 12:00:11.253262+00,KPEDU,antero,HorseDrinker,1790164809,BowlPressure_HB,10211
2866662,2026-09-23 02:40:11.045528+00,KPEDU,antero,HorseDrinker,1790131209,TankPressure_1_HB,16049
2866663,2026-09-23 02:40:11.045528+00,KPEDU,antero,HorseDrinker,1790131209,TankPressure_2_HB,16340
2866664,2026-09-23 02:40:11.045528+00,KPEDU,antero,HorseDrinker,1790131209,BowlPressure_HB,10251
2866862,2026-09-23 02:50:11.02666+00,KPEDU,antero,HorseDrinker,1790131809,TankPressure_1_HB,16040
2866863,2026-09-23 02:50:11.02666+00,KPEDU,antero,HorseDrinker,1790131809,TankPressure_2_HB,16330
2866864,2026-09-23 02:50:11.02666+00,KPEDU,antero,HorseDrinker,1790131809,BowlPressure_HB,10248
2867607,2026-09-23 03:20:11.020149+00,KPEDU,antero,HorseDrinker,1790133609,TankPressure_1_HB,16056
2867608,2026-09-23 03:20:11.020149+00,KPEDU,antero,HorseDrinker,1790133609,TankPressure_2_HB,16334
2867609,2026-09-23 03:20:11.020149+00,KPEDU,antero,HorseDrinker,1790133609,BowlPressure_HB,10249
2881738,2026-09-23 14:10:11.364306+00,KPEDU,antero,HorseDrinker,1790172609,TankPressure_1_HB,17324
2881739,2026-09-23 14:10:11.364306+00,KPEDU,antero,HorseDrinker,1790172609,TankPressure_2_HB,15933
2881740,2026-09-23 14:10:11.364306+00,KPEDU,antero,HorseDrinker,1790172609,BowlPressure_HB,10215
2881917,2026-09-23 14:20:11.258039+00,KPEDU,antero,HorseDrinker,1790173209,TankPressure_1_HB,17282
2881918,2026-09-23 14:20:11.258039+00,KPEDU,antero,HorseDrinker,1790173209,TankPressure_2_HB,15882
2881919,2026-09-23 14:20:11.258039+00,KPEDU,antero,HorseDrinker,1790173209,BowlPressure_HB,10192
2891658,2026-09-23 21:40:11.502782+00,KPEDU,antero,HorseDrinker,1790199609,TankPressure_1_HB,17290
2891659,2026-09-23 21:40:11.502782+00,KPEDU,antero,HorseDrinker,1790199609,TankPressure_2_HB,15730
2891660,2026-09-23 21:40:11.502782+00,KPEDU,antero,HorseDrinker,1790199609,BowlPressure_HB,10189
2882546,2026-09-23 14:50:11.307267+00,KPEDU,antero,HorseDrinker,1790175009,TankPressure_1_HB,17331
2882547,2026-09-23 14:50:11.307267+00,KPEDU,antero,HorseDrinker,1790175009,TankPressure_2_HB,15920
2882548,2026-09-23 14:50:11.307267+00,KPEDU,antero,HorseDrinker,1790175009,BowlPressure_HB,10203
2882723,2026-09-23 15:00:11.248353+00,KPEDU,antero,HorseDrinker,1790175609,TankPressure_1_HB,17322
2882724,2026-09-23 15:00:11.248353+00,KPEDU,antero,HorseDrinker,1790175609,TankPressure_2_HB,15897
2882725,2026-09-23 15:00:11.248353+00,KPEDU,antero,HorseDrinker,1790175609,BowlPressure_HB,10193
2883193,2026-09-23 15:20:11.296125+00,KPEDU,antero,HorseDrinker,1790176809,TankPressure_1_HB,17288
2884397,2026-09-23 16:10:11.296814+00,KPEDU,antero,HorseDrinker,1790179809,TankPressure_2_HB,15882
2884398,2026-09-23 16:10:11.296814+00,KPEDU,antero,HorseDrinker,1790179809,BowlPressure_HB,10196
2884571,2026-09-23 16:20:11.39528+00,KPEDU,antero,HorseDrinker,1790180409,TankPressure_1_HB,17323
2884572,2026-09-23 16:20:11.39528+00,KPEDU,antero,HorseDrinker,1790180409,TankPressure_2_HB,15909
2884573,2026-09-23 16:20:11.39528+00,KPEDU,antero,HorseDrinker,1790180409,BowlPressure_HB,10194
2884760,2026-09-23 16:30:11.225743+00,KPEDU,antero,HorseDrinker,1790181009,TankPressure_1_HB,17286
2884761,2026-09-23 16:30:11.225743+00,KPEDU,antero,HorseDrinker,1790181009,TankPressure_2_HB,15856
2884762,2026-09-23 16:30:11.225743+00,KPEDU,antero,HorseDrinker,1790181009,BowlPressure_HB,10190
2885412,2026-09-23 16:50:11.386232+00,KPEDU,antero,HorseDrinker,1790182209,TankPressure_1_HB,17323
2885413,2026-09-23 16:50:11.386232+00,KPEDU,antero,HorseDrinker,1790182209,TankPressure_2_HB,15905
2885414,2026-09-23 16:50:11.386232+00,KPEDU,antero,HorseDrinker,1790182209,BowlPressure_HB,10187
2889864,2026-09-23 20:20:11.484727+00,KPEDU,antero,HorseDrinker,1790194809,TankPressure_1_HB,17351
2889865,2026-09-23 20:20:11.484727+00,KPEDU,antero,HorseDrinker,1790194809,TankPressure_2_HB,15844
2889866,2026-09-23 20:20:11.484727+00,KPEDU,antero,HorseDrinker,1790194809,BowlPressure_HB,10184
2885589,2026-09-23 17:00:11.272685+00,KPEDU,antero,HorseDrinker,1790182809,TankPressure_1_HB,17335
2885590,2026-09-23 17:00:11.272685+00,KPEDU,antero,HorseDrinker,1790182809,TankPressure_2_HB,15932
2885591,2026-09-23 17:00:11.272685+00,KPEDU,antero,HorseDrinker,1790182809,BowlPressure_HB,10194
2886021,2026-09-23 17:20:11.296172+00,KPEDU,antero,HorseDrinker,1790184009,TankPressure_1_HB,17314
2886022,2026-09-23 17:20:11.296172+00,KPEDU,antero,HorseDrinker,1790184009,TankPressure_2_HB,15882
2886023,2026-09-23 17:20:11.296172+00,KPEDU,antero,HorseDrinker,1790184009,BowlPressure_HB,10195
2886204,2026-09-23 17:30:11.5282+00,KPEDU,antero,HorseDrinker,1790184609,TankPressure_1_HB,17335
2886205,2026-09-23 17:30:11.5282+00,KPEDU,antero,HorseDrinker,1790184609,TankPressure_2_HB,15907
2886206,2026-09-23 17:30:11.5282+00,KPEDU,antero,HorseDrinker,1790184609,BowlPressure_HB,10185
2886455,2026-09-23 17:40:11.363896+00,KPEDU,antero,HorseDrinker,1790185209,TankPressure_1_HB,17261
2886456,2026-09-23 17:40:11.363896+00,KPEDU,antero,HorseDrinker,1790185209,TankPressure_2_HB,15841
2886457,2026-09-23 17:40:11.363896+00,KPEDU,antero,HorseDrinker,1790185209,BowlPressure_HB,10190
2887309,2026-09-23 18:20:11.370995+00,KPEDU,antero,HorseDrinker,1790187609,TankPressure_1_HB,17364
2887310,2026-09-23 18:20:11.370995+00,KPEDU,antero,HorseDrinker,1790187609,TankPressure_2_HB,15922
2887311,2026-09-23 18:20:11.370995+00,KPEDU,antero,HorseDrinker,1790187609,BowlPressure_HB,10188
2887478,2026-09-23 18:30:11.651688+00,KPEDU,antero,HorseDrinker,1790188209,TankPressure_1_HB,17330
2887479,2026-09-23 18:30:11.651688+00,KPEDU,antero,HorseDrinker,1790188209,TankPressure_2_HB,15876
2887480,2026-09-23 18:30:11.651688+00,KPEDU,antero,HorseDrinker,1790188209,BowlPressure_HB,10189
2887952,2026-09-23 18:50:11.358587+00,KPEDU,antero,HorseDrinker,1790189409,TankPressure_1_HB,17364
2887953,2026-09-23 18:50:11.358587+00,KPEDU,antero,HorseDrinker,1790189409,TankPressure_2_HB,15890
2887954,2026-09-23 18:50:11.358587+00,KPEDU,antero,HorseDrinker,1790189409,BowlPressure_HB,10196
2888139,2026-09-23 19:00:11.443237+00,KPEDU,antero,HorseDrinker,1790190009,TankPressure_1_HB,17309
2888140,2026-09-23 19:00:11.443237+00,KPEDU,antero,HorseDrinker,1790190009,TankPressure_2_HB,15855
2888141,2026-09-23 19:00:11.443237+00,KPEDU,antero,HorseDrinker,1790190009,BowlPressure_HB,10188
2890739,2026-09-23 21:00:11.444256+00,KPEDU,antero,HorseDrinker,1790197209,TankPressure_1_HB,17382
2890740,2026-09-23 21:00:11.444256+00,KPEDU,antero,HorseDrinker,1790197209,TankPressure_2_HB,15857
2890741,2026-09-23 21:00:11.444256+00,KPEDU,antero,HorseDrinker,1790197209,BowlPressure_HB,10190
2888361,2026-09-23 19:10:11.423151+00,KPEDU,antero,HorseDrinker,1790190609,TankPressure_1_HB,17361
2888362,2026-09-23 19:10:11.423151+00,KPEDU,antero,HorseDrinker,1790190609,TankPressure_2_HB,15888
2888363,2026-09-23 19:10:11.423151+00,KPEDU,antero,HorseDrinker,1790190609,BowlPressure_HB,10185
2888577,2026-09-23 19:20:11.367686+00,KPEDU,antero,HorseDrinker,1790191209,TankPressure_1_HB,17365
2888578,2026-09-23 19:20:11.367686+00,KPEDU,antero,HorseDrinker,1790191209,TankPressure_2_HB,15889
2888579,2026-09-23 19:20:11.367686+00,KPEDU,antero,HorseDrinker,1790191209,BowlPressure_HB,10191
2894672,2026-09-24 00:00:11.54585+00,KPEDU,antero,HorseDrinker,1790208009,TankPressure_1_HB,17319
2894673,2026-09-24 00:00:11.54585+00,KPEDU,antero,HorseDrinker,1790208009,TankPressure_2_HB,15676
2894674,2026-09-24 00:00:11.54585+00,KPEDU,antero,HorseDrinker,1790208009,BowlPressure_HB,10208
2894918,2026-09-24 00:10:11.532269+00,KPEDU,antero,HorseDrinker,1790208609,TankPressure_1_HB,17335
2894919,2026-09-24 00:10:11.532269+00,KPEDU,antero,HorseDrinker,1790208609,TankPressure_2_HB,15688
2894920,2026-09-24 00:10:11.532269+00,KPEDU,antero,HorseDrinker,1790208609,BowlPressure_HB,10199
2895111,2026-09-24 00:20:11.613146+00,KPEDU,antero,HorseDrinker,1790209209,TankPressure_1_HB,17364
2895112,2026-09-24 00:20:11.613146+00,KPEDU,antero,HorseDrinker,1790209209,TankPressure_2_HB,15717
2895113,2026-09-24 00:20:11.613146+00,KPEDU,antero,HorseDrinker,1790209209,BowlPressure_HB,10198
2895290,2026-09-24 00:30:11.625471+00,KPEDU,antero,HorseDrinker,1790209809,TankPressure_1_HB,17275
2895291,2026-09-24 00:30:11.625471+00,KPEDU,antero,HorseDrinker,1790209809,TankPressure_2_HB,15631
2895292,2026-09-24 00:30:11.625471+00,KPEDU,antero,HorseDrinker,1790209809,BowlPressure_HB,10208
2895549,2026-09-24 00:40:11.531846+00,KPEDU,antero,HorseDrinker,1790210409,TankPressure_1_HB,17319
2895550,2026-09-24 00:40:11.531846+00,KPEDU,antero,HorseDrinker,1790210409,TankPressure_2_HB,15650
2895551,2026-09-24 00:40:11.531846+00,KPEDU,antero,HorseDrinker,1790210409,BowlPressure_HB,10211
2895988,2026-09-24 00:50:11.525284+00,KPEDU,antero,HorseDrinker,1790211009,TankPressure_1_HB,17302
2895989,2026-09-24 00:50:11.525284+00,KPEDU,antero,HorseDrinker,1790211009,TankPressure_2_HB,15631
2895990,2026-09-24 00:50:11.525284+00,KPEDU,antero,HorseDrinker,1790211009,BowlPressure_HB,10214
2896177,2026-09-24 01:00:11.502844+00,KPEDU,antero,HorseDrinker,1790211609,TankPressure_1_HB,17291
2896178,2026-09-24 01:00:11.502844+00,KPEDU,antero,HorseDrinker,1790211609,TankPressure_2_HB,15622
2896179,2026-09-24 01:00:11.502844+00,KPEDU,antero,HorseDrinker,1790211609,BowlPressure_HB,10207
2896415,2026-09-24 01:10:11.477385+00,KPEDU,antero,HorseDrinker,1790212209,TankPressure_1_HB,17299
2883194,2026-09-23 15:20:11.296125+00,KPEDU,antero,HorseDrinker,1790176809,TankPressure_2_HB,15870
2883195,2026-09-23 15:20:11.296125+00,KPEDU,antero,HorseDrinker,1790176809,BowlPressure_HB,10203
2889433,2026-09-23 20:00:11.401337+00,KPEDU,antero,HorseDrinker,1790193609,TankPressure_1_HB,17365
2889434,2026-09-23 20:00:11.401337+00,KPEDU,antero,HorseDrinker,1790193609,TankPressure_2_HB,15876
2889435,2026-09-23 20:00:11.401337+00,KPEDU,antero,HorseDrinker,1790193609,BowlPressure_HB,10196
2883368,2026-09-23 15:30:11.339446+00,KPEDU,antero,HorseDrinker,1790177409,TankPressure_1_HB,17323
2883369,2026-09-23 15:30:11.339446+00,KPEDU,antero,HorseDrinker,1790177409,TankPressure_2_HB,15904
2883370,2026-09-23 15:30:11.339446+00,KPEDU,antero,HorseDrinker,1790177409,BowlPressure_HB,10203
2883711,2026-09-23 15:40:11.249847+00,KPEDU,antero,HorseDrinker,1790178009,TankPressure_1_HB,17313
2883712,2026-09-23 15:40:11.249847+00,KPEDU,antero,HorseDrinker,1790178009,TankPressure_2_HB,15904
2883713,2026-09-23 15:40:11.249847+00,KPEDU,antero,HorseDrinker,1790178009,BowlPressure_HB,10207
2883888,2026-09-23 15:50:11.326548+00,KPEDU,antero,HorseDrinker,1790178609,TankPressure_1_HB,17289
2883889,2026-09-23 15:50:11.326548+00,KPEDU,antero,HorseDrinker,1790178609,TankPressure_2_HB,15881
2883890,2026-09-23 15:50:11.326548+00,KPEDU,antero,HorseDrinker,1790178609,BowlPressure_HB,10211
2891197,2026-09-23 21:20:11.461004+00,KPEDU,antero,HorseDrinker,1790198409,TankPressure_1_HB,17289
2891198,2026-09-23 21:20:11.461004+00,KPEDU,antero,HorseDrinker,1790198409,TankPressure_2_HB,15745
2891199,2026-09-23 21:20:11.461004+00,KPEDU,antero,HorseDrinker,1790198409,BowlPressure_HB,10190
2884067,2026-09-23 16:00:11.34589+00,KPEDU,antero,HorseDrinker,1790179209,TankPressure_1_HB,17331
2884068,2026-09-23 16:00:11.34589+00,KPEDU,antero,HorseDrinker,1790179209,TankPressure_2_HB,15917
2884069,2026-09-23 16:00:11.34589+00,KPEDU,antero,HorseDrinker,1790179209,BowlPressure_HB,10197
2889675,2026-09-23 20:10:11.497237+00,KPEDU,antero,HorseDrinker,1790194209,TankPressure_1_HB,17281
2889676,2026-09-23 20:10:11.497237+00,KPEDU,antero,HorseDrinker,1790194209,TankPressure_2_HB,15790
2889677,2026-09-23 20:10:11.497237+00,KPEDU,antero,HorseDrinker,1790194209,BowlPressure_HB,10196
2885100,2026-09-23 16:40:11.310749+00,KPEDU,antero,HorseDrinker,1790181609,TankPressure_1_HB,17300
2885101,2026-09-23 16:40:11.310749+00,KPEDU,antero,HorseDrinker,1790181609,TankPressure_2_HB,15882
2885102,2026-09-23 16:40:11.310749+00,KPEDU,antero,HorseDrinker,1790181609,BowlPressure_HB,10194
2891382,2026-09-23 21:30:11.428419+00,KPEDU,antero,HorseDrinker,1790199009,TankPressure_1_HB,17300
2891383,2026-09-23 21:30:11.428419+00,KPEDU,antero,HorseDrinker,1790199009,TankPressure_2_HB,15738
2891384,2026-09-23 21:30:11.428419+00,KPEDU,antero,HorseDrinker,1790199009,BowlPressure_HB,10191
2885829,2026-09-23 17:10:11.355815+00,KPEDU,antero,HorseDrinker,1790183409,TankPressure_1_HB,17302
2885830,2026-09-23 17:10:11.355815+00,KPEDU,antero,HorseDrinker,1790183409,TankPressure_2_HB,15895
2885831,2026-09-23 17:10:11.355815+00,KPEDU,antero,HorseDrinker,1790183409,BowlPressure_HB,10193
2890051,2026-09-23 20:30:11.423246+00,KPEDU,antero,HorseDrinker,1790195409,TankPressure_1_HB,17314
2890052,2026-09-23 20:30:11.423246+00,KPEDU,antero,HorseDrinker,1790195409,TankPressure_2_HB,15803
2890053,2026-09-23 20:30:11.423246+00,KPEDU,antero,HorseDrinker,1790195409,BowlPressure_HB,10186
2886654,2026-09-23 17:50:11.331445+00,KPEDU,antero,HorseDrinker,1790185809,TankPressure_1_HB,17334
2886655,2026-09-23 17:50:11.331445+00,KPEDU,antero,HorseDrinker,1790185809,TankPressure_2_HB,15896
2886656,2026-09-23 17:50:11.331445+00,KPEDU,antero,HorseDrinker,1790185809,BowlPressure_HB,10190
2886837,2026-09-23 18:00:11.359099+00,KPEDU,antero,HorseDrinker,1790186409,TankPressure_1_HB,17313
2886838,2026-09-23 18:00:11.359099+00,KPEDU,antero,HorseDrinker,1790186409,TankPressure_2_HB,15885
2886839,2026-09-23 18:00:11.359099+00,KPEDU,antero,HorseDrinker,1790186409,BowlPressure_HB,10193
2887080,2026-09-23 18:10:11.381668+00,KPEDU,antero,HorseDrinker,1790187009,TankPressure_1_HB,17318
2887081,2026-09-23 18:10:11.381668+00,KPEDU,antero,HorseDrinker,1790187009,TankPressure_2_HB,15878
2887082,2026-09-23 18:10:11.381668+00,KPEDU,antero,HorseDrinker,1790187009,BowlPressure_HB,10186
2890381,2026-09-23 20:40:11.459156+00,KPEDU,antero,HorseDrinker,1790196009,TankPressure_1_HB,17333
2890382,2026-09-23 20:40:11.459156+00,KPEDU,antero,HorseDrinker,1790196009,TankPressure_2_HB,15827
2890383,2026-09-23 20:40:11.459156+00,KPEDU,antero,HorseDrinker,1790196009,BowlPressure_HB,10195
2887748,2026-09-23 18:40:11.390187+00,KPEDU,antero,HorseDrinker,1790188809,TankPressure_1_HB,17315
2887749,2026-09-23 18:40:11.390187+00,KPEDU,antero,HorseDrinker,1790188809,TankPressure_2_HB,15857
2887750,2026-09-23 18:40:11.390187+00,KPEDU,antero,HorseDrinker,1790188809,BowlPressure_HB,10183
2890566,2026-09-23 20:50:11.44906+00,KPEDU,antero,HorseDrinker,1790196609,TankPressure_1_HB,17361
2890567,2026-09-23 20:50:11.44906+00,KPEDU,antero,HorseDrinker,1790196609,TankPressure_2_HB,15849
2890568,2026-09-23 20:50:11.44906+00,KPEDU,antero,HorseDrinker,1790196609,BowlPressure_HB,10191
2888748,2026-09-23 19:30:11.391863+00,KPEDU,antero,HorseDrinker,1790191809,TankPressure_1_HB,17409
2888749,2026-09-23 19:30:11.391863+00,KPEDU,antero,HorseDrinker,1790191809,TankPressure_2_HB,15931
2888750,2026-09-23 19:30:11.391863+00,KPEDU,antero,HorseDrinker,1790191809,BowlPressure_HB,10184
2888988,2026-09-23 19:40:11.46793+00,KPEDU,antero,HorseDrinker,1790192409,TankPressure_1_HB,17321
2888989,2026-09-23 19:40:11.46793+00,KPEDU,antero,HorseDrinker,1790192409,TankPressure_2_HB,15850
2888990,2026-09-23 19:40:11.46793+00,KPEDU,antero,HorseDrinker,1790192409,BowlPressure_HB,10193
2891022,2026-09-23 21:10:11.513159+00,KPEDU,antero,HorseDrinker,1790197809,TankPressure_1_HB,17315
2891023,2026-09-23 21:10:11.513159+00,KPEDU,antero,HorseDrinker,1790197809,TankPressure_2_HB,15784
2891024,2026-09-23 21:10:11.513159+00,KPEDU,antero,HorseDrinker,1790197809,BowlPressure_HB,10187
2891837,2026-09-23 21:50:11.463478+00,KPEDU,antero,HorseDrinker,1790200209,TankPressure_1_HB,17330
2891838,2026-09-23 21:50:11.463478+00,KPEDU,antero,HorseDrinker,1790200209,TankPressure_2_HB,15764
2891839,2026-09-23 21:50:11.463478+00,KPEDU,antero,HorseDrinker,1790200209,BowlPressure_HB,10191
2892010,2026-09-23 22:00:11.483431+00,KPEDU,antero,HorseDrinker,1790200809,TankPressure_1_HB,17279
2892011,2026-09-23 22:00:11.483431+00,KPEDU,antero,HorseDrinker,1790200809,TankPressure_2_HB,15708
2892012,2026-09-23 22:00:11.483431+00,KPEDU,antero,HorseDrinker,1790200809,BowlPressure_HB,10195
2892294,2026-09-23 22:10:11.471576+00,KPEDU,antero,HorseDrinker,1790201409,TankPressure_1_HB,17315
2892295,2026-09-23 22:10:11.471576+00,KPEDU,antero,HorseDrinker,1790201409,TankPressure_2_HB,15741
2892296,2026-09-23 22:10:11.471576+00,KPEDU,antero,HorseDrinker,1790201409,BowlPressure_HB,10196
2892467,2026-09-23 22:20:11.518853+00,KPEDU,antero,HorseDrinker,1790202009,TankPressure_1_HB,17307
2892468,2026-09-23 22:20:11.518853+00,KPEDU,antero,HorseDrinker,1790202009,TankPressure_2_HB,15711
2892469,2026-09-23 22:20:11.518853+00,KPEDU,antero,HorseDrinker,1790202009,BowlPressure_HB,10196
2892656,2026-09-23 22:30:11.482979+00,KPEDU,antero,HorseDrinker,1790202609,TankPressure_1_HB,17316
2892657,2026-09-23 22:30:11.482979+00,KPEDU,antero,HorseDrinker,1790202609,TankPressure_2_HB,15718
2892658,2026-09-23 22:30:11.482979+00,KPEDU,antero,HorseDrinker,1790202609,BowlPressure_HB,10196
2892918,2026-09-23 22:40:11.467925+00,KPEDU,antero,HorseDrinker,1790203209,TankPressure_1_HB,17333
2892919,2026-09-23 22:40:11.467925+00,KPEDU,antero,HorseDrinker,1790203209,TankPressure_2_HB,15730
2892920,2026-09-23 22:40:11.467925+00,KPEDU,antero,HorseDrinker,1790203209,BowlPressure_HB,10201
2893143,2026-09-23 22:50:11.442652+00,KPEDU,antero,HorseDrinker,1790203809,TankPressure_1_HB,17329
2893144,2026-09-23 22:50:11.442652+00,KPEDU,antero,HorseDrinker,1790203809,TankPressure_2_HB,15730
2893145,2026-09-23 22:50:11.442652+00,KPEDU,antero,HorseDrinker,1790203809,BowlPressure_HB,10201
2893316,2026-09-23 23:00:11.506244+00,KPEDU,antero,HorseDrinker,1790204409,TankPressure_1_HB,17309
2893317,2026-09-23 23:00:11.506244+00,KPEDU,antero,HorseDrinker,1790204409,TankPressure_2_HB,15711
2893318,2026-09-23 23:00:11.506244+00,KPEDU,antero,HorseDrinker,1790204409,BowlPressure_HB,10204
2893572,2026-09-23 23:10:11.481622+00,KPEDU,antero,HorseDrinker,1790205009,TankPressure_1_HB,17300
2893573,2026-09-23 23:10:11.481622+00,KPEDU,antero,HorseDrinker,1790205009,TankPressure_2_HB,15688
2893574,2026-09-23 23:10:11.481622+00,KPEDU,antero,HorseDrinker,1790205009,BowlPressure_HB,10195
2893887,2026-09-23 23:20:11.56518+00,KPEDU,antero,HorseDrinker,1790205609,TankPressure_1_HB,17277
2893888,2026-09-23 23:20:11.56518+00,KPEDU,antero,HorseDrinker,1790205609,TankPressure_2_HB,15663
2893889,2026-09-23 23:20:11.56518+00,KPEDU,antero,HorseDrinker,1790205609,BowlPressure_HB,10199
2894062,2026-09-23 23:30:11.540505+00,KPEDU,antero,HorseDrinker,1790206209,TankPressure_1_HB,17261
2894063,2026-09-23 23:30:11.540505+00,KPEDU,antero,HorseDrinker,1790206209,TankPressure_2_HB,15644
2894064,2026-09-23 23:30:11.540505+00,KPEDU,antero,HorseDrinker,1790206209,BowlPressure_HB,10196
2894306,2026-09-23 23:40:11.525769+00,KPEDU,antero,HorseDrinker,1790206809,TankPressure_1_HB,17289
2894307,2026-09-23 23:40:11.525769+00,KPEDU,antero,HorseDrinker,1790206809,TankPressure_2_HB,15652
2894308,2026-09-23 23:40:11.525769+00,KPEDU,antero,HorseDrinker,1790206809,BowlPressure_HB,10196
2894487,2026-09-23 23:50:11.502902+00,KPEDU,antero,HorseDrinker,1790207409,TankPressure_1_HB,17344
2894488,2026-09-23 23:50:11.502902+00,KPEDU,antero,HorseDrinker,1790207409,TankPressure_2_HB,15699
2894489,2026-09-23 23:50:11.502902+00,KPEDU,antero,HorseDrinker,1790207409,BowlPressure_HB,10201
2897422,2026-09-24 01:50:11.555029+00,KPEDU,antero,HorseDrinker,1790214609,TankPressure_1_HB,17354
2897423,2026-09-24 01:50:11.555029+00,KPEDU,antero,HorseDrinker,1790214609,TankPressure_2_HB,15669
2897424,2026-09-24 01:50:11.555029+00,KPEDU,antero,HorseDrinker,1790214609,BowlPressure_HB,10204
2897605,2026-09-24 02:00:11.550754+00,KPEDU,antero,HorseDrinker,1790215209,TankPressure_1_HB,17353
2897606,2026-09-24 02:00:11.550754+00,KPEDU,antero,HorseDrinker,1790215209,TankPressure_2_HB,15669
2897607,2026-09-24 02:00:11.550754+00,KPEDU,antero,HorseDrinker,1790215209,BowlPressure_HB,10208
2897863,2026-09-24 02:10:11.507045+00,KPEDU,antero,HorseDrinker,1790215809,TankPressure_1_HB,17341
2897864,2026-09-24 02:10:11.507045+00,KPEDU,antero,HorseDrinker,1790215809,TankPressure_2_HB,15663
2897865,2026-09-24 02:10:11.507045+00,KPEDU,antero,HorseDrinker,1790215809,BowlPressure_HB,10206
2898098,2026-09-24 02:20:11.59236+00,KPEDU,antero,HorseDrinker,1790216409,TankPressure_1_HB,17364
2898099,2026-09-24 02:20:11.59236+00,KPEDU,antero,HorseDrinker,1790216409,TankPressure_2_HB,15665
2898100,2026-09-24 02:20:11.59236+00,KPEDU,antero,HorseDrinker,1790216409,BowlPressure_HB,10209
2898487,2026-09-24 02:30:11.569897+00,KPEDU,antero,HorseDrinker,1790217009,TankPressure_1_HB,17348
2898488,2026-09-24 02:30:11.569897+00,KPEDU,antero,HorseDrinker,1790217009,TankPressure_2_HB,15651
2898489,2026-09-24 02:30:11.569897+00,KPEDU,antero,HorseDrinker,1790217009,BowlPressure_HB,10208
2898733,2026-09-24 02:40:11.635401+00,KPEDU,antero,HorseDrinker,1790217609,TankPressure_1_HB,17363
2898734,2026-09-24 02:40:11.635401+00,KPEDU,antero,HorseDrinker,1790217609,TankPressure_2_HB,15651
2898735,2026-09-24 02:40:11.635401+00,KPEDU,antero,HorseDrinker,1790217609,BowlPressure_HB,10210
2898910,2026-09-24 02:50:11.576512+00,KPEDU,antero,HorseDrinker,1790218209,TankPressure_1_HB,17358
2898911,2026-09-24 02:50:11.576512+00,KPEDU,antero,HorseDrinker,1790218209,TankPressure_2_HB,15643
2898912,2026-09-24 02:50:11.576512+00,KPEDU,antero,HorseDrinker,1790218209,BowlPressure_HB,10209
2899406,2026-09-24 03:00:11.559869+00,KPEDU,antero,HorseDrinker,1790218809,TankPressure_1_HB,17293
2899407,2026-09-24 03:00:11.559869+00,KPEDU,antero,HorseDrinker,1790218809,TankPressure_2_HB,15589
2899408,2026-09-24 03:00:11.559869+00,KPEDU,antero,HorseDrinker,1790218809,BowlPressure_HB,10204
2901720,2026-09-24 04:30:11.647696+00,KPEDU,antero,HorseDrinker,1790224209,TankPressure_1_HB,17379
2901721,2026-09-24 04:30:11.647696+00,KPEDU,antero,HorseDrinker,1790224209,TankPressure_2_HB,15620
2901722,2026-09-24 04:30:11.647696+00,KPEDU,antero,HorseDrinker,1790224209,BowlPressure_HB,10213
2902034,2026-09-24 04:40:11.603451+00,KPEDU,antero,HorseDrinker,1790224809,TankPressure_1_HB,17309
2902035,2026-09-24 04:40:11.603451+00,KPEDU,antero,HorseDrinker,1790224809,TankPressure_2_HB,15549
2902036,2026-09-24 04:40:11.603451+00,KPEDU,antero,HorseDrinker,1790224809,BowlPressure_HB,10214
2902219,2026-09-24 04:50:11.59015+00,KPEDU,antero,HorseDrinker,1790225409,TankPressure_1_HB,17347
2902220,2026-09-24 04:50:11.59015+00,KPEDU,antero,HorseDrinker,1790225409,TankPressure_2_HB,15585
2902221,2026-09-24 04:50:11.59015+00,KPEDU,antero,HorseDrinker,1790225409,BowlPressure_HB,10206
2902392,2026-09-24 05:00:11.555709+00,KPEDU,antero,HorseDrinker,1790226009,TankPressure_1_HB,17300
2902393,2026-09-24 05:00:11.555709+00,KPEDU,antero,HorseDrinker,1790226009,TankPressure_2_HB,15538
2902394,2026-09-24 05:00:11.555709+00,KPEDU,antero,HorseDrinker,1790226009,BowlPressure_HB,10206
2902883,2026-09-24 05:10:11.64155+00,KPEDU,antero,HorseDrinker,1790226609,TankPressure_1_HB,17402
2902884,2026-09-24 05:10:11.64155+00,KPEDU,antero,HorseDrinker,1790226609,TankPressure_2_HB,15629
2902885,2026-09-24 05:10:11.64155+00,KPEDU,antero,HorseDrinker,1790226609,BowlPressure_HB,10205
2903064,2026-09-24 05:20:11.626329+00,KPEDU,antero,HorseDrinker,1790227209,TankPressure_1_HB,17343
2903065,2026-09-24 05:20:11.626329+00,KPEDU,antero,HorseDrinker,1790227209,TankPressure_2_HB,15567
2903066,2026-09-24 05:20:11.626329+00,KPEDU,antero,HorseDrinker,1790227209,BowlPressure_HB,10201
2903247,2026-09-24 05:30:12.408187+00,KPEDU,antero,HorseDrinker,1790227809,TankPressure_1_HB,17363
2903248,2026-09-24 05:30:12.408187+00,KPEDU,antero,HorseDrinker,1790227809,TankPressure_2_HB,15598
2903249,2026-09-24 05:30:12.408187+00,KPEDU,antero,HorseDrinker,1790227809,BowlPressure_HB,10189
2903799,2026-09-24 05:40:11.669378+00,KPEDU,antero,HorseDrinker,1790228409,TankPressure_1_HB,17378
2903800,2026-09-24 05:40:11.669378+00,KPEDU,antero,HorseDrinker,1790228409,TankPressure_2_HB,15600
2903801,2026-09-24 05:40:11.669378+00,KPEDU,antero,HorseDrinker,1790228409,BowlPressure_HB,10194
2908214,2026-09-24 08:20:11.615986+00,KPEDU,antero,HorseDrinker,1790238009,TankPressure_1_HB,17341
2896416,2026-09-24 01:10:11.477385+00,KPEDU,antero,HorseDrinker,1790212209,TankPressure_2_HB,15622
2896417,2026-09-24 01:10:11.477385+00,KPEDU,antero,HorseDrinker,1790212209,BowlPressure_HB,10214
2896610,2026-09-24 01:20:11.552954+00,KPEDU,antero,HorseDrinker,1790212809,TankPressure_1_HB,17291
2896611,2026-09-24 01:20:11.552954+00,KPEDU,antero,HorseDrinker,1790212809,TankPressure_2_HB,15606
2896612,2026-09-24 01:20:11.552954+00,KPEDU,antero,HorseDrinker,1790212809,BowlPressure_HB,10209
2896785,2026-09-24 01:30:11.52628+00,KPEDU,antero,HorseDrinker,1790213409,TankPressure_1_HB,17361
2896786,2026-09-24 01:30:11.52628+00,KPEDU,antero,HorseDrinker,1790213409,TankPressure_2_HB,15670
2896787,2026-09-24 01:30:11.52628+00,KPEDU,antero,HorseDrinker,1790213409,BowlPressure_HB,10208
2897025,2026-09-24 01:40:11.600719+00,KPEDU,antero,HorseDrinker,1790214009,TankPressure_1_HB,17322
2897026,2026-09-24 01:40:11.600719+00,KPEDU,antero,HorseDrinker,1790214009,TankPressure_2_HB,15642
2897027,2026-09-24 01:40:11.600719+00,KPEDU,antero,HorseDrinker,1790214009,BowlPressure_HB,10206
2899663,2026-09-24 03:10:11.529781+00,KPEDU,antero,HorseDrinker,1790219409,TankPressure_1_HB,17329
2899664,2026-09-24 03:10:11.529781+00,KPEDU,antero,HorseDrinker,1790219409,TankPressure_2_HB,15619
2899665,2026-09-24 03:10:11.529781+00,KPEDU,antero,HorseDrinker,1790219409,BowlPressure_HB,10206
2899838,2026-09-24 03:20:11.607904+00,KPEDU,antero,HorseDrinker,1790220009,TankPressure_1_HB,17358
2899839,2026-09-24 03:20:11.607904+00,KPEDU,antero,HorseDrinker,1790220009,TankPressure_2_HB,15637
2899840,2026-09-24 03:20:11.607904+00,KPEDU,antero,HorseDrinker,1790220009,BowlPressure_HB,10213
2900233,2026-09-24 03:30:11.60732+00,KPEDU,antero,HorseDrinker,1790220609,TankPressure_1_HB,17361
2900234,2026-09-24 03:30:11.60732+00,KPEDU,antero,HorseDrinker,1790220609,TankPressure_2_HB,15623
2900235,2026-09-24 03:30:11.60732+00,KPEDU,antero,HorseDrinker,1790220609,BowlPressure_HB,10206
2900479,2026-09-24 03:40:11.65157+00,KPEDU,antero,HorseDrinker,1790221209,TankPressure_1_HB,17335
2900480,2026-09-24 03:40:11.65157+00,KPEDU,antero,HorseDrinker,1790221209,TankPressure_2_HB,15595
2900481,2026-09-24 03:40:11.65157+00,KPEDU,antero,HorseDrinker,1790221209,BowlPressure_HB,10207
2900670,2026-09-24 03:50:11.621188+00,KPEDU,antero,HorseDrinker,1790221809,TankPressure_1_HB,17357
2900671,2026-09-24 03:50:11.621188+00,KPEDU,antero,HorseDrinker,1790221809,TankPressure_2_HB,15624
2900672,2026-09-24 03:50:11.621188+00,KPEDU,antero,HorseDrinker,1790221809,BowlPressure_HB,10208
2901139,2026-09-24 04:00:11.499275+00,KPEDU,antero,HorseDrinker,1790222409,TankPressure_1_HB,17400
2901140,2026-09-24 04:00:11.499275+00,KPEDU,antero,HorseDrinker,1790222409,TankPressure_2_HB,15663
2901141,2026-09-24 04:00:11.499275+00,KPEDU,antero,HorseDrinker,1790222409,BowlPressure_HB,10207
2901353,2026-09-24 04:10:11.759619+00,KPEDU,antero,HorseDrinker,1790223009,TankPressure_1_HB,17343
2901354,2026-09-24 04:10:11.759619+00,KPEDU,antero,HorseDrinker,1790223009,TankPressure_2_HB,15595
2901355,2026-09-24 04:10:11.759619+00,KPEDU,antero,HorseDrinker,1790223009,BowlPressure_HB,10205
2901526,2026-09-24 04:20:11.645033+00,KPEDU,antero,HorseDrinker,1790223609,TankPressure_1_HB,17352
2901527,2026-09-24 04:20:11.645033+00,KPEDU,antero,HorseDrinker,1790223609,TankPressure_2_HB,15608
2901528,2026-09-24 04:20:11.645033+00,KPEDU,antero,HorseDrinker,1790223609,BowlPressure_HB,10212
2903972,2026-09-24 05:50:11.726779+00,KPEDU,antero,HorseDrinker,1790229009,TankPressure_1_HB,17397
2903973,2026-09-24 05:50:11.726779+00,KPEDU,antero,HorseDrinker,1790229009,TankPressure_2_HB,15624
2903974,2026-09-24 05:50:11.726779+00,KPEDU,antero,HorseDrinker,1790229009,BowlPressure_HB,10193
2904155,2026-09-24 06:00:11.731816+00,KPEDU,antero,HorseDrinker,1790229609,TankPressure_1_HB,17358
2904156,2026-09-24 06:00:11.731816+00,KPEDU,antero,HorseDrinker,1790229609,TankPressure_2_HB,15575
2904157,2026-09-24 06:00:11.731816+00,KPEDU,antero,HorseDrinker,1790229609,BowlPressure_HB,10191
2904691,2026-09-24 06:10:11.682759+00,KPEDU,antero,HorseDrinker,1790230209,TankPressure_1_HB,17344
2904692,2026-09-24 06:10:11.682759+00,KPEDU,antero,HorseDrinker,1790230209,TankPressure_2_HB,15556
2904693,2026-09-24 06:10:11.682759+00,KPEDU,antero,HorseDrinker,1790230209,BowlPressure_HB,10196
2904874,2026-09-24 06:20:11.656886+00,KPEDU,antero,HorseDrinker,1790230809,TankPressure_1_HB,17397
2904875,2026-09-24 06:20:11.656886+00,KPEDU,antero,HorseDrinker,1790230809,TankPressure_2_HB,15597
2904876,2026-09-24 06:20:11.656886+00,KPEDU,antero,HorseDrinker,1790230809,BowlPressure_HB,10194
2905049,2026-09-24 06:30:11.63809+00,KPEDU,antero,HorseDrinker,1790231409,TankPressure_1_HB,17387
2905050,2026-09-24 06:30:11.63809+00,KPEDU,antero,HorseDrinker,1790231409,TankPressure_2_HB,15603
2905051,2026-09-24 06:30:11.63809+00,KPEDU,antero,HorseDrinker,1790231409,BowlPressure_HB,10196
2905421,2026-09-24 06:40:11.677995+00,KPEDU,antero,HorseDrinker,1790232009,TankPressure_1_HB,17352
2905422,2026-09-24 06:40:11.677995+00,KPEDU,antero,HorseDrinker,1790232009,TankPressure_2_HB,15557
2905423,2026-09-24 06:40:11.677995+00,KPEDU,antero,HorseDrinker,1790232009,BowlPressure_HB,10196
2905687,2026-09-24 06:50:11.68648+00,KPEDU,antero,HorseDrinker,1790232609,TankPressure_1_HB,17330
2905688,2026-09-24 06:50:11.68648+00,KPEDU,antero,HorseDrinker,1790232609,TankPressure_2_HB,15529
2905689,2026-09-24 06:50:11.68648+00,KPEDU,antero,HorseDrinker,1790232609,BowlPressure_HB,10192
2905870,2026-09-24 07:00:11.646041+00,KPEDU,antero,HorseDrinker,1790233032,TankPressure_1,17689
2905871,2026-09-24 07:00:11.646041+00,KPEDU,antero,HorseDrinker,1790233032,TankPressure_2,15751
2905872,2026-09-24 07:00:11.646041+00,KPEDU,antero,HorseDrinker,1790233032,BowlPressure,10282
2905873,2026-09-24 07:00:11.646041+00,KPEDU,antero,HorseDrinker,1790233209,TankPressure_1_HB,17323
2905874,2026-09-24 07:00:11.646041+00,KPEDU,antero,HorseDrinker,1790233209,TankPressure_2_HB,15358
2905875,2026-09-24 07:00:11.646041+00,KPEDU,antero,HorseDrinker,1790233209,BowlPressure_HB,10266
2906123,2026-09-24 07:10:11.769295+00,KPEDU,antero,HorseDrinker,1790233809,TankPressure_1_HB,17362
2906124,2026-09-24 07:10:11.769295+00,KPEDU,antero,HorseDrinker,1790233809,TankPressure_2_HB,15283
2906125,2026-09-24 07:10:11.769295+00,KPEDU,antero,HorseDrinker,1790233809,BowlPressure_HB,10258
2906531,2026-09-24 07:20:11.676236+00,KPEDU,antero,HorseDrinker,1790234409,TankPressure_1_HB,17311
2906532,2026-09-24 07:20:11.676236+00,KPEDU,antero,HorseDrinker,1790234409,TankPressure_2_HB,15235
2906533,2026-09-24 07:20:11.676236+00,KPEDU,antero,HorseDrinker,1790234409,BowlPressure_HB,10268
2906710,2026-09-24 07:30:11.638654+00,KPEDU,antero,HorseDrinker,1790235009,TankPressure_1_HB,17337
2906711,2026-09-24 07:30:11.638654+00,KPEDU,antero,HorseDrinker,1790235009,TankPressure_2_HB,15270
2906712,2026-09-24 07:30:11.638654+00,KPEDU,antero,HorseDrinker,1790235009,BowlPressure_HB,10267
2906967,2026-09-24 07:40:11.61042+00,KPEDU,antero,HorseDrinker,1790235609,TankPressure_1_HB,17397
2906968,2026-09-24 07:40:11.61042+00,KPEDU,antero,HorseDrinker,1790235609,TankPressure_2_HB,15301
2906969,2026-09-24 07:40:11.61042+00,KPEDU,antero,HorseDrinker,1790235609,BowlPressure_HB,10253
2907364,2026-09-24 07:50:11.730816+00,KPEDU,antero,HorseDrinker,1790236209,TankPressure_1_HB,17321
2907365,2026-09-24 07:50:11.730816+00,KPEDU,antero,HorseDrinker,1790236209,TankPressure_2_HB,15258
2907366,2026-09-24 07:50:11.730816+00,KPEDU,antero,HorseDrinker,1790236209,BowlPressure_HB,10250
2907541,2026-09-24 08:00:11.697697+00,KPEDU,antero,HorseDrinker,1790236809,TankPressure_1_HB,17374
2907542,2026-09-24 08:00:11.697697+00,KPEDU,antero,HorseDrinker,1790236809,TankPressure_2_HB,15289
2907543,2026-09-24 08:00:11.697697+00,KPEDU,antero,HorseDrinker,1790236809,BowlPressure_HB,10250
2907789,2026-09-24 08:10:11.642142+00,KPEDU,antero,HorseDrinker,1790237409,TankPressure_1_HB,17331
2907790,2026-09-24 08:10:11.642142+00,KPEDU,antero,HorseDrinker,1790237409,TankPressure_2_HB,15263
2907791,2026-09-24 08:10:11.642142+00,KPEDU,antero,HorseDrinker,1790237409,BowlPressure_HB,10250
2927309,2026-09-24 21:20:12.001844+00,KPEDU,antero,HorseDrinker,1790284810,TankPressure_1_HB,17391
2927310,2026-09-24 21:20:12.001844+00,KPEDU,antero,HorseDrinker,1790284810,TankPressure_2_HB,15598
2927311,2026-09-24 21:20:12.001844+00,KPEDU,antero,HorseDrinker,1790284810,BowlPressure_HB,10219
2927720,2026-09-24 21:30:12.174194+00,KPEDU,antero,HorseDrinker,1790285410,TankPressure_1_HB,17331
2927721,2026-09-24 21:30:12.174194+00,KPEDU,antero,HorseDrinker,1790285410,TankPressure_2_HB,15542
2927722,2026-09-24 21:30:12.174194+00,KPEDU,antero,HorseDrinker,1790285410,BowlPressure_HB,10222
2927940,2026-09-24 21:40:11.908419+00,KPEDU,antero,HorseDrinker,1790286010,TankPressure_1_HB,17312
2927941,2026-09-24 21:40:11.908419+00,KPEDU,antero,HorseDrinker,1790286010,TankPressure_2_HB,15521
2927942,2026-09-24 21:40:11.908419+00,KPEDU,antero,HorseDrinker,1790286010,BowlPressure_HB,10220
2928113,2026-09-24 21:50:11.913218+00,KPEDU,antero,HorseDrinker,1790286610,TankPressure_1_HB,17377
2928114,2026-09-24 21:50:11.913218+00,KPEDU,antero,HorseDrinker,1790286610,TankPressure_2_HB,15576
2928115,2026-09-24 21:50:11.913218+00,KPEDU,antero,HorseDrinker,1790286610,BowlPressure_HB,10226
2928505,2026-09-24 22:00:11.958761+00,KPEDU,antero,HorseDrinker,1790287210,TankPressure_1_HB,17339
2928506,2026-09-24 22:00:11.958761+00,KPEDU,antero,HorseDrinker,1790287210,TankPressure_2_HB,15542
2928507,2026-09-24 22:00:11.958761+00,KPEDU,antero,HorseDrinker,1790287210,BowlPressure_HB,10230
2928743,2026-09-24 22:10:11.947283+00,KPEDU,antero,HorseDrinker,1790287810,TankPressure_1_HB,17318
2928744,2026-09-24 22:10:11.947283+00,KPEDU,antero,HorseDrinker,1790287810,TankPressure_2_HB,15521
2928745,2026-09-24 22:10:11.947283+00,KPEDU,antero,HorseDrinker,1790287810,BowlPressure_HB,10228
2928926,2026-09-24 22:20:12.010639+00,KPEDU,antero,HorseDrinker,1790288410,TankPressure_1_HB,17408
2928927,2026-09-24 22:20:12.010639+00,KPEDU,antero,HorseDrinker,1790288410,TankPressure_2_HB,15594
2928928,2026-09-24 22:20:12.010639+00,KPEDU,antero,HorseDrinker,1790288410,BowlPressure_HB,10221
2929326,2026-09-24 22:30:12.014007+00,KPEDU,antero,HorseDrinker,1790289010,TankPressure_1_HB,17326
2908215,2026-09-24 08:20:11.615986+00,KPEDU,antero,HorseDrinker,1790238009,TankPressure_2_HB,15259
2908216,2026-09-24 08:20:11.615986+00,KPEDU,antero,HorseDrinker,1790238009,BowlPressure_HB,10250
2908387,2026-09-24 08:30:11.71334+00,KPEDU,antero,HorseDrinker,1790238609,TankPressure_1_HB,17354
2908388,2026-09-24 08:30:11.71334+00,KPEDU,antero,HorseDrinker,1790238609,TankPressure_2_HB,15268
2908389,2026-09-24 08:30:11.71334+00,KPEDU,antero,HorseDrinker,1790238609,BowlPressure_HB,10249
2908647,2026-09-24 08:40:11.689222+00,KPEDU,antero,HorseDrinker,1790239175,TankPressure_1,21092
2908648,2026-09-24 08:40:11.689222+00,KPEDU,antero,HorseDrinker,1790239175,TankPressure_2,18943
2908649,2026-09-24 08:40:11.689222+00,KPEDU,antero,HorseDrinker,1790239175,BowlPressure,10285
2908650,2026-09-24 08:40:11.689222+00,KPEDU,antero,HorseDrinker,1790239209,TankPressure_1_HB,17314
2908651,2026-09-24 08:40:11.689222+00,KPEDU,antero,HorseDrinker,1790239209,TankPressure_2_HB,17252
2908652,2026-09-24 08:40:11.689222+00,KPEDU,antero,HorseDrinker,1790239209,BowlPressure_HB,10270
2909001,2026-09-24 08:50:11.657812+00,KPEDU,antero,HorseDrinker,1790239809,TankPressure_1_HB,17289
2909002,2026-09-24 08:50:11.657812+00,KPEDU,antero,HorseDrinker,1790239809,TankPressure_2_HB,17184
2909003,2026-09-24 08:50:11.657812+00,KPEDU,antero,HorseDrinker,1790239809,BowlPressure_HB,10270
2909174,2026-09-24 09:00:11.736114+00,KPEDU,antero,HorseDrinker,1790240409,TankPressure_1_HB,17326
2909175,2026-09-24 09:00:11.736114+00,KPEDU,antero,HorseDrinker,1790240409,TankPressure_2_HB,17248
2909176,2026-09-24 09:00:11.736114+00,KPEDU,antero,HorseDrinker,1790240409,BowlPressure_HB,10274
2909403,2026-09-24 09:10:11.693278+00,KPEDU,antero,HorseDrinker,1790241009,TankPressure_1_HB,17373
2909404,2026-09-24 09:10:11.693278+00,KPEDU,antero,HorseDrinker,1790241009,TankPressure_2_HB,17298
2909405,2026-09-24 09:10:11.693278+00,KPEDU,antero,HorseDrinker,1790241009,BowlPressure_HB,10274
2909595,2026-09-24 09:20:11.684573+00,KPEDU,antero,HorseDrinker,1790241609,TankPressure_1_HB,17292
2909596,2026-09-24 09:20:11.684573+00,KPEDU,antero,HorseDrinker,1790241609,TankPressure_2_HB,17207
2909597,2026-09-24 09:20:11.684573+00,KPEDU,antero,HorseDrinker,1790241609,BowlPressure_HB,10271
2909778,2026-09-24 09:30:11.750051+00,KPEDU,antero,HorseDrinker,1790242209,TankPressure_1_HB,17276
2909779,2026-09-24 09:30:11.750051+00,KPEDU,antero,HorseDrinker,1790242209,TankPressure_2_HB,17209
2909780,2026-09-24 09:30:11.750051+00,KPEDU,antero,HorseDrinker,1790242209,BowlPressure_HB,10271
2910028,2026-09-24 09:40:11.744933+00,KPEDU,antero,HorseDrinker,1790242809,TankPressure_1_HB,17331
2910029,2026-09-24 09:40:11.744933+00,KPEDU,antero,HorseDrinker,1790242809,TankPressure_2_HB,17250
2910030,2026-09-24 09:40:11.744933+00,KPEDU,antero,HorseDrinker,1790242809,BowlPressure_HB,10274
2910213,2026-09-24 09:50:11.699336+00,KPEDU,antero,HorseDrinker,1790243409,TankPressure_1_HB,17364
2910214,2026-09-24 09:50:11.699336+00,KPEDU,antero,HorseDrinker,1790243409,TankPressure_2_HB,17291
2910215,2026-09-24 09:50:11.699336+00,KPEDU,antero,HorseDrinker,1790243409,BowlPressure_HB,10272
2910399,2026-09-24 10:00:11.900398+00,KPEDU,antero,HorseDrinker,1790244009,TankPressure_1_HB,17307
2910400,2026-09-24 10:00:11.900398+00,KPEDU,antero,HorseDrinker,1790244009,TankPressure_2_HB,17232
2910401,2026-09-24 10:00:11.900398+00,KPEDU,antero,HorseDrinker,1790244009,BowlPressure_HB,10262
2910659,2026-09-24 10:10:11.717212+00,KPEDU,antero,HorseDrinker,1790244609,TankPressure_1_HB,17324
2910660,2026-09-24 10:10:11.717212+00,KPEDU,antero,HorseDrinker,1790244609,TankPressure_2_HB,17235
2910661,2026-09-24 10:10:11.717212+00,KPEDU,antero,HorseDrinker,1790244609,BowlPressure_HB,10264
2910826,2026-09-24 10:20:11.708945+00,KPEDU,antero,HorseDrinker,1790245209,TankPressure_1_HB,17311
2910827,2026-09-24 10:20:11.708945+00,KPEDU,antero,HorseDrinker,1790245209,TankPressure_2_HB,17217
2910828,2026-09-24 10:20:11.708945+00,KPEDU,antero,HorseDrinker,1790245209,BowlPressure_HB,10257
2911032,2026-09-24 10:30:11.67338+00,KPEDU,antero,HorseDrinker,1790245809,TankPressure_1_HB,17335
2911033,2026-09-24 10:30:11.67338+00,KPEDU,antero,HorseDrinker,1790245809,TankPressure_2_HB,17246
2911034,2026-09-24 10:30:11.67338+00,KPEDU,antero,HorseDrinker,1790245809,BowlPressure_HB,10261
2911277,2026-09-24 10:40:11.765777+00,KPEDU,antero,HorseDrinker,1790246409,TankPressure_1_HB,17276
2911278,2026-09-24 10:40:11.765777+00,KPEDU,antero,HorseDrinker,1790246409,TankPressure_2_HB,17182
2911279,2026-09-24 10:40:11.765777+00,KPEDU,antero,HorseDrinker,1790246409,BowlPressure_HB,10255
2911454,2026-09-24 10:50:11.742076+00,KPEDU,antero,HorseDrinker,1790247009,TankPressure_1_HB,17339
2911455,2026-09-24 10:50:11.742076+00,KPEDU,antero,HorseDrinker,1790247009,TankPressure_2_HB,17253
2911456,2026-09-24 10:50:11.742076+00,KPEDU,antero,HorseDrinker,1790247009,BowlPressure_HB,10247
2911665,2026-09-24 11:00:11.687777+00,KPEDU,antero,HorseDrinker,1790247609,TankPressure_1_HB,17408
2911666,2026-09-24 11:00:11.687777+00,KPEDU,antero,HorseDrinker,1790247609,TankPressure_2_HB,17290
2911667,2026-09-24 11:00:11.687777+00,KPEDU,antero,HorseDrinker,1790247609,BowlPressure_HB,10240
2911911,2026-09-24 11:10:11.719977+00,KPEDU,antero,HorseDrinker,1790248209,TankPressure_1_HB,17343
2911912,2026-09-24 11:10:11.719977+00,KPEDU,antero,HorseDrinker,1790248209,TankPressure_2_HB,17227
2911913,2026-09-24 11:10:11.719977+00,KPEDU,antero,HorseDrinker,1790248209,BowlPressure_HB,10234
2912125,2026-09-24 11:20:11.76777+00,KPEDU,antero,HorseDrinker,1790248809,TankPressure_1_HB,17363
2912126,2026-09-24 11:20:11.76777+00,KPEDU,antero,HorseDrinker,1790248809,TankPressure_2_HB,17242
2912127,2026-09-24 11:20:11.76777+00,KPEDU,antero,HorseDrinker,1790248809,BowlPressure_HB,10239
2912296,2026-09-24 11:30:11.710206+00,KPEDU,antero,HorseDrinker,1790249409,TankPressure_1_HB,17315
2912297,2026-09-24 11:30:11.710206+00,KPEDU,antero,HorseDrinker,1790249409,TankPressure_2_HB,17167
2912298,2026-09-24 11:30:11.710206+00,KPEDU,antero,HorseDrinker,1790249409,BowlPressure_HB,10239
2912555,2026-09-24 11:40:11.947567+00,KPEDU,antero,HorseDrinker,1790250009,TankPressure_1_HB,17306
2912556,2026-09-24 11:40:11.947567+00,KPEDU,antero,HorseDrinker,1790250009,TankPressure_2_HB,17181
2912557,2026-09-24 11:40:11.947567+00,KPEDU,antero,HorseDrinker,1790250009,BowlPressure_HB,10243
2912745,2026-09-24 11:50:11.766511+00,KPEDU,antero,HorseDrinker,1790250609,TankPressure_1_HB,17342
2912746,2026-09-24 11:50:11.766511+00,KPEDU,antero,HorseDrinker,1790250609,TankPressure_2_HB,17190
2912747,2026-09-24 11:50:11.766511+00,KPEDU,antero,HorseDrinker,1790250609,BowlPressure_HB,10237
2912928,2026-09-24 12:00:11.763062+00,KPEDU,antero,HorseDrinker,1790251209,TankPressure_1_HB,17254
2912929,2026-09-24 12:00:11.763062+00,KPEDU,antero,HorseDrinker,1790251209,TankPressure_2_HB,17116
2912930,2026-09-24 12:00:11.763062+00,KPEDU,antero,HorseDrinker,1790251209,BowlPressure_HB,10240
2913175,2026-09-24 12:10:11.741953+00,KPEDU,antero,HorseDrinker,1790251809,TankPressure_1_HB,17309
2913176,2026-09-24 12:10:11.741953+00,KPEDU,antero,HorseDrinker,1790251809,TankPressure_2_HB,17174
2913177,2026-09-24 12:10:11.741953+00,KPEDU,antero,HorseDrinker,1790251809,BowlPressure_HB,10242
2913400,2026-09-24 12:20:11.814251+00,KPEDU,antero,HorseDrinker,1790252409,TankPressure_1_HB,17305
2913401,2026-09-24 12:20:11.814251+00,KPEDU,antero,HorseDrinker,1790252409,TankPressure_2_HB,17148
2913402,2026-09-24 12:20:11.814251+00,KPEDU,antero,HorseDrinker,1790252409,BowlPressure_HB,10251
2913573,2026-09-24 12:30:11.775405+00,KPEDU,antero,HorseDrinker,1790253009,TankPressure_1_HB,17281
2913574,2026-09-24 12:30:11.775405+00,KPEDU,antero,HorseDrinker,1790253009,TankPressure_2_HB,17155
2913575,2026-09-24 12:30:11.775405+00,KPEDU,antero,HorseDrinker,1790253009,BowlPressure_HB,10254
2913829,2026-09-24 12:40:11.771268+00,KPEDU,antero,HorseDrinker,1790253609,TankPressure_1_HB,17348
2913830,2026-09-24 12:40:11.771268+00,KPEDU,antero,HorseDrinker,1790253609,TankPressure_2_HB,17201
2913831,2026-09-24 12:40:11.771268+00,KPEDU,antero,HorseDrinker,1790253609,BowlPressure_HB,10254
2914031,2026-09-24 12:50:11.73253+00,KPEDU,antero,HorseDrinker,1790254209,TankPressure_1_HB,17312
2914032,2026-09-24 12:50:11.73253+00,KPEDU,antero,HorseDrinker,1790254209,TankPressure_2_HB,17144
2914033,2026-09-24 12:50:11.73253+00,KPEDU,antero,HorseDrinker,1790254209,BowlPressure_HB,10257
2914204,2026-09-24 13:00:11.800089+00,KPEDU,antero,HorseDrinker,1790254809,TankPressure_1_HB,17327
2914205,2026-09-24 13:00:11.800089+00,KPEDU,antero,HorseDrinker,1790254809,TankPressure_2_HB,17138
2914206,2026-09-24 13:00:11.800089+00,KPEDU,antero,HorseDrinker,1790254809,BowlPressure_HB,10248
2914470,2026-09-24 13:10:11.799802+00,KPEDU,antero,HorseDrinker,1790255409,TankPressure_1_HB,17303
2914471,2026-09-24 13:10:11.799802+00,KPEDU,antero,HorseDrinker,1790255409,TankPressure_2_HB,17137
2914472,2026-09-24 13:10:11.799802+00,KPEDU,antero,HorseDrinker,1790255409,BowlPressure_HB,10249
2914668,2026-09-24 13:20:11.776617+00,KPEDU,antero,HorseDrinker,1790255575,TankPressure_1,16246
2914669,2026-09-24 13:20:11.776617+00,KPEDU,antero,HorseDrinker,1790255575,TankPressure_2,17412
2914670,2026-09-24 13:20:11.776617+00,KPEDU,antero,HorseDrinker,1790255575,BowlPressure,10284
2914671,2026-09-24 13:20:11.776617+00,KPEDU,antero,HorseDrinker,1790256009,TankPressure_1_HB,15986
2914672,2026-09-24 13:20:11.776617+00,KPEDU,antero,HorseDrinker,1790256009,TankPressure_2_HB,17163
2914673,2026-09-24 13:20:11.776617+00,KPEDU,antero,HorseDrinker,1790256009,BowlPressure_HB,10257
2914882,2026-09-24 13:30:11.749591+00,KPEDU,antero,HorseDrinker,1790256609,TankPressure_1_HB,16011
2914883,2026-09-24 13:30:11.749591+00,KPEDU,antero,HorseDrinker,1790256609,TankPressure_2_HB,17198
2914884,2026-09-24 13:30:11.749591+00,KPEDU,antero,HorseDrinker,1790256609,BowlPressure_HB,10256
2915108,2026-09-24 13:40:11.80067+00,KPEDU,antero,HorseDrinker,1790257209,TankPressure_1_HB,15933
2915109,2026-09-24 13:40:11.80067+00,KPEDU,antero,HorseDrinker,1790257209,TankPressure_2_HB,17118
2915110,2026-09-24 13:40:11.80067+00,KPEDU,antero,HorseDrinker,1790257209,BowlPressure_HB,10254
2915293,2026-09-24 13:50:11.746249+00,KPEDU,antero,HorseDrinker,1790257809,TankPressure_1_HB,15993
2915294,2026-09-24 13:50:11.746249+00,KPEDU,antero,HorseDrinker,1790257809,TankPressure_2_HB,17183
2915295,2026-09-24 13:50:11.746249+00,KPEDU,antero,HorseDrinker,1790257809,BowlPressure_HB,10196
2915529,2026-09-24 14:00:11.76453+00,KPEDU,antero,HorseDrinker,1790258400,TankPressure_1,15840
2915530,2026-09-24 14:00:11.76453+00,KPEDU,antero,HorseDrinker,1790258400,TankPressure_2,17464
2915531,2026-09-24 14:00:11.76453+00,KPEDU,antero,HorseDrinker,1790258400,BowlPressure,11039
2915532,2026-09-24 14:00:11.76453+00,KPEDU,antero,HorseDrinker,1790258409,TankPressure_1_HB,16234
2915533,2026-09-24 14:00:11.76453+00,KPEDU,antero,HorseDrinker,1790258409,TankPressure_2_HB,18263
2915534,2026-09-24 14:00:11.76453+00,KPEDU,antero,HorseDrinker,1790258409,BowlPressure_HB,9799
2915786,2026-09-24 14:10:11.820524+00,KPEDU,antero,HorseDrinker,1790258424,TankPressure_1,17833
2915787,2026-09-24 14:10:11.820524+00,KPEDU,antero,HorseDrinker,1790258424,TankPressure_2,20856
2915788,2026-09-24 14:10:11.820524+00,KPEDU,antero,HorseDrinker,1790258424,BowlPressure,11195
2915789,2026-09-24 14:10:11.820524+00,KPEDU,antero,HorseDrinker,1790258474,TankPressure_1,17635
2915790,2026-09-24 14:10:11.820524+00,KPEDU,antero,HorseDrinker,1790258474,TankPressure_2,16082
2915791,2026-09-24 14:10:11.820524+00,KPEDU,antero,HorseDrinker,1790258474,BowlPressure,10284
2915792,2026-09-24 14:10:11.820524+00,KPEDU,antero,HorseDrinker,1790259009,TankPressure_1_HB,17372
2915793,2026-09-24 14:10:11.820524+00,KPEDU,antero,HorseDrinker,1790259009,TankPressure_2_HB,15759
2915794,2026-09-24 14:10:11.820524+00,KPEDU,antero,HorseDrinker,1790259009,BowlPressure_HB,10221
2915959,2026-09-24 14:20:11.78914+00,KPEDU,antero,HorseDrinker,1790259609,TankPressure_1_HB,17360
2915960,2026-09-24 14:20:11.78914+00,KPEDU,antero,HorseDrinker,1790259609,TankPressure_2_HB,15674
2915961,2026-09-24 14:20:11.78914+00,KPEDU,antero,HorseDrinker,1790259609,BowlPressure_HB,10228
2916221,2026-09-24 14:30:11.812423+00,KPEDU,antero,HorseDrinker,1790260209,TankPressure_1_HB,17387
2916222,2026-09-24 14:30:11.812423+00,KPEDU,antero,HorseDrinker,1790260209,TankPressure_2_HB,15644
2916223,2026-09-24 14:30:11.812423+00,KPEDU,antero,HorseDrinker,1790260209,BowlPressure_HB,10226
2916461,2026-09-24 14:40:11.824487+00,KPEDU,antero,HorseDrinker,1790260809,TankPressure_1_HB,17355
2916462,2026-09-24 14:40:11.824487+00,KPEDU,antero,HorseDrinker,1790260809,TankPressure_2_HB,15596
2916463,2026-09-24 14:40:11.824487+00,KPEDU,antero,HorseDrinker,1790260809,BowlPressure_HB,10220
2916654,2026-09-24 14:50:11.821184+00,KPEDU,antero,HorseDrinker,1790261409,TankPressure_1_HB,17377
2916655,2026-09-24 14:50:11.821184+00,KPEDU,antero,HorseDrinker,1790261409,TankPressure_2_HB,15601
2916656,2026-09-24 14:50:11.821184+00,KPEDU,antero,HorseDrinker,1790261409,BowlPressure_HB,10226
2917050,2026-09-24 15:00:11.794629+00,KPEDU,antero,HorseDrinker,1790262009,TankPressure_1_HB,17329
2917051,2026-09-24 15:00:11.794629+00,KPEDU,antero,HorseDrinker,1790262009,TankPressure_2_HB,15571
2917052,2026-09-24 15:00:11.794629+00,KPEDU,antero,HorseDrinker,1790262009,BowlPressure_HB,10224
2917294,2026-09-24 15:10:11.75492+00,KPEDU,antero,HorseDrinker,1790262609,TankPressure_1_HB,17358
2917295,2026-09-24 15:10:11.75492+00,KPEDU,antero,HorseDrinker,1790262609,TankPressure_2_HB,15597
2917296,2026-09-24 15:10:11.75492+00,KPEDU,antero,HorseDrinker,1790262609,BowlPressure_HB,10221
2917467,2026-09-24 15:20:11.843575+00,KPEDU,antero,HorseDrinker,1790263209,TankPressure_1_HB,17329
2917468,2026-09-24 15:20:11.843575+00,KPEDU,antero,HorseDrinker,1790263209,TankPressure_2_HB,15545
2917469,2026-09-24 15:20:11.843575+00,KPEDU,antero,HorseDrinker,1790263209,BowlPressure_HB,10227
2917918,2026-09-24 15:30:11.822455+00,KPEDU,antero,HorseDrinker,1790263809,TankPressure_1_HB,17368
2917919,2026-09-24 15:30:11.822455+00,KPEDU,antero,HorseDrinker,1790263809,TankPressure_2_HB,15577
2917920,2026-09-24 15:30:11.822455+00,KPEDU,antero,HorseDrinker,1790263809,BowlPressure_HB,10227
2918176,2026-09-24 15:40:11.907588+00,KPEDU,antero,HorseDrinker,1790264409,TankPressure_1_HB,17391
2918177,2026-09-24 15:40:11.907588+00,KPEDU,antero,HorseDrinker,1790264409,TankPressure_2_HB,15614
2918178,2026-09-24 15:40:11.907588+00,KPEDU,antero,HorseDrinker,1790264409,BowlPressure_HB,10229
2918351,2026-09-24 15:50:11.908318+00,KPEDU,antero,HorseDrinker,1790265009,TankPressure_1_HB,17342
2918352,2026-09-24 15:50:11.908318+00,KPEDU,antero,HorseDrinker,1790265009,TankPressure_2_HB,15562
2929327,2026-09-24 22:30:12.014007+00,KPEDU,antero,HorseDrinker,1790289010,TankPressure_2_HB,15517
2929328,2026-09-24 22:30:12.014007+00,KPEDU,antero,HorseDrinker,1790289010,BowlPressure_HB,10219
2929575,2026-09-24 22:40:11.990995+00,KPEDU,antero,HorseDrinker,1790289610,TankPressure_1_HB,17356
2929576,2026-09-24 22:40:11.990995+00,KPEDU,antero,HorseDrinker,1790289610,TankPressure_2_HB,15542
2929577,2026-09-24 22:40:11.990995+00,KPEDU,antero,HorseDrinker,1790289610,BowlPressure_HB,10225
2929750,2026-09-24 22:50:11.995371+00,KPEDU,antero,HorseDrinker,1790290210,TankPressure_1_HB,17343
2929751,2026-09-24 22:50:11.995371+00,KPEDU,antero,HorseDrinker,1790290210,TankPressure_2_HB,15555
2929752,2026-09-24 22:50:11.995371+00,KPEDU,antero,HorseDrinker,1790290210,BowlPressure_HB,10220
2930147,2026-09-24 23:00:11.916289+00,KPEDU,antero,HorseDrinker,1790290810,TankPressure_1_HB,17354
2930148,2026-09-24 23:00:11.916289+00,KPEDU,antero,HorseDrinker,1790290810,TankPressure_2_HB,15547
2930149,2026-09-24 23:00:11.916289+00,KPEDU,antero,HorseDrinker,1790290810,BowlPressure_HB,10218
2930373,2026-09-24 23:10:12.025114+00,KPEDU,antero,HorseDrinker,1790291410,TankPressure_1_HB,17362
2930374,2026-09-24 23:10:12.025114+00,KPEDU,antero,HorseDrinker,1790291410,TankPressure_2_HB,15557
2930375,2026-09-24 23:10:12.025114+00,KPEDU,antero,HorseDrinker,1790291410,BowlPressure_HB,10220
2930558,2026-09-24 23:20:12.133049+00,KPEDU,antero,HorseDrinker,1790292010,TankPressure_1_HB,17315
2930559,2026-09-24 23:20:12.133049+00,KPEDU,antero,HorseDrinker,1790292010,TankPressure_2_HB,15490
2930560,2026-09-24 23:20:12.133049+00,KPEDU,antero,HorseDrinker,1790292010,BowlPressure_HB,10224
2930739,2026-09-24 23:30:11.955238+00,KPEDU,antero,HorseDrinker,1790292610,TankPressure_1_HB,17354
2930740,2026-09-24 23:30:11.955238+00,KPEDU,antero,HorseDrinker,1790292610,TankPressure_2_HB,15540
2930741,2026-09-24 23:30:11.955238+00,KPEDU,antero,HorseDrinker,1790292610,BowlPressure_HB,10228
2931224,2026-09-24 23:40:12.025704+00,KPEDU,antero,HorseDrinker,1790293210,TankPressure_1_HB,17276
2931225,2026-09-24 23:40:12.025704+00,KPEDU,antero,HorseDrinker,1790293210,TankPressure_2_HB,15469
2931226,2026-09-24 23:40:12.025704+00,KPEDU,antero,HorseDrinker,1790293210,BowlPressure_HB,10217
2931403,2026-09-24 23:50:12.027305+00,KPEDU,antero,HorseDrinker,1790293810,TankPressure_1_HB,17405
2931404,2026-09-24 23:50:12.027305+00,KPEDU,antero,HorseDrinker,1790293810,TankPressure_2_HB,15586
2931405,2026-09-24 23:50:12.027305+00,KPEDU,antero,HorseDrinker,1790293810,BowlPressure_HB,10228
2931582,2026-09-25 00:00:11.982632+00,KPEDU,antero,HorseDrinker,1790294410,TankPressure_1_HB,17340
2931583,2026-09-25 00:00:11.982632+00,KPEDU,antero,HorseDrinker,1790294410,TankPressure_2_HB,15520
2931584,2026-09-25 00:00:11.982632+00,KPEDU,antero,HorseDrinker,1790294410,BowlPressure_HB,10229
2932027,2026-09-25 00:10:11.943117+00,KPEDU,antero,HorseDrinker,1790295010,TankPressure_1_HB,17398
2932028,2026-09-25 00:10:11.943117+00,KPEDU,antero,HorseDrinker,1790295010,TankPressure_2_HB,15579
2932029,2026-09-25 00:10:11.943117+00,KPEDU,antero,HorseDrinker,1790295010,BowlPressure_HB,10231
2932206,2026-09-25 00:20:12.032681+00,KPEDU,antero,HorseDrinker,1790295610,TankPressure_1_HB,17297
2932207,2026-09-25 00:20:12.032681+00,KPEDU,antero,HorseDrinker,1790295610,TankPressure_2_HB,15470
2932208,2026-09-25 00:20:12.032681+00,KPEDU,antero,HorseDrinker,1790295610,BowlPressure_HB,10221
2932393,2026-09-25 00:30:12.013+00,KPEDU,antero,HorseDrinker,1790296210,TankPressure_1_HB,17355
2932394,2026-09-25 00:30:12.013+00,KPEDU,antero,HorseDrinker,1790296210,TankPressure_2_HB,15532
2932395,2026-09-25 00:30:12.013+00,KPEDU,antero,HorseDrinker,1790296210,BowlPressure_HB,10220
2932834,2026-09-25 00:40:12.113164+00,KPEDU,antero,HorseDrinker,1790296810,TankPressure_1_HB,17309
2932835,2026-09-25 00:40:12.113164+00,KPEDU,antero,HorseDrinker,1790296810,TankPressure_2_HB,15481
2932836,2026-09-25 00:40:12.113164+00,KPEDU,antero,HorseDrinker,1790296810,BowlPressure_HB,10226
2933023,2026-09-25 00:50:12.038675+00,KPEDU,antero,HorseDrinker,1790297410,TankPressure_1_HB,17352
2933024,2026-09-25 00:50:12.038675+00,KPEDU,antero,HorseDrinker,1790297410,TankPressure_2_HB,15529
2933025,2026-09-25 00:50:12.038675+00,KPEDU,antero,HorseDrinker,1790297410,BowlPressure_HB,10223
2933200,2026-09-25 01:00:12.020068+00,KPEDU,antero,HorseDrinker,1790298010,TankPressure_1_HB,17315
2933201,2026-09-25 01:00:12.020068+00,KPEDU,antero,HorseDrinker,1790298010,TankPressure_2_HB,15507
2933202,2026-09-25 01:00:12.020068+00,KPEDU,antero,HorseDrinker,1790298010,BowlPressure_HB,10226
2933699,2026-09-25 01:10:11.993387+00,KPEDU,antero,HorseDrinker,1790298610,TankPressure_1_HB,17426
2933700,2026-09-25 01:10:11.993387+00,KPEDU,antero,HorseDrinker,1790298610,TankPressure_2_HB,15585
2933701,2026-09-25 01:10:11.993387+00,KPEDU,antero,HorseDrinker,1790298610,BowlPressure_HB,10226
2933872,2026-09-25 01:20:12.059066+00,KPEDU,antero,HorseDrinker,1790299210,TankPressure_1_HB,17303
2933873,2026-09-25 01:20:12.059066+00,KPEDU,antero,HorseDrinker,1790299210,TankPressure_2_HB,15486
2933874,2026-09-25 01:20:12.059066+00,KPEDU,antero,HorseDrinker,1790299210,BowlPressure_HB,10224
2934057,2026-09-25 01:30:12.042283+00,KPEDU,antero,HorseDrinker,1790299810,TankPressure_1_HB,17401
2934058,2026-09-25 01:30:12.042283+00,KPEDU,antero,HorseDrinker,1790299810,TankPressure_2_HB,15558
2934059,2026-09-25 01:30:12.042283+00,KPEDU,antero,HorseDrinker,1790299810,BowlPressure_HB,10220
2934352,2026-09-25 01:40:11.980564+00,KPEDU,antero,HorseDrinker,1790300410,TankPressure_1_HB,17338
2934353,2026-09-25 01:40:11.980564+00,KPEDU,antero,HorseDrinker,1790300410,TankPressure_2_HB,15496
2934354,2026-09-25 01:40:11.980564+00,KPEDU,antero,HorseDrinker,1790300410,BowlPressure_HB,10224
2934703,2026-09-25 01:50:12.067496+00,KPEDU,antero,HorseDrinker,1790301010,TankPressure_1_HB,17358
2934704,2026-09-25 01:50:12.067496+00,KPEDU,antero,HorseDrinker,1790301010,TankPressure_2_HB,15535
2934705,2026-09-25 01:50:12.067496+00,KPEDU,antero,HorseDrinker,1790301010,BowlPressure_HB,10228
2934876,2026-09-25 02:00:12.049074+00,KPEDU,antero,HorseDrinker,1790301610,TankPressure_1_HB,17324
2934877,2026-09-25 02:00:12.049074+00,KPEDU,antero,HorseDrinker,1790301610,TankPressure_2_HB,15481
2934878,2026-09-25 02:00:12.049074+00,KPEDU,antero,HorseDrinker,1790301610,BowlPressure_HB,10220
2935122,2026-09-25 02:10:12.030627+00,KPEDU,antero,HorseDrinker,1790302210,TankPressure_1_HB,17355
2935123,2026-09-25 02:10:12.030627+00,KPEDU,antero,HorseDrinker,1790302210,TankPressure_2_HB,15511
2935124,2026-09-25 02:10:12.030627+00,KPEDU,antero,HorseDrinker,1790302210,BowlPressure_HB,10219
2935522,2026-09-25 02:20:12.22416+00,KPEDU,antero,HorseDrinker,1790302810,TankPressure_1_HB,17298
2935523,2026-09-25 02:20:12.22416+00,KPEDU,antero,HorseDrinker,1790302810,TankPressure_2_HB,15453
2935524,2026-09-25 02:20:12.22416+00,KPEDU,antero,HorseDrinker,1790302810,BowlPressure_HB,10221
2935713,2026-09-25 02:30:12.058667+00,KPEDU,antero,HorseDrinker,1790303410,TankPressure_1_HB,17334
2935714,2026-09-25 02:30:12.058667+00,KPEDU,antero,HorseDrinker,1790303410,TankPressure_2_HB,15510
2935715,2026-09-25 02:30:12.058667+00,KPEDU,antero,HorseDrinker,1790303410,BowlPressure_HB,10228
2935937,2026-09-25 02:40:12.057099+00,KPEDU,antero,HorseDrinker,1790304010,TankPressure_1_HB,17324
2935938,2026-09-25 02:40:12.057099+00,KPEDU,antero,HorseDrinker,1790304010,TankPressure_2_HB,15478
2935939,2026-09-25 02:40:12.057099+00,KPEDU,antero,HorseDrinker,1790304010,BowlPressure_HB,10215
2936327,2026-09-25 02:50:12.137485+00,KPEDU,antero,HorseDrinker,1790304610,TankPressure_1_HB,17328
2936328,2026-09-25 02:50:12.137485+00,KPEDU,antero,HorseDrinker,1790304610,TankPressure_2_HB,15487
2936329,2026-09-25 02:50:12.137485+00,KPEDU,antero,HorseDrinker,1790304610,BowlPressure_HB,10222
2936502,2026-09-25 03:00:12.068191+00,KPEDU,antero,HorseDrinker,1790305210,TankPressure_1_HB,17365
2936503,2026-09-25 03:00:12.068191+00,KPEDU,antero,HorseDrinker,1790305210,TankPressure_2_HB,15525
2936504,2026-09-25 03:00:12.068191+00,KPEDU,antero,HorseDrinker,1790305210,BowlPressure_HB,10225
2936757,2026-09-25 03:10:12.086631+00,KPEDU,antero,HorseDrinker,1790305810,TankPressure_1_HB,17321
2936758,2026-09-25 03:10:12.086631+00,KPEDU,antero,HorseDrinker,1790305810,TankPressure_2_HB,15495
2936759,2026-09-25 03:10:12.086631+00,KPEDU,antero,HorseDrinker,1790305810,BowlPressure_HB,10228
2937168,2026-09-25 03:20:12.01698+00,KPEDU,antero,HorseDrinker,1790306410,TankPressure_1_HB,17374
2937169,2026-09-25 03:20:12.01698+00,KPEDU,antero,HorseDrinker,1790306410,TankPressure_2_HB,15548
2937170,2026-09-25 03:20:12.01698+00,KPEDU,antero,HorseDrinker,1790306410,BowlPressure_HB,10228
2937349,2026-09-25 03:30:12.097175+00,KPEDU,antero,HorseDrinker,1790307010,TankPressure_1_HB,17355
2937350,2026-09-25 03:30:12.097175+00,KPEDU,antero,HorseDrinker,1790307010,TankPressure_2_HB,15523
2937351,2026-09-25 03:30:12.097175+00,KPEDU,antero,HorseDrinker,1790307010,BowlPressure_HB,10231
2937567,2026-09-25 03:40:12.078443+00,KPEDU,antero,HorseDrinker,1790307610,TankPressure_1_HB,17336
2937568,2026-09-25 03:40:12.078443+00,KPEDU,antero,HorseDrinker,1790307610,TankPressure_2_HB,15518
2937569,2026-09-25 03:40:12.078443+00,KPEDU,antero,HorseDrinker,1790307610,BowlPressure_HB,10215
2937939,2026-09-25 03:50:12.038151+00,KPEDU,antero,HorseDrinker,1790308210,TankPressure_1_HB,17364
2937940,2026-09-25 03:50:12.038151+00,KPEDU,antero,HorseDrinker,1790308210,TankPressure_2_HB,15548
2937941,2026-09-25 03:50:12.038151+00,KPEDU,antero,HorseDrinker,1790308210,BowlPressure_HB,10225
2938114,2026-09-25 04:00:12.020201+00,KPEDU,antero,HorseDrinker,1790308810,TankPressure_1_HB,17304
2938115,2026-09-25 04:00:12.020201+00,KPEDU,antero,HorseDrinker,1790308810,TankPressure_2_HB,15480
2938116,2026-09-25 04:00:12.020201+00,KPEDU,antero,HorseDrinker,1790308810,BowlPressure_HB,10230
2938367,2026-09-25 04:10:12.115205+00,KPEDU,antero,HorseDrinker,1790309410,TankPressure_1_HB,17316
2938368,2026-09-25 04:10:12.115205+00,KPEDU,antero,HorseDrinker,1790309410,TankPressure_2_HB,15502
2938369,2026-09-25 04:10:12.115205+00,KPEDU,antero,HorseDrinker,1790309410,BowlPressure_HB,10222
2938550,2026-09-25 04:20:12.083502+00,KPEDU,antero,HorseDrinker,1790310010,TankPressure_1_HB,17353
2938551,2026-09-25 04:20:12.083502+00,KPEDU,antero,HorseDrinker,1790310010,TankPressure_2_HB,15519
2938552,2026-09-25 04:20:12.083502+00,KPEDU,antero,HorseDrinker,1790310010,BowlPressure_HB,10220
2938943,2026-09-25 04:30:12.065138+00,KPEDU,antero,HorseDrinker,1790310610,TankPressure_1_HB,17300
2938944,2026-09-25 04:30:12.065138+00,KPEDU,antero,HorseDrinker,1790310610,TankPressure_2_HB,15464
2938945,2026-09-25 04:30:12.065138+00,KPEDU,antero,HorseDrinker,1790310610,BowlPressure_HB,10232
2939200,2026-09-25 04:40:12.11845+00,KPEDU,antero,HorseDrinker,1790311210,TankPressure_1_HB,17346
2939201,2026-09-25 04:40:12.11845+00,KPEDU,antero,HorseDrinker,1790311210,TankPressure_2_HB,15514
2939202,2026-09-25 04:40:12.11845+00,KPEDU,antero,HorseDrinker,1790311210,BowlPressure_HB,10225
2942156,2026-09-25 06:30:12.160133+00,KPEDU,antero,HorseDrinker,1790317810,TankPressure_1_HB,17364
2942157,2026-09-25 06:30:12.160133+00,KPEDU,antero,HorseDrinker,1790317810,TankPressure_2_HB,15480
2942158,2026-09-25 06:30:12.160133+00,KPEDU,antero,HorseDrinker,1790317810,BowlPressure_HB,10210
2942484,2026-09-25 06:40:11.709682+00,KPEDU,antero,HorseDrinker,1790318410,TankPressure_1_HB,17390
2942485,2026-09-25 06:40:11.709682+00,KPEDU,antero,HorseDrinker,1790318410,TankPressure_2_HB,15501
2942486,2026-09-25 06:40:11.709682+00,KPEDU,antero,HorseDrinker,1790318410,BowlPressure_HB,10223
2942673,2026-09-25 06:50:11.684706+00,KPEDU,antero,HorseDrinker,1790319010,TankPressure_1_HB,17413
2918353,2026-09-24 15:50:11.908318+00,KPEDU,antero,HorseDrinker,1790265009,BowlPressure_HB,10221
2918693,2026-09-24 16:00:11.833542+00,KPEDU,antero,HorseDrinker,1790265609,TankPressure_1_HB,17293
2918694,2026-09-24 16:00:11.833542+00,KPEDU,antero,HorseDrinker,1790265609,TankPressure_2_HB,15551
2918695,2026-09-24 16:00:11.833542+00,KPEDU,antero,HorseDrinker,1790265609,BowlPressure_HB,10226
2919061,2026-09-24 16:10:11.815813+00,KPEDU,antero,HorseDrinker,1790266209,TankPressure_1_HB,17389
2919062,2026-09-24 16:10:11.815813+00,KPEDU,antero,HorseDrinker,1790266209,TankPressure_2_HB,15601
2919063,2026-09-24 16:10:11.815813+00,KPEDU,antero,HorseDrinker,1790266209,BowlPressure_HB,10228
2919240,2026-09-24 16:20:11.876616+00,KPEDU,antero,HorseDrinker,1790266809,TankPressure_1_HB,17393
2919241,2026-09-24 16:20:11.876616+00,KPEDU,antero,HorseDrinker,1790266809,TankPressure_2_HB,15605
2919242,2026-09-24 16:20:11.876616+00,KPEDU,antero,HorseDrinker,1790266809,BowlPressure_HB,10228
2919419,2026-09-24 16:30:11.858601+00,KPEDU,antero,HorseDrinker,1790267409,TankPressure_1_HB,17395
2919420,2026-09-24 16:30:11.858601+00,KPEDU,antero,HorseDrinker,1790267409,TankPressure_2_HB,15652
2919421,2026-09-24 16:30:11.858601+00,KPEDU,antero,HorseDrinker,1790267409,BowlPressure_HB,10233
2919907,2026-09-24 16:40:11.843461+00,KPEDU,antero,HorseDrinker,1790268009,TankPressure_1_HB,17380
2919908,2026-09-24 16:40:11.843461+00,KPEDU,antero,HorseDrinker,1790268009,TankPressure_2_HB,15598
2919909,2026-09-24 16:40:11.843461+00,KPEDU,antero,HorseDrinker,1790268009,BowlPressure_HB,10227
2920092,2026-09-24 16:50:11.789286+00,KPEDU,antero,HorseDrinker,1790268609,TankPressure_1_HB,17331
2920093,2026-09-24 16:50:11.789286+00,KPEDU,antero,HorseDrinker,1790268609,TankPressure_2_HB,15552
2920094,2026-09-24 16:50:11.789286+00,KPEDU,antero,HorseDrinker,1790268609,BowlPressure_HB,10227
2920265,2026-09-24 17:00:11.885171+00,KPEDU,antero,HorseDrinker,1790269209,TankPressure_1_HB,17395
2920266,2026-09-24 17:00:11.885171+00,KPEDU,antero,HorseDrinker,1790269209,TankPressure_2_HB,15626
2920267,2026-09-24 17:00:11.885171+00,KPEDU,antero,HorseDrinker,1790269209,BowlPressure_HB,10222
2920754,2026-09-24 17:10:11.855391+00,KPEDU,antero,HorseDrinker,1790269809,TankPressure_1_HB,17388
2920755,2026-09-24 17:10:11.855391+00,KPEDU,antero,HorseDrinker,1790269809,TankPressure_2_HB,15608
2920756,2026-09-24 17:10:11.855391+00,KPEDU,antero,HorseDrinker,1790269809,BowlPressure_HB,10227
2920939,2026-09-24 17:20:11.822643+00,KPEDU,antero,HorseDrinker,1790270409,TankPressure_1_HB,17325
2920940,2026-09-24 17:20:11.822643+00,KPEDU,antero,HorseDrinker,1790270409,TankPressure_2_HB,15584
2920941,2026-09-24 17:20:11.822643+00,KPEDU,antero,HorseDrinker,1790270409,BowlPressure_HB,10225
2921112,2026-09-24 17:30:11.909897+00,KPEDU,antero,HorseDrinker,1790271009,TankPressure_1_HB,17349
2921113,2026-09-24 17:30:11.909897+00,KPEDU,antero,HorseDrinker,1790271009,TankPressure_2_HB,15558
2921114,2026-09-24 17:30:11.909897+00,KPEDU,antero,HorseDrinker,1790271009,BowlPressure_HB,10224
2921575,2026-09-24 17:40:11.86759+00,KPEDU,antero,HorseDrinker,1790271609,TankPressure_1_HB,17408
2921576,2026-09-24 17:40:11.86759+00,KPEDU,antero,HorseDrinker,1790271609,TankPressure_2_HB,15639
2921577,2026-09-24 17:40:11.86759+00,KPEDU,antero,HorseDrinker,1790271609,BowlPressure_HB,10225
2921748,2026-09-24 17:50:11.850021+00,KPEDU,antero,HorseDrinker,1790272209,TankPressure_1_HB,17340
2921749,2026-09-24 17:50:11.850021+00,KPEDU,antero,HorseDrinker,1790272209,TankPressure_2_HB,15574
2921750,2026-09-24 17:50:11.850021+00,KPEDU,antero,HorseDrinker,1790272209,BowlPressure_HB,10218
2921935,2026-09-24 18:00:11.923241+00,KPEDU,antero,HorseDrinker,1790272809,TankPressure_1_HB,17396
2921936,2026-09-24 18:00:11.923241+00,KPEDU,antero,HorseDrinker,1790272809,TankPressure_2_HB,15609
2921937,2026-09-24 18:00:11.923241+00,KPEDU,antero,HorseDrinker,1790272809,BowlPressure_HB,10217
2922416,2026-09-24 18:10:12.035249+00,KPEDU,antero,HorseDrinker,1790273409,TankPressure_1_HB,17332
2922417,2026-09-24 18:10:12.035249+00,KPEDU,antero,HorseDrinker,1790273409,TankPressure_2_HB,15558
2922418,2026-09-24 18:10:12.035249+00,KPEDU,antero,HorseDrinker,1790273409,BowlPressure_HB,10217
2922638,2026-09-24 18:20:11.873465+00,KPEDU,antero,HorseDrinker,1790274009,TankPressure_1_HB,17350
2922639,2026-09-24 18:20:11.873465+00,KPEDU,antero,HorseDrinker,1790274009,TankPressure_2_HB,15572
2922640,2026-09-24 18:20:11.873465+00,KPEDU,antero,HorseDrinker,1790274009,BowlPressure_HB,10217
2922825,2026-09-24 18:30:11.846742+00,KPEDU,antero,HorseDrinker,1790274609,TankPressure_1_HB,17379
2922826,2026-09-24 18:30:11.846742+00,KPEDU,antero,HorseDrinker,1790274609,TankPressure_2_HB,15621
2922827,2026-09-24 18:30:11.846742+00,KPEDU,antero,HorseDrinker,1790274609,BowlPressure_HB,10227
2923068,2026-09-24 18:40:11.805213+00,KPEDU,antero,HorseDrinker,1790275209,TankPressure_1_HB,17354
2923069,2026-09-24 18:40:11.805213+00,KPEDU,antero,HorseDrinker,1790275209,TankPressure_2_HB,15595
2923070,2026-09-24 18:40:11.805213+00,KPEDU,antero,HorseDrinker,1790275209,BowlPressure_HB,10222
2923462,2026-09-24 18:50:11.865515+00,KPEDU,antero,HorseDrinker,1790275809,TankPressure_1_HB,17364
2923463,2026-09-24 18:50:11.865515+00,KPEDU,antero,HorseDrinker,1790275809,TankPressure_2_HB,15618
2923464,2026-09-24 18:50:11.865515+00,KPEDU,antero,HorseDrinker,1790275809,BowlPressure_HB,10212
2923637,2026-09-24 19:00:11.827861+00,KPEDU,antero,HorseDrinker,1790276409,TankPressure_1_HB,17422
2923638,2026-09-24 19:00:11.827861+00,KPEDU,antero,HorseDrinker,1790276409,TankPressure_2_HB,15653
2923639,2026-09-24 19:00:11.827861+00,KPEDU,antero,HorseDrinker,1790276409,BowlPressure_HB,10222
2923881,2026-09-24 19:10:11.947985+00,KPEDU,antero,HorseDrinker,1790277009,TankPressure_1_HB,17290
2923882,2026-09-24 19:10:11.947985+00,KPEDU,antero,HorseDrinker,1790277009,TankPressure_2_HB,15547
2923883,2026-09-24 19:10:11.947985+00,KPEDU,antero,HorseDrinker,1790277009,BowlPressure_HB,10220
2924235,2026-09-24 19:20:11.901102+00,KPEDU,antero,HorseDrinker,1790277609,TankPressure_1_HB,17327
2924236,2026-09-24 19:20:11.901102+00,KPEDU,antero,HorseDrinker,1790277609,TankPressure_2_HB,15564
2924237,2026-09-24 19:20:11.901102+00,KPEDU,antero,HorseDrinker,1790277609,BowlPressure_HB,10218
2924406,2026-09-24 19:30:11.869316+00,KPEDU,antero,HorseDrinker,1790278209,TankPressure_1_HB,17393
2924407,2026-09-24 19:30:11.869316+00,KPEDU,antero,HorseDrinker,1790278209,TankPressure_2_HB,15613
2924408,2026-09-24 19:30:11.869316+00,KPEDU,antero,HorseDrinker,1790278209,BowlPressure_HB,10221
2924662,2026-09-24 19:40:11.961824+00,KPEDU,antero,HorseDrinker,1790278810,TankPressure_1_HB,17379
2924663,2026-09-24 19:40:11.961824+00,KPEDU,antero,HorseDrinker,1790278810,TankPressure_2_HB,15578
2924664,2026-09-24 19:40:11.961824+00,KPEDU,antero,HorseDrinker,1790278810,BowlPressure_HB,10221
2925057,2026-09-24 19:50:11.922097+00,KPEDU,antero,HorseDrinker,1790279410,TankPressure_1_HB,17370
2925058,2026-09-24 19:50:11.922097+00,KPEDU,antero,HorseDrinker,1790279410,TankPressure_2_HB,15586
2925059,2026-09-24 19:50:11.922097+00,KPEDU,antero,HorseDrinker,1790279410,BowlPressure_HB,10224
2925228,2026-09-24 20:00:12.013013+00,KPEDU,antero,HorseDrinker,1790280010,TankPressure_1_HB,17316
2925229,2026-09-24 20:00:12.013013+00,KPEDU,antero,HorseDrinker,1790280010,TankPressure_2_HB,15564
2925230,2026-09-24 20:00:12.013013+00,KPEDU,antero,HorseDrinker,1790280010,BowlPressure_HB,10221
2925480,2026-09-24 20:10:11.872234+00,KPEDU,antero,HorseDrinker,1790280610,TankPressure_1_HB,17317
2925481,2026-09-24 20:10:11.872234+00,KPEDU,antero,HorseDrinker,1790280610,TankPressure_2_HB,15540
2925482,2026-09-24 20:10:11.872234+00,KPEDU,antero,HorseDrinker,1790280610,BowlPressure_HB,10219
2925898,2026-09-24 20:20:11.926379+00,KPEDU,antero,HorseDrinker,1790281210,TankPressure_1_HB,17338
2925899,2026-09-24 20:20:11.926379+00,KPEDU,antero,HorseDrinker,1790281210,TankPressure_2_HB,15563
2925900,2026-09-24 20:20:11.926379+00,KPEDU,antero,HorseDrinker,1790281210,BowlPressure_HB,10220
2926079,2026-09-24 20:30:11.90078+00,KPEDU,antero,HorseDrinker,1790281810,TankPressure_1_HB,17310
2926080,2026-09-24 20:30:11.90078+00,KPEDU,antero,HorseDrinker,1790281810,TankPressure_2_HB,15534
2926081,2026-09-24 20:30:11.90078+00,KPEDU,antero,HorseDrinker,1790281810,BowlPressure_HB,10219
2926337,2026-09-24 20:40:11.888155+00,KPEDU,antero,HorseDrinker,1790282410,TankPressure_1_HB,17359
2926338,2026-09-24 20:40:11.888155+00,KPEDU,antero,HorseDrinker,1790282410,TankPressure_2_HB,15583
2926339,2026-09-24 20:40:11.888155+00,KPEDU,antero,HorseDrinker,1790282410,BowlPressure_HB,10225
2926583,2026-09-24 20:50:11.979577+00,KPEDU,antero,HorseDrinker,1790283010,TankPressure_1_HB,17306
2926584,2026-09-24 20:50:11.979577+00,KPEDU,antero,HorseDrinker,1790283010,TankPressure_2_HB,15522
2926585,2026-09-24 20:50:11.979577+00,KPEDU,antero,HorseDrinker,1790283010,BowlPressure_HB,10216
2926882,2026-09-24 21:00:11.952492+00,KPEDU,antero,HorseDrinker,1790283610,TankPressure_1_HB,17338
2926883,2026-09-24 21:00:11.952492+00,KPEDU,antero,HorseDrinker,1790283610,TankPressure_2_HB,15549
2926884,2026-09-24 21:00:11.952492+00,KPEDU,antero,HorseDrinker,1790283610,BowlPressure_HB,10218
2927134,2026-09-24 21:10:11.936243+00,KPEDU,antero,HorseDrinker,1790284210,TankPressure_1_HB,17366
2927135,2026-09-24 21:10:11.936243+00,KPEDU,antero,HorseDrinker,1790284210,TankPressure_2_HB,15591
2927136,2026-09-24 21:10:11.936243+00,KPEDU,antero,HorseDrinker,1790284210,BowlPressure_HB,10220
2939373,2026-09-25 04:50:12.110424+00,KPEDU,antero,HorseDrinker,1790311810,TankPressure_1_HB,17378
2939374,2026-09-25 04:50:12.110424+00,KPEDU,antero,HorseDrinker,1790311810,TankPressure_2_HB,15528
2939375,2026-09-25 04:50:12.110424+00,KPEDU,antero,HorseDrinker,1790311810,BowlPressure_HB,10225
2939766,2026-09-25 05:00:12.061316+00,KPEDU,antero,HorseDrinker,1790312410,TankPressure_1_HB,17328
2939767,2026-09-25 05:00:12.061316+00,KPEDU,antero,HorseDrinker,1790312410,TankPressure_2_HB,15498
2939768,2026-09-25 05:00:12.061316+00,KPEDU,antero,HorseDrinker,1790312410,BowlPressure_HB,10224
2940020,2026-09-25 05:10:12.308555+00,KPEDU,antero,HorseDrinker,1790313010,TankPressure_1_HB,17380
2940021,2026-09-25 05:10:12.308555+00,KPEDU,antero,HorseDrinker,1790313010,TankPressure_2_HB,15522
2940022,2026-09-25 05:10:12.308555+00,KPEDU,antero,HorseDrinker,1790313010,BowlPressure_HB,10222
2940205,2026-09-25 05:20:12.13255+00,KPEDU,antero,HorseDrinker,1790313610,TankPressure_1_HB,17338
2940206,2026-09-25 05:20:12.13255+00,KPEDU,antero,HorseDrinker,1790313610,TankPressure_2_HB,15486
2940207,2026-09-25 05:20:12.13255+00,KPEDU,antero,HorseDrinker,1790313610,BowlPressure_HB,10220
2940611,2026-09-25 05:30:12.112667+00,KPEDU,antero,HorseDrinker,1790314210,TankPressure_1_HB,17368
2940612,2026-09-25 05:30:12.112667+00,KPEDU,antero,HorseDrinker,1790314210,TankPressure_2_HB,15512
2940613,2026-09-25 05:30:12.112667+00,KPEDU,antero,HorseDrinker,1790314210,BowlPressure_HB,10215
2940853,2026-09-25 05:40:12.078165+00,KPEDU,antero,HorseDrinker,1790314810,TankPressure_1_HB,17335
2940854,2026-09-25 05:40:12.078165+00,KPEDU,antero,HorseDrinker,1790314810,TankPressure_2_HB,15491
2940855,2026-09-25 05:40:12.078165+00,KPEDU,antero,HorseDrinker,1790314810,BowlPressure_HB,10212
2941034,2026-09-25 05:50:12.043492+00,KPEDU,antero,HorseDrinker,1790315410,TankPressure_1_HB,17340
2941035,2026-09-25 05:50:12.043492+00,KPEDU,antero,HorseDrinker,1790315410,TankPressure_2_HB,15470
2941036,2026-09-25 05:50:12.043492+00,KPEDU,antero,HorseDrinker,1790315410,BowlPressure_HB,10217
2941422,2026-09-25 06:00:12.131185+00,KPEDU,antero,HorseDrinker,1790316010,TankPressure_1_HB,17371
2941423,2026-09-25 06:00:12.131185+00,KPEDU,antero,HorseDrinker,1790316010,TankPressure_2_HB,15512
2941424,2026-09-25 06:00:12.131185+00,KPEDU,antero,HorseDrinker,1790316010,BowlPressure_HB,10216
2941671,2026-09-25 06:10:12.073976+00,KPEDU,antero,HorseDrinker,1790316610,TankPressure_1_HB,17390
2941672,2026-09-25 06:10:12.073976+00,KPEDU,antero,HorseDrinker,1790316610,TankPressure_2_HB,15517
2941673,2026-09-25 06:10:12.073976+00,KPEDU,antero,HorseDrinker,1790316610,BowlPressure_HB,10217
2941848,2026-09-25 06:20:12.054187+00,KPEDU,antero,HorseDrinker,1790317210,TankPressure_1_HB,17309
2941849,2026-09-25 06:20:12.054187+00,KPEDU,antero,HorseDrinker,1790317210,TankPressure_2_HB,15456
2941850,2026-09-25 06:20:12.054187+00,KPEDU,antero,HorseDrinker,1790317210,BowlPressure_HB,10212
2944947,2026-09-25 08:10:11.748892+00,KPEDU,antero,HorseDrinker,1790323810,TankPressure_1_HB,17465
2944948,2026-09-25 08:10:11.748892+00,KPEDU,antero,HorseDrinker,1790323810,TankPressure_2_HB,15550
2944949,2026-09-25 08:10:11.748892+00,KPEDU,antero,HorseDrinker,1790323810,BowlPressure_HB,10227
2945128,2026-09-25 08:20:12.174496+00,KPEDU,antero,HorseDrinker,1790324410,TankPressure_1_HB,17388
2945129,2026-09-25 08:20:12.174496+00,KPEDU,antero,HorseDrinker,1790324410,TankPressure_2_HB,15483
2945130,2026-09-25 08:20:12.174496+00,KPEDU,antero,HorseDrinker,1790324410,BowlPressure_HB,10216
2945307,2026-09-25 08:30:12.149851+00,KPEDU,antero,HorseDrinker,1790325010,TankPressure_1_HB,17413
2945308,2026-09-25 08:30:12.149851+00,KPEDU,antero,HorseDrinker,1790325010,TankPressure_2_HB,15505
2945309,2026-09-25 08:30:12.149851+00,KPEDU,antero,HorseDrinker,1790325010,BowlPressure_HB,10212
2945703,2026-09-25 08:40:12.236281+00,KPEDU,antero,HorseDrinker,1790325610,TankPressure_1_HB,17370
2945704,2026-09-25 08:40:12.236281+00,KPEDU,antero,HorseDrinker,1790325610,TankPressure_2_HB,15457
2945705,2026-09-25 08:40:12.236281+00,KPEDU,antero,HorseDrinker,1790325610,BowlPressure_HB,10220
2945882,2026-09-25 08:50:12.185818+00,KPEDU,antero,HorseDrinker,1790326210,TankPressure_1_HB,17413
2945883,2026-09-25 08:50:12.185818+00,KPEDU,antero,HorseDrinker,1790326210,TankPressure_2_HB,15515
2945884,2026-09-25 08:50:12.185818+00,KPEDU,antero,HorseDrinker,1790326210,BowlPressure_HB,10223
2946065,2026-09-25 09:00:12.160032+00,KPEDU,antero,HorseDrinker,1790326810,TankPressure_1_HB,17399
2946066,2026-09-25 09:00:12.160032+00,KPEDU,antero,HorseDrinker,1790326810,TankPressure_2_HB,15492
2946067,2026-09-25 09:00:12.160032+00,KPEDU,antero,HorseDrinker,1790326810,BowlPressure_HB,10221
2946357,2026-09-25 09:10:12.199865+00,KPEDU,antero,HorseDrinker,1790327410,TankPressure_1_HB,17366
2946358,2026-09-25 09:10:12.199865+00,KPEDU,antero,HorseDrinker,1790327410,TankPressure_2_HB,15472
2946359,2026-09-25 09:10:12.199865+00,KPEDU,antero,HorseDrinker,1790327410,BowlPressure_HB,10227
2946560,2026-09-25 09:20:12.169086+00,KPEDU,antero,HorseDrinker,1790328010,TankPressure_1_HB,17355
2946561,2026-09-25 09:20:12.169086+00,KPEDU,antero,HorseDrinker,1790328010,TankPressure_2_HB,15433
2942674,2026-09-25 06:50:11.684706+00,KPEDU,antero,HorseDrinker,1790319010,TankPressure_2_HB,15520
2942675,2026-09-25 06:50:11.684706+00,KPEDU,antero,HorseDrinker,1790319010,BowlPressure_HB,10212
2942852,2026-09-25 07:00:11.750678+00,KPEDU,antero,HorseDrinker,1790319610,TankPressure_1_HB,17430
2942853,2026-09-25 07:00:11.750678+00,KPEDU,antero,HorseDrinker,1790319610,TankPressure_2_HB,15534
2942854,2026-09-25 07:00:11.750678+00,KPEDU,antero,HorseDrinker,1790319610,BowlPressure_HB,10219
2943291,2026-09-25 07:10:11.70592+00,KPEDU,antero,HorseDrinker,1790320210,TankPressure_1_HB,17385
2943292,2026-09-25 07:10:11.70592+00,KPEDU,antero,HorseDrinker,1790320210,TankPressure_2_HB,15497
2943293,2026-09-25 07:10:11.70592+00,KPEDU,antero,HorseDrinker,1790320210,BowlPressure_HB,10218
2943470,2026-09-25 07:20:11.666539+00,KPEDU,antero,HorseDrinker,1790320810,TankPressure_1_HB,17405
2943471,2026-09-25 07:20:11.666539+00,KPEDU,antero,HorseDrinker,1790320810,TankPressure_2_HB,15515
2943472,2026-09-25 07:20:11.666539+00,KPEDU,antero,HorseDrinker,1790320810,BowlPressure_HB,10218
2943651,2026-09-25 07:30:11.922744+00,KPEDU,antero,HorseDrinker,1790321410,TankPressure_1_HB,17399
2943652,2026-09-25 07:30:11.922744+00,KPEDU,antero,HorseDrinker,1790321410,TankPressure_2_HB,15489
2943653,2026-09-25 07:30:11.922744+00,KPEDU,antero,HorseDrinker,1790321410,BowlPressure_HB,10220
2944134,2026-09-25 07:40:11.833276+00,KPEDU,antero,HorseDrinker,1790322010,TankPressure_1_HB,17404
2944135,2026-09-25 07:40:11.833276+00,KPEDU,antero,HorseDrinker,1790322010,TankPressure_2_HB,15489
2944136,2026-09-25 07:40:11.833276+00,KPEDU,antero,HorseDrinker,1790322010,BowlPressure_HB,10220
2944307,2026-09-25 07:50:11.797078+00,KPEDU,antero,HorseDrinker,1790322610,TankPressure_1_HB,17395
2944308,2026-09-25 07:50:11.797078+00,KPEDU,antero,HorseDrinker,1790322610,TankPressure_2_HB,15489
2944309,2026-09-25 07:50:11.797078+00,KPEDU,antero,HorseDrinker,1790322610,BowlPressure_HB,10225
2944492,2026-09-25 08:00:11.780886+00,KPEDU,antero,HorseDrinker,1790323210,TankPressure_1_HB,17420
2944493,2026-09-25 08:00:11.780886+00,KPEDU,antero,HorseDrinker,1790323210,TankPressure_2_HB,15514
2944494,2026-09-25 08:00:11.780886+00,KPEDU,antero,HorseDrinker,1790323210,BowlPressure_HB,10216
2947193,2026-09-25 09:50:12.344251+00,KPEDU,antero,HorseDrinker,1790329810,TankPressure_1_HB,17445
2947194,2026-09-25 09:50:12.344251+00,KPEDU,antero,HorseDrinker,1790329810,TankPressure_2_HB,15531
2947195,2026-09-25 09:50:12.344251+00,KPEDU,antero,HorseDrinker,1790329810,BowlPressure_HB,10212
2947374,2026-09-25 10:00:12.236581+00,KPEDU,antero,HorseDrinker,1790330410,TankPressure_1_HB,17417
2947375,2026-09-25 10:00:12.236581+00,KPEDU,antero,HorseDrinker,1790330410,TankPressure_2_HB,15500
2947376,2026-09-25 10:00:12.236581+00,KPEDU,antero,HorseDrinker,1790330410,BowlPressure_HB,10225
2947602,2026-09-25 10:10:12.140117+00,KPEDU,antero,HorseDrinker,1790331010,TankPressure_1_HB,17372
2947603,2026-09-25 10:10:12.140117+00,KPEDU,antero,HorseDrinker,1790331010,TankPressure_2_HB,15458
2947604,2026-09-25 10:10:12.140117+00,KPEDU,antero,HorseDrinker,1790331010,BowlPressure_HB,10219
2947806,2026-09-25 10:20:12.211483+00,KPEDU,antero,HorseDrinker,1790331610,TankPressure_1_HB,17390
2947807,2026-09-25 10:20:12.211483+00,KPEDU,antero,HorseDrinker,1790331610,TankPressure_2_HB,15486
2947808,2026-09-25 10:20:12.211483+00,KPEDU,antero,HorseDrinker,1790331610,BowlPressure_HB,10215
2947985,2026-09-25 10:30:12.219128+00,KPEDU,antero,HorseDrinker,1790332210,TankPressure_1_HB,17439
2947986,2026-09-25 10:30:12.219128+00,KPEDU,antero,HorseDrinker,1790332210,TankPressure_2_HB,15522
2947987,2026-09-25 10:30:12.219128+00,KPEDU,antero,HorseDrinker,1790332210,BowlPressure_HB,10216
2948236,2026-09-25 10:40:12.209253+00,KPEDU,antero,HorseDrinker,1790332810,TankPressure_1_HB,17416
2948237,2026-09-25 10:40:12.209253+00,KPEDU,antero,HorseDrinker,1790332810,TankPressure_2_HB,15511
2948238,2026-09-25 10:40:12.209253+00,KPEDU,antero,HorseDrinker,1790332810,BowlPressure_HB,10229
2948434,2026-09-25 10:50:12.272787+00,KPEDU,antero,HorseDrinker,1790333410,TankPressure_1_HB,17451
2948435,2026-09-25 10:50:12.272787+00,KPEDU,antero,HorseDrinker,1790333410,TankPressure_2_HB,15508
2948436,2026-09-25 10:50:12.272787+00,KPEDU,antero,HorseDrinker,1790333410,BowlPressure_HB,10230
2948615,2026-09-25 11:00:12.273041+00,KPEDU,antero,HorseDrinker,1790334010,TankPressure_1_HB,17413
2946562,2026-09-25 09:20:12.169086+00,KPEDU,antero,HorseDrinker,1790328010,BowlPressure_HB,10221
2946739,2026-09-25 09:30:12.196276+00,KPEDU,antero,HorseDrinker,1790328610,TankPressure_1_HB,17372
2946740,2026-09-25 09:30:12.196276+00,KPEDU,antero,HorseDrinker,1790328610,TankPressure_2_HB,15461
2946741,2026-09-25 09:30:12.196276+00,KPEDU,antero,HorseDrinker,1790328610,BowlPressure_HB,10231
2946995,2026-09-25 09:40:12.247271+00,KPEDU,antero,HorseDrinker,1790329210,TankPressure_1_HB,17410
2946996,2026-09-25 09:40:12.247271+00,KPEDU,antero,HorseDrinker,1790329210,TankPressure_2_HB,15504
2946997,2026-09-25 09:40:12.247271+00,KPEDU,antero,HorseDrinker,1790329210,BowlPressure_HB,10223
2950033,2026-09-25 12:00:12.271338+00,KPEDU,antero,HorseDrinker,1790337610,TankPressure_1_HB,17343
2950034,2026-09-25 12:00:12.271338+00,KPEDU,antero,HorseDrinker,1790337610,TankPressure_2_HB,15432
2950035,2026-09-25 12:00:12.271338+00,KPEDU,antero,HorseDrinker,1790337610,BowlPressure_HB,10228
2950273,2026-09-25 12:10:12.265345+00,KPEDU,antero,HorseDrinker,1790338210,TankPressure_1_HB,17415
2950274,2026-09-25 12:10:12.265345+00,KPEDU,antero,HorseDrinker,1790338210,TankPressure_2_HB,15473
2950275,2026-09-25 12:10:12.265345+00,KPEDU,antero,HorseDrinker,1790338210,BowlPressure_HB,10219
2950458,2026-09-25 12:20:12.330851+00,KPEDU,antero,HorseDrinker,1790338810,TankPressure_1_HB,17356
2950459,2026-09-25 12:20:12.330851+00,KPEDU,antero,HorseDrinker,1790338810,TankPressure_2_HB,15429
2950460,2026-09-25 12:20:12.330851+00,KPEDU,antero,HorseDrinker,1790338810,BowlPressure_HB,10223
2950633,2026-09-25 12:30:12.296041+00,KPEDU,antero,HorseDrinker,1790339410,TankPressure_1_HB,17415
2950634,2026-09-25 12:30:12.296041+00,KPEDU,antero,HorseDrinker,1790339410,TankPressure_2_HB,15478
2950635,2026-09-25 12:30:12.296041+00,KPEDU,antero,HorseDrinker,1790339410,BowlPressure_HB,10215
2950912,2026-09-25 12:40:12.25482+00,KPEDU,antero,HorseDrinker,1790340010,TankPressure_1_HB,17391
2950913,2026-09-25 12:40:12.25482+00,KPEDU,antero,HorseDrinker,1790340010,TankPressure_2_HB,15474
2950914,2026-09-25 12:40:12.25482+00,KPEDU,antero,HorseDrinker,1790340010,BowlPressure_HB,10182
2951087,2026-09-25 12:50:12.344658+00,KPEDU,antero,HorseDrinker,1790340050,TankPressure_1,17607
2951088,2026-09-25 12:50:12.344658+00,KPEDU,antero,HorseDrinker,1790340050,TankPressure_2,15430
2951089,2026-09-25 12:50:12.344658+00,KPEDU,antero,HorseDrinker,1790340050,BowlPressure,10289
2951090,2026-09-25 12:50:12.344658+00,KPEDU,antero,HorseDrinker,1790340610,TankPressure_1_HB,17316
2951091,2026-09-25 12:50:12.344658+00,KPEDU,antero,HorseDrinker,1790340610,TankPressure_2_HB,15116
2951092,2026-09-25 12:50:12.344658+00,KPEDU,antero,HorseDrinker,1790340610,BowlPressure_HB,10245
2951280,2026-09-25 13:00:12.342999+00,KPEDU,antero,HorseDrinker,1790341210,TankPressure_1_HB,17392
2951281,2026-09-25 13:00:12.342999+00,KPEDU,antero,HorseDrinker,1790341210,TankPressure_2_HB,15172
2951282,2026-09-25 13:00:12.342999+00,KPEDU,antero,HorseDrinker,1790341210,BowlPressure_HB,10245
2951530,2026-09-25 13:10:12.30056+00,KPEDU,antero,HorseDrinker,1790341810,TankPressure_1_HB,17465
2951531,2026-09-25 13:10:12.30056+00,KPEDU,antero,HorseDrinker,1790341810,TankPressure_2_HB,15235
2951532,2026-09-25 13:10:12.30056+00,KPEDU,antero,HorseDrinker,1790341810,BowlPressure_HB,10250
2951713,2026-09-25 13:20:12.464421+00,KPEDU,antero,HorseDrinker,1790342410,TankPressure_1_HB,17410
2951714,2026-09-25 13:20:12.464421+00,KPEDU,antero,HorseDrinker,1790342410,TankPressure_2_HB,15183
2951715,2026-09-25 13:20:12.464421+00,KPEDU,antero,HorseDrinker,1790342410,BowlPressure_HB,10239
2951900,2026-09-25 13:30:12.249887+00,KPEDU,antero,HorseDrinker,1790343010,TankPressure_1_HB,17400
2951901,2026-09-25 13:30:12.249887+00,KPEDU,antero,HorseDrinker,1790343010,TankPressure_2_HB,15172
2951902,2026-09-25 13:30:12.249887+00,KPEDU,antero,HorseDrinker,1790343010,BowlPressure_HB,10249
2952173,2026-09-25 13:40:12.325611+00,KPEDU,antero,HorseDrinker,1790343610,TankPressure_1_HB,17444
2952174,2026-09-25 13:40:12.325611+00,KPEDU,antero,HorseDrinker,1790343610,TankPressure_2_HB,15209
2952175,2026-09-25 13:40:12.325611+00,KPEDU,antero,HorseDrinker,1790343610,BowlPressure_HB,10243
2952348,2026-09-25 13:50:12.496696+00,KPEDU,antero,HorseDrinker,1790344210,TankPressure_1_HB,17405
2952349,2026-09-25 13:50:12.496696+00,KPEDU,antero,HorseDrinker,1790344210,TankPressure_2_HB,15206
2952350,2026-09-25 13:50:12.496696+00,KPEDU,antero,HorseDrinker,1790344210,BowlPressure_HB,10249
2952525,2026-09-25 14:00:12.369368+00,KPEDU,antero,HorseDrinker,1790344810,TankPressure_1_HB,17422
2952526,2026-09-25 14:00:12.369368+00,KPEDU,antero,HorseDrinker,1790344810,TankPressure_2_HB,15208
2952527,2026-09-25 14:00:12.369368+00,KPEDU,antero,HorseDrinker,1790344810,BowlPressure_HB,10256
2955445,2026-09-25 16:00:12.319052+00,KPEDU,antero,HorseDrinker,1790351543,TankPressure_1,17686
2955446,2026-09-25 16:00:12.319052+00,KPEDU,antero,HorseDrinker,1790351543,TankPressure_2,16905
2955447,2026-09-25 16:00:12.319052+00,KPEDU,antero,HorseDrinker,1790351543,BowlPressure,10343
2955448,2026-09-25 16:00:12.319052+00,KPEDU,antero,HorseDrinker,1790351666,TankPressure_1,15956
2955449,2026-09-25 16:00:12.319052+00,KPEDU,antero,HorseDrinker,1790351666,TankPressure_2,16787
2955450,2026-09-25 16:00:12.319052+00,KPEDU,antero,HorseDrinker,1790351666,BowlPressure,10295
2955451,2026-09-25 16:00:12.319052+00,KPEDU,antero,HorseDrinker,1790352010,TankPressure_1_HB,15790
2955452,2026-09-25 16:00:12.319052+00,KPEDU,antero,HorseDrinker,1790352010,TankPressure_2_HB,16607
2955453,2026-09-25 16:00:12.319052+00,KPEDU,antero,HorseDrinker,1790352010,BowlPressure_HB,10267
2955728,2026-09-25 16:10:12.305359+00,KPEDU,antero,HorseDrinker,1790352610,TankPressure_1_HB,15771
2955729,2026-09-25 16:10:12.305359+00,KPEDU,antero,HorseDrinker,1790352610,TankPressure_2_HB,16611
2955730,2026-09-25 16:10:12.305359+00,KPEDU,antero,HorseDrinker,1790352610,BowlPressure_HB,10268
2956039,2026-09-25 16:20:12.295137+00,KPEDU,antero,HorseDrinker,1790353210,TankPressure_1_HB,15767
2956040,2026-09-25 16:20:12.295137+00,KPEDU,antero,HorseDrinker,1790353210,TankPressure_2_HB,16613
2956041,2026-09-25 16:20:12.295137+00,KPEDU,antero,HorseDrinker,1790353210,BowlPressure_HB,10261
2956214,2026-09-25 16:30:12.413729+00,KPEDU,antero,HorseDrinker,1790353810,TankPressure_1_HB,15705
2956215,2026-09-25 16:30:12.413729+00,KPEDU,antero,HorseDrinker,1790353810,TankPressure_2_HB,16535
2956216,2026-09-25 16:30:12.413729+00,KPEDU,antero,HorseDrinker,1790353810,BowlPressure_HB,10252
2956442,2026-09-25 16:40:12.473853+00,KPEDU,antero,HorseDrinker,1790354410,TankPressure_1_HB,15821
2956443,2026-09-25 16:40:12.473853+00,KPEDU,antero,HorseDrinker,1790354410,TankPressure_2_HB,16644
2956444,2026-09-25 16:40:12.473853+00,KPEDU,antero,HorseDrinker,1790354410,BowlPressure_HB,10263
2956787,2026-09-25 16:50:12.201452+00,KPEDU,antero,HorseDrinker,1790355010,TankPressure_1_HB,15784
2956788,2026-09-25 16:50:12.201452+00,KPEDU,antero,HorseDrinker,1790355010,TankPressure_2_HB,16629
2956789,2026-09-25 16:50:12.201452+00,KPEDU,antero,HorseDrinker,1790355010,BowlPressure_HB,10262
2956964,2026-09-25 17:00:12.376296+00,KPEDU,antero,HorseDrinker,1790355610,TankPressure_1_HB,15732
2956965,2026-09-25 17:00:12.376296+00,KPEDU,antero,HorseDrinker,1790355610,TankPressure_2_HB,16584
2956966,2026-09-25 17:00:12.376296+00,KPEDU,antero,HorseDrinker,1790355610,BowlPressure_HB,10266
2957181,2026-09-25 17:10:12.361102+00,KPEDU,antero,HorseDrinker,1790356210,TankPressure_1_HB,15722
2957182,2026-09-25 17:10:12.361102+00,KPEDU,antero,HorseDrinker,1790356210,TankPressure_2_HB,16581
2957183,2026-09-25 17:10:12.361102+00,KPEDU,antero,HorseDrinker,1790356210,BowlPressure_HB,10256
2957528,2026-09-25 17:20:12.346324+00,KPEDU,antero,HorseDrinker,1790356810,TankPressure_1_HB,15816
2957529,2026-09-25 17:20:12.346324+00,KPEDU,antero,HorseDrinker,1790356810,TankPressure_2_HB,16680
2957530,2026-09-25 17:20:12.346324+00,KPEDU,antero,HorseDrinker,1790356810,BowlPressure_HB,10253
2957709,2026-09-25 17:30:12.437829+00,KPEDU,antero,HorseDrinker,1790357410,TankPressure_1_HB,15732
2957710,2026-09-25 17:30:12.437829+00,KPEDU,antero,HorseDrinker,1790357410,TankPressure_2_HB,16612
2957711,2026-09-25 17:30:12.437829+00,KPEDU,antero,HorseDrinker,1790357410,BowlPressure_HB,10263
2957969,2026-09-25 17:40:12.359127+00,KPEDU,antero,HorseDrinker,1790358010,TankPressure_1_HB,15786
2957970,2026-09-25 17:40:12.359127+00,KPEDU,antero,HorseDrinker,1790358010,TankPressure_2_HB,16653
2957971,2026-09-25 17:40:12.359127+00,KPEDU,antero,HorseDrinker,1790358010,BowlPressure_HB,10269
2961025,2026-09-25 19:40:12.360877+00,KPEDU,antero,HorseDrinker,1790365210,TankPressure_1_HB,15737
2961026,2026-09-25 19:40:12.360877+00,KPEDU,antero,HorseDrinker,1790365210,TankPressure_2_HB,16576
2961027,2026-09-25 19:40:12.360877+00,KPEDU,antero,HorseDrinker,1790365210,BowlPressure_HB,10262
2961204,2026-09-25 19:50:12.544063+00,KPEDU,antero,HorseDrinker,1790365810,TankPressure_1_HB,15732
2961205,2026-09-25 19:50:12.544063+00,KPEDU,antero,HorseDrinker,1790365810,TankPressure_2_HB,16574
2961206,2026-09-25 19:50:12.544063+00,KPEDU,antero,HorseDrinker,1790365810,BowlPressure_HB,10260
2961528,2026-09-25 20:00:12.406289+00,KPEDU,antero,HorseDrinker,1790366410,TankPressure_1_HB,15764
2961529,2026-09-25 20:00:12.406289+00,KPEDU,antero,HorseDrinker,1790366410,TankPressure_2_HB,16585
2961530,2026-09-25 20:00:12.406289+00,KPEDU,antero,HorseDrinker,1790366410,BowlPressure_HB,10256
2961785,2026-09-25 20:10:12.382182+00,KPEDU,antero,HorseDrinker,1790367010,TankPressure_1_HB,15714
2961786,2026-09-25 20:10:12.382182+00,KPEDU,antero,HorseDrinker,1790367010,TankPressure_2_HB,16567
2961787,2026-09-25 20:10:12.382182+00,KPEDU,antero,HorseDrinker,1790367010,BowlPressure_HB,10259
2961960,2026-09-25 20:20:12.358353+00,KPEDU,antero,HorseDrinker,1790367610,TankPressure_1_HB,15742
2961961,2026-09-25 20:20:12.358353+00,KPEDU,antero,HorseDrinker,1790367610,TankPressure_2_HB,16595
2961962,2026-09-25 20:20:12.358353+00,KPEDU,antero,HorseDrinker,1790367610,BowlPressure_HB,10261
2962317,2026-09-25 20:30:12.416312+00,KPEDU,antero,HorseDrinker,1790368210,TankPressure_1_HB,15770
2962318,2026-09-25 20:30:12.416312+00,KPEDU,antero,HorseDrinker,1790368210,TankPressure_2_HB,16623
2962319,2026-09-25 20:30:12.416312+00,KPEDU,antero,HorseDrinker,1790368210,BowlPressure_HB,10251
2962566,2026-09-25 20:40:12.442507+00,KPEDU,antero,HorseDrinker,1790368810,TankPressure_1_HB,15741
2962567,2026-09-25 20:40:12.442507+00,KPEDU,antero,HorseDrinker,1790368810,TankPressure_2_HB,16584
2962568,2026-09-25 20:40:12.442507+00,KPEDU,antero,HorseDrinker,1790368810,BowlPressure_HB,10261
2962747,2026-09-25 20:50:12.393548+00,KPEDU,antero,HorseDrinker,1790369410,TankPressure_1_HB,15791
2962748,2026-09-25 20:50:12.393548+00,KPEDU,antero,HorseDrinker,1790369410,TankPressure_2_HB,16619
2962749,2026-09-25 20:50:12.393548+00,KPEDU,antero,HorseDrinker,1790369410,BowlPressure_HB,10253
2963082,2026-09-25 21:00:12.439006+00,KPEDU,antero,HorseDrinker,1790370010,TankPressure_1_HB,15676
2963083,2026-09-25 21:00:12.439006+00,KPEDU,antero,HorseDrinker,1790370010,TankPressure_2_HB,16494
2963084,2026-09-25 21:00:12.439006+00,KPEDU,antero,HorseDrinker,1790370010,BowlPressure_HB,10258
2963344,2026-09-25 21:10:12.45338+00,KPEDU,antero,HorseDrinker,1790370610,TankPressure_1_HB,15746
2963345,2026-09-25 21:10:12.45338+00,KPEDU,antero,HorseDrinker,1790370610,TankPressure_2_HB,16574
2963346,2026-09-25 21:10:12.45338+00,KPEDU,antero,HorseDrinker,1790370610,BowlPressure_HB,10266
2963521,2026-09-25 21:20:12.419876+00,KPEDU,antero,HorseDrinker,1790371210,TankPressure_1_HB,15728
2963522,2026-09-25 21:20:12.419876+00,KPEDU,antero,HorseDrinker,1790371210,TankPressure_2_HB,16545
2963523,2026-09-25 21:20:12.419876+00,KPEDU,antero,HorseDrinker,1790371210,BowlPressure_HB,10265
2966381,2026-09-25 23:20:12.502147+00,KPEDU,antero,HorseDrinker,1790378410,TankPressure_1_HB,15768
2966382,2026-09-25 23:20:12.502147+00,KPEDU,antero,HorseDrinker,1790378410,TankPressure_2_HB,16563
2966383,2026-09-25 23:20:12.502147+00,KPEDU,antero,HorseDrinker,1790378410,BowlPressure_HB,10266
2966554,2026-09-25 23:30:12.46181+00,KPEDU,antero,HorseDrinker,1790379010,TankPressure_1_HB,15698
2966555,2026-09-25 23:30:12.46181+00,KPEDU,antero,HorseDrinker,1790379010,TankPressure_2_HB,16499
2966556,2026-09-25 23:30:12.46181+00,KPEDU,antero,HorseDrinker,1790379010,BowlPressure_HB,10251
2966798,2026-09-25 23:40:12.451437+00,KPEDU,antero,HorseDrinker,1790379610,TankPressure_1_HB,15721
2966799,2026-09-25 23:40:12.451437+00,KPEDU,antero,HorseDrinker,1790379610,TankPressure_2_HB,16512
2966800,2026-09-25 23:40:12.451437+00,KPEDU,antero,HorseDrinker,1790379610,BowlPressure_HB,10269
2966977,2026-09-25 23:50:12.521125+00,KPEDU,antero,HorseDrinker,1790380210,TankPressure_1_HB,15737
2966978,2026-09-25 23:50:12.521125+00,KPEDU,antero,HorseDrinker,1790380210,TankPressure_2_HB,16535
2966979,2026-09-25 23:50:12.521125+00,KPEDU,antero,HorseDrinker,1790380210,BowlPressure_HB,10265
2967156,2026-09-26 00:00:12.51432+00,KPEDU,antero,HorseDrinker,1790380810,TankPressure_1_HB,15710
2967157,2026-09-26 00:00:12.51432+00,KPEDU,antero,HorseDrinker,1790380810,TankPressure_2_HB,16480
2967158,2026-09-26 00:00:12.51432+00,KPEDU,antero,HorseDrinker,1790380810,BowlPressure_HB,10264
2967419,2026-09-26 00:10:12.428408+00,KPEDU,antero,HorseDrinker,1790381410,TankPressure_1_HB,15752
2967420,2026-09-26 00:10:12.428408+00,KPEDU,antero,HorseDrinker,1790381410,TankPressure_2_HB,16535
2967421,2026-09-26 00:10:12.428408+00,KPEDU,antero,HorseDrinker,1790381410,BowlPressure_HB,10260
2967586,2026-09-26 00:20:12.341804+00,KPEDU,antero,HorseDrinker,1790382010,TankPressure_1_HB,15764
2967587,2026-09-26 00:20:12.341804+00,KPEDU,antero,HorseDrinker,1790382010,TankPressure_2_HB,16552
2967588,2026-09-26 00:20:12.341804+00,KPEDU,antero,HorseDrinker,1790382010,BowlPressure_HB,10256
2967771,2026-09-26 00:30:12.489285+00,KPEDU,antero,HorseDrinker,1790382610,TankPressure_1_HB,15739
2967772,2026-09-26 00:30:12.489285+00,KPEDU,antero,HorseDrinker,1790382610,TankPressure_2_HB,16515
2967773,2026-09-26 00:30:12.489285+00,KPEDU,antero,HorseDrinker,1790382610,BowlPressure_HB,10253
2968007,2026-09-26 00:40:12.490563+00,KPEDU,antero,HorseDrinker,1790383210,TankPressure_1_HB,15656
2968008,2026-09-26 00:40:12.490563+00,KPEDU,antero,HorseDrinker,1790383210,TankPressure_2_HB,16421
2968009,2026-09-26 00:40:12.490563+00,KPEDU,antero,HorseDrinker,1790383210,BowlPressure_HB,10265
2968198,2026-09-26 00:50:12.586392+00,KPEDU,antero,HorseDrinker,1790383810,TankPressure_1_HB,15663
2968199,2026-09-26 00:50:12.586392+00,KPEDU,antero,HorseDrinker,1790383810,TankPressure_2_HB,16455
2968200,2026-09-26 00:50:12.586392+00,KPEDU,antero,HorseDrinker,1790383810,BowlPressure_HB,10255
2948616,2026-09-25 11:00:12.273041+00,KPEDU,antero,HorseDrinker,1790334010,TankPressure_2_HB,15488
2948617,2026-09-25 11:00:12.273041+00,KPEDU,antero,HorseDrinker,1790334010,BowlPressure_HB,10216
2948856,2026-09-25 11:10:12.220231+00,KPEDU,antero,HorseDrinker,1790334610,TankPressure_1_HB,17357
2948857,2026-09-25 11:10:12.220231+00,KPEDU,antero,HorseDrinker,1790334610,TankPressure_2_HB,15463
2948858,2026-09-25 11:10:12.220231+00,KPEDU,antero,HorseDrinker,1790334610,BowlPressure_HB,10225
2949219,2026-09-25 11:20:12.17756+00,KPEDU,antero,HorseDrinker,1790335210,TankPressure_1_HB,17399
2949220,2026-09-25 11:20:12.17756+00,KPEDU,antero,HorseDrinker,1790335210,TankPressure_2_HB,15473
2949221,2026-09-25 11:20:12.17756+00,KPEDU,antero,HorseDrinker,1790335210,BowlPressure_HB,10221
2949392,2026-09-25 11:30:12.267114+00,KPEDU,antero,HorseDrinker,1790335810,TankPressure_1_HB,17403
2949393,2026-09-25 11:30:12.267114+00,KPEDU,antero,HorseDrinker,1790335810,TankPressure_2_HB,15492
2949394,2026-09-25 11:30:12.267114+00,KPEDU,antero,HorseDrinker,1790335810,BowlPressure_HB,10217
2949660,2026-09-25 11:40:12.242088+00,KPEDU,antero,HorseDrinker,1790336410,TankPressure_1_HB,17422
2949661,2026-09-25 11:40:12.242088+00,KPEDU,antero,HorseDrinker,1790336410,TankPressure_2_HB,15492
2949662,2026-09-25 11:40:12.242088+00,KPEDU,antero,HorseDrinker,1790336410,BowlPressure_HB,10225
2949842,2026-09-25 11:50:12.49952+00,KPEDU,antero,HorseDrinker,1790337010,TankPressure_1_HB,17401
2949843,2026-09-25 11:50:12.49952+00,KPEDU,antero,HorseDrinker,1790337010,TankPressure_2_HB,15481
2949844,2026-09-25 11:50:12.49952+00,KPEDU,antero,HorseDrinker,1790337010,BowlPressure_HB,10225
2952781,2026-09-25 14:10:12.224356+00,KPEDU,antero,HorseDrinker,1790345410,TankPressure_1_HB,17466
2952782,2026-09-25 14:10:12.224356+00,KPEDU,antero,HorseDrinker,1790345410,TankPressure_2_HB,15231
2952783,2026-09-25 14:10:12.224356+00,KPEDU,antero,HorseDrinker,1790345410,BowlPressure_HB,10254
2952964,2026-09-25 14:20:12.307583+00,KPEDU,antero,HorseDrinker,1790346010,TankPressure_1_HB,17417
2952965,2026-09-25 14:20:12.307583+00,KPEDU,antero,HorseDrinker,1790346010,TankPressure_2_HB,15209
2952966,2026-09-25 14:20:12.307583+00,KPEDU,antero,HorseDrinker,1790346010,BowlPressure_HB,10259
2953143,2026-09-25 14:30:12.69953+00,KPEDU,antero,HorseDrinker,1790346610,TankPressure_1_HB,17396
2953144,2026-09-25 14:30:12.69953+00,KPEDU,antero,HorseDrinker,1790346610,TankPressure_2_HB,15149
2953145,2026-09-25 14:30:12.69953+00,KPEDU,antero,HorseDrinker,1790346610,BowlPressure_HB,10250
2953544,2026-09-25 14:40:12.356263+00,KPEDU,antero,HorseDrinker,1790347210,TankPressure_1_HB,17404
2953545,2026-09-25 14:40:12.356263+00,KPEDU,antero,HorseDrinker,1790347210,TankPressure_2_HB,15153
2953546,2026-09-25 14:40:12.356263+00,KPEDU,antero,HorseDrinker,1790347210,BowlPressure_HB,10261
2953721,2026-09-25 14:50:12.318157+00,KPEDU,antero,HorseDrinker,1790347810,TankPressure_1_HB,17358
2953722,2026-09-25 14:50:12.318157+00,KPEDU,antero,HorseDrinker,1790347810,TankPressure_2_HB,15127
2953723,2026-09-25 14:50:12.318157+00,KPEDU,antero,HorseDrinker,1790347810,BowlPressure_HB,10257
2953908,2026-09-25 15:00:12.319971+00,KPEDU,antero,HorseDrinker,1790348410,TankPressure_1_HB,17339
2953909,2026-09-25 15:00:12.319971+00,KPEDU,antero,HorseDrinker,1790348410,TankPressure_2_HB,15111
2953910,2026-09-25 15:00:12.319971+00,KPEDU,antero,HorseDrinker,1790348410,BowlPressure_HB,10246
2954327,2026-09-25 15:10:12.27735+00,KPEDU,antero,HorseDrinker,1790349010,TankPressure_1_HB,17385
2954328,2026-09-25 15:10:12.27735+00,KPEDU,antero,HorseDrinker,1790349010,TankPressure_2_HB,15154
2954329,2026-09-25 15:10:12.27735+00,KPEDU,antero,HorseDrinker,1790349010,BowlPressure_HB,10248
2954512,2026-09-25 15:20:12.36391+00,KPEDU,antero,HorseDrinker,1790349610,TankPressure_1_HB,17409
2954513,2026-09-25 15:20:12.36391+00,KPEDU,antero,HorseDrinker,1790349610,TankPressure_2_HB,15177
2954514,2026-09-25 15:20:12.36391+00,KPEDU,antero,HorseDrinker,1790349610,BowlPressure_HB,10245
2954687,2026-09-25 15:30:12.506667+00,KPEDU,antero,HorseDrinker,1790350210,TankPressure_1_HB,17353
2954688,2026-09-25 15:30:12.506667+00,KPEDU,antero,HorseDrinker,1790350210,TankPressure_2_HB,15136
2954689,2026-09-25 15:30:12.506667+00,KPEDU,antero,HorseDrinker,1790350210,BowlPressure_HB,10243
2955087,2026-09-25 15:40:12.309979+00,KPEDU,antero,HorseDrinker,1790350810,TankPressure_1_HB,17397
2955088,2026-09-25 15:40:12.309979+00,KPEDU,antero,HorseDrinker,1790350810,TankPressure_2_HB,15157
2955089,2026-09-25 15:40:12.309979+00,KPEDU,antero,HorseDrinker,1790350810,BowlPressure_HB,10244
2955262,2026-09-25 15:50:12.381614+00,KPEDU,antero,HorseDrinker,1790351410,TankPressure_1_HB,17428
2955263,2026-09-25 15:50:12.381614+00,KPEDU,antero,HorseDrinker,1790351410,TankPressure_2_HB,15174
2955264,2026-09-25 15:50:12.381614+00,KPEDU,antero,HorseDrinker,1790351410,BowlPressure_HB,10251
2958306,2026-09-25 17:50:12.334758+00,KPEDU,antero,HorseDrinker,1790358610,TankPressure_1_HB,15709
2958307,2026-09-25 17:50:12.334758+00,KPEDU,antero,HorseDrinker,1790358610,TankPressure_2_HB,16578
2958308,2026-09-25 17:50:12.334758+00,KPEDU,antero,HorseDrinker,1790358610,BowlPressure_HB,10264
2958493,2026-09-25 18:00:12.315723+00,KPEDU,antero,HorseDrinker,1790359210,TankPressure_1_HB,15756
2958494,2026-09-25 18:00:12.315723+00,KPEDU,antero,HorseDrinker,1790359210,TankPressure_2_HB,16618
2958495,2026-09-25 18:00:12.315723+00,KPEDU,antero,HorseDrinker,1790359210,BowlPressure_HB,10265
2958727,2026-09-25 18:10:12.422389+00,KPEDU,antero,HorseDrinker,1790359810,TankPressure_1_HB,15729
2958728,2026-09-25 18:10:12.422389+00,KPEDU,antero,HorseDrinker,1790359810,TankPressure_2_HB,16574
2958729,2026-09-25 18:10:12.422389+00,KPEDU,antero,HorseDrinker,1790359810,BowlPressure_HB,10257
2959040,2026-09-25 18:20:12.387263+00,KPEDU,antero,HorseDrinker,1790360410,TankPressure_1_HB,15732
2959041,2026-09-25 18:20:12.387263+00,KPEDU,antero,HorseDrinker,1790360410,TankPressure_2_HB,16590
2959042,2026-09-25 18:20:12.387263+00,KPEDU,antero,HorseDrinker,1790360410,BowlPressure_HB,10257
2959229,2026-09-25 18:30:12.367286+00,KPEDU,antero,HorseDrinker,1790361010,TankPressure_1_HB,15777
2959230,2026-09-25 18:30:12.367286+00,KPEDU,antero,HorseDrinker,1790361010,TankPressure_2_HB,16634
2959231,2026-09-25 18:30:12.367286+00,KPEDU,antero,HorseDrinker,1790361010,BowlPressure_HB,10264
2959479,2026-09-25 18:40:12.329216+00,KPEDU,antero,HorseDrinker,1790361610,TankPressure_1_HB,15774
2959480,2026-09-25 18:40:12.329216+00,KPEDU,antero,HorseDrinker,1790361610,TankPressure_2_HB,16617
2959481,2026-09-25 18:40:12.329216+00,KPEDU,antero,HorseDrinker,1790361610,BowlPressure_HB,10250
2959826,2026-09-25 18:50:12.302471+00,KPEDU,antero,HorseDrinker,1790362210,TankPressure_1_HB,15716
2959827,2026-09-25 18:50:12.302471+00,KPEDU,antero,HorseDrinker,1790362210,TankPressure_2_HB,16567
2959828,2026-09-25 18:50:12.302471+00,KPEDU,antero,HorseDrinker,1790362210,BowlPressure_HB,10253
2960001,2026-09-25 19:00:12.351586+00,KPEDU,antero,HorseDrinker,1790362810,TankPressure_1_HB,15725
2960002,2026-09-25 19:00:12.351586+00,KPEDU,antero,HorseDrinker,1790362810,TankPressure_2_HB,16593
2960003,2026-09-25 19:00:12.351586+00,KPEDU,antero,HorseDrinker,1790362810,BowlPressure_HB,10252
2960261,2026-09-25 19:10:12.32847+00,KPEDU,antero,HorseDrinker,1790363410,TankPressure_1_HB,15735
2960262,2026-09-25 19:10:12.32847+00,KPEDU,antero,HorseDrinker,1790363410,TankPressure_2_HB,16575
2960263,2026-09-25 19:10:12.32847+00,KPEDU,antero,HorseDrinker,1790363410,BowlPressure_HB,10265
2960463,2026-09-25 19:20:12.399423+00,KPEDU,antero,HorseDrinker,1790364010,TankPressure_1_HB,15742
2960464,2026-09-25 19:20:12.399423+00,KPEDU,antero,HorseDrinker,1790364010,TankPressure_2_HB,16600
2960465,2026-09-25 19:20:12.399423+00,KPEDU,antero,HorseDrinker,1790364010,BowlPressure_HB,10259
2960772,2026-09-25 19:30:12.413103+00,KPEDU,antero,HorseDrinker,1790364610,TankPressure_1_HB,15786
2960773,2026-09-25 19:30:12.413103+00,KPEDU,antero,HorseDrinker,1790364610,TankPressure_2_HB,16614
2960774,2026-09-25 19:30:12.413103+00,KPEDU,antero,HorseDrinker,1790364610,BowlPressure_HB,10258
2963866,2026-09-25 21:30:12.37673+00,KPEDU,antero,HorseDrinker,1790371810,TankPressure_1_HB,15782
2963867,2026-09-25 21:30:12.37673+00,KPEDU,antero,HorseDrinker,1790371810,TankPressure_2_HB,16623
2963868,2026-09-25 21:30:12.37673+00,KPEDU,antero,HorseDrinker,1790371810,BowlPressure_HB,10257
2964096,2026-09-25 21:40:12.471992+00,KPEDU,antero,HorseDrinker,1790372410,TankPressure_1_HB,15730
2964097,2026-09-25 21:40:12.471992+00,KPEDU,antero,HorseDrinker,1790372410,TankPressure_2_HB,16551
2964098,2026-09-25 21:40:12.471992+00,KPEDU,antero,HorseDrinker,1790372410,BowlPressure_HB,10253
2964281,2026-09-25 21:50:12.481039+00,KPEDU,antero,HorseDrinker,1790373010,TankPressure_1_HB,15675
2964282,2026-09-25 21:50:12.481039+00,KPEDU,antero,HorseDrinker,1790373010,TankPressure_2_HB,16508
2964283,2026-09-25 21:50:12.481039+00,KPEDU,antero,HorseDrinker,1790373010,BowlPressure_HB,10259
2964466,2026-09-25 22:00:12.506297+00,KPEDU,antero,HorseDrinker,1790373610,TankPressure_1_HB,15779
2964467,2026-09-25 22:00:12.506297+00,KPEDU,antero,HorseDrinker,1790373610,TankPressure_2_HB,16601
2964468,2026-09-25 22:00:12.506297+00,KPEDU,antero,HorseDrinker,1790373610,BowlPressure_HB,10262
2964720,2026-09-25 22:10:12.540665+00,KPEDU,antero,HorseDrinker,1790374210,TankPressure_1_HB,15740
2964721,2026-09-25 22:10:12.540665+00,KPEDU,antero,HorseDrinker,1790374210,TankPressure_2_HB,16548
2964722,2026-09-25 22:10:12.540665+00,KPEDU,antero,HorseDrinker,1790374210,BowlPressure_HB,10260
2964899,2026-09-25 22:20:12.462852+00,KPEDU,antero,HorseDrinker,1790374810,TankPressure_1_HB,15697
2964900,2026-09-25 22:20:12.462852+00,KPEDU,antero,HorseDrinker,1790374810,TankPressure_2_HB,16505
2964901,2026-09-25 22:20:12.462852+00,KPEDU,antero,HorseDrinker,1790374810,BowlPressure_HB,10257
2965182,2026-09-25 22:30:12.506424+00,KPEDU,antero,HorseDrinker,1790375410,TankPressure_1_HB,15716
2965183,2026-09-25 22:30:12.506424+00,KPEDU,antero,HorseDrinker,1790375410,TankPressure_2_HB,16521
2965184,2026-09-25 22:30:12.506424+00,KPEDU,antero,HorseDrinker,1790375410,BowlPressure_HB,10257
2965424,2026-09-25 22:40:12.405916+00,KPEDU,antero,HorseDrinker,1790376010,TankPressure_1_HB,15676
2965425,2026-09-25 22:40:12.405916+00,KPEDU,antero,HorseDrinker,1790376010,TankPressure_2_HB,16469
2965426,2026-09-25 22:40:12.405916+00,KPEDU,antero,HorseDrinker,1790376010,BowlPressure_HB,10260
2965607,2026-09-25 22:50:12.461999+00,KPEDU,antero,HorseDrinker,1790376610,TankPressure_1_HB,15764
2965608,2026-09-25 22:50:12.461999+00,KPEDU,antero,HorseDrinker,1790376610,TankPressure_2_HB,16569
2965609,2026-09-25 22:50:12.461999+00,KPEDU,antero,HorseDrinker,1790376610,BowlPressure_HB,10263
2965788,2026-09-25 23:00:12.42795+00,KPEDU,antero,HorseDrinker,1790377210,TankPressure_1_HB,15729
2965789,2026-09-25 23:00:12.42795+00,KPEDU,antero,HorseDrinker,1790377210,TankPressure_2_HB,16520
2965790,2026-09-25 23:00:12.42795+00,KPEDU,antero,HorseDrinker,1790377210,BowlPressure_HB,10264
2966196,2026-09-25 23:10:12.508709+00,KPEDU,antero,HorseDrinker,1790377810,TankPressure_1_HB,15756
2966197,2026-09-25 23:10:12.508709+00,KPEDU,antero,HorseDrinker,1790377810,TankPressure_2_HB,16555
2966198,2026-09-25 23:10:12.508709+00,KPEDU,antero,HorseDrinker,1790377810,BowlPressure_HB,10262
2971971,2026-09-26 04:00:12.538217+00,KPEDU,antero,HorseDrinker,1790395210,TankPressure_1_HB,15693
2971972,2026-09-26 04:00:12.538217+00,KPEDU,antero,HorseDrinker,1790395210,TankPressure_2_HB,16464
2971973,2026-09-26 04:00:12.538217+00,KPEDU,antero,HorseDrinker,1790395210,BowlPressure_HB,10264
2972223,2026-09-26 04:10:12.529588+00,KPEDU,antero,HorseDrinker,1790395810,TankPressure_1_HB,15729
2972224,2026-09-26 04:10:12.529588+00,KPEDU,antero,HorseDrinker,1790395810,TankPressure_2_HB,16489
2972225,2026-09-26 04:10:12.529588+00,KPEDU,antero,HorseDrinker,1790395810,BowlPressure_HB,10267
2972404,2026-09-26 04:20:12.635718+00,KPEDU,antero,HorseDrinker,1790396410,TankPressure_1_HB,15691
2972405,2026-09-26 04:20:12.635718+00,KPEDU,antero,HorseDrinker,1790396410,TankPressure_2_HB,16459
2972406,2026-09-26 04:20:12.635718+00,KPEDU,antero,HorseDrinker,1790396410,BowlPressure_HB,10269
2972579,2026-09-26 04:30:12.603883+00,KPEDU,antero,HorseDrinker,1790397010,TankPressure_1_HB,15695
2972580,2026-09-26 04:30:12.603883+00,KPEDU,antero,HorseDrinker,1790397010,TankPressure_2_HB,16441
2972581,2026-09-26 04:30:12.603883+00,KPEDU,antero,HorseDrinker,1790397010,BowlPressure_HB,10273
2972837,2026-09-26 04:40:12.543235+00,KPEDU,antero,HorseDrinker,1790397610,TankPressure_1_HB,15736
2972838,2026-09-26 04:40:12.543235+00,KPEDU,antero,HorseDrinker,1790397610,TankPressure_2_HB,16491
2972839,2026-09-26 04:40:12.543235+00,KPEDU,antero,HorseDrinker,1790397610,BowlPressure_HB,10275
2973014,2026-09-26 04:50:12.523291+00,KPEDU,antero,HorseDrinker,1790398210,TankPressure_1_HB,15728
2973015,2026-09-26 04:50:12.523291+00,KPEDU,antero,HorseDrinker,1790398210,TankPressure_2_HB,16481
2973016,2026-09-26 04:50:12.523291+00,KPEDU,antero,HorseDrinker,1790398210,BowlPressure_HB,10246
2973193,2026-09-26 05:00:12.61996+00,KPEDU,antero,HorseDrinker,1790398810,TankPressure_1_HB,15708
2973194,2026-09-26 05:00:12.61996+00,KPEDU,antero,HorseDrinker,1790398810,TankPressure_2_HB,16442
2973195,2026-09-26 05:00:12.61996+00,KPEDU,antero,HorseDrinker,1790398810,BowlPressure_HB,10222
2973453,2026-09-26 05:10:12.721348+00,KPEDU,antero,HorseDrinker,1790399410,TankPressure_1_HB,15740
2973454,2026-09-26 05:10:12.721348+00,KPEDU,antero,HorseDrinker,1790399410,TankPressure_2_HB,16469
2973455,2026-09-26 05:10:12.721348+00,KPEDU,antero,HorseDrinker,1790399410,BowlPressure_HB,10220
2973626,2026-09-26 05:20:12.552259+00,KPEDU,antero,HorseDrinker,1790400010,TankPressure_1_HB,15740
2973627,2026-09-26 05:20:12.552259+00,KPEDU,antero,HorseDrinker,1790400010,TankPressure_2_HB,16464
2973628,2026-09-26 05:20:12.552259+00,KPEDU,antero,HorseDrinker,1790400010,BowlPressure_HB,10212
2973811,2026-09-26 05:30:12.632612+00,KPEDU,antero,HorseDrinker,1790400610,TankPressure_1_HB,15746
2973812,2026-09-26 05:30:12.632612+00,KPEDU,antero,HorseDrinker,1790400610,TankPressure_2_HB,16463
2973813,2026-09-26 05:30:12.632612+00,KPEDU,antero,HorseDrinker,1790400610,BowlPressure_HB,10201
2974057,2026-09-26 05:40:12.596271+00,KPEDU,antero,HorseDrinker,1790400790,TankPressure_1,15649
2974058,2026-09-26 05:40:12.596271+00,KPEDU,antero,HorseDrinker,1790400790,TankPressure_2,16695
2974059,2026-09-26 05:40:12.596271+00,KPEDU,antero,HorseDrinker,1790400790,BowlPressure,10281
2974060,2026-09-26 05:40:12.596271+00,KPEDU,antero,HorseDrinker,1790401210,TankPressure_1_HB,15414
2974061,2026-09-26 05:40:12.596271+00,KPEDU,antero,HorseDrinker,1790401210,TankPressure_2_HB,16450
2974062,2026-09-26 05:40:12.596271+00,KPEDU,antero,HorseDrinker,1790401210,BowlPressure_HB,10261
2974245,2026-09-26 05:50:12.571216+00,KPEDU,antero,HorseDrinker,1790401810,TankPressure_1_HB,15480
2974246,2026-09-26 05:50:12.571216+00,KPEDU,antero,HorseDrinker,1790401810,TankPressure_2_HB,16496
2974247,2026-09-26 05:50:12.571216+00,KPEDU,antero,HorseDrinker,1790401810,BowlPressure_HB,10253
2974424,2026-09-26 06:00:12.642428+00,KPEDU,antero,HorseDrinker,1790402410,TankPressure_1_HB,15403
2974425,2026-09-26 06:00:12.642428+00,KPEDU,antero,HorseDrinker,1790402410,TankPressure_2_HB,16435
2974426,2026-09-26 06:00:12.642428+00,KPEDU,antero,HorseDrinker,1790402410,BowlPressure_HB,10267
2977461,2026-09-26 08:30:12.644868+00,KPEDU,antero,HorseDrinker,1790411410,TankPressure_1_HB,15383
2977462,2026-09-26 08:30:12.644868+00,KPEDU,antero,HorseDrinker,1790411410,TankPressure_2_HB,16395
2977463,2026-09-26 08:30:12.644868+00,KPEDU,antero,HorseDrinker,1790411410,BowlPressure_HB,10256
2977695,2026-09-26 08:40:12.707282+00,KPEDU,antero,HorseDrinker,1790412010,TankPressure_1_HB,15414
2977696,2026-09-26 08:40:12.707282+00,KPEDU,antero,HorseDrinker,1790412010,TankPressure_2_HB,16427
2977697,2026-09-26 08:40:12.707282+00,KPEDU,antero,HorseDrinker,1790412010,BowlPressure_HB,10256
2977876,2026-09-26 08:50:12.708838+00,KPEDU,antero,HorseDrinker,1790412610,TankPressure_1_HB,15369
2977877,2026-09-26 08:50:12.708838+00,KPEDU,antero,HorseDrinker,1790412610,TankPressure_2_HB,16371
2977878,2026-09-26 08:50:12.708838+00,KPEDU,antero,HorseDrinker,1790412610,BowlPressure_HB,10254
2978049,2026-09-26 09:00:12.677676+00,KPEDU,antero,HorseDrinker,1790413210,TankPressure_1_HB,15397
2978050,2026-09-26 09:00:12.677676+00,KPEDU,antero,HorseDrinker,1790413210,TankPressure_2_HB,16403
2978051,2026-09-26 09:00:12.677676+00,KPEDU,antero,HorseDrinker,1790413210,BowlPressure_HB,10252
2978285,2026-09-26 09:10:12.665112+00,KPEDU,antero,HorseDrinker,1790413810,TankPressure_1_HB,15423
2978286,2026-09-26 09:10:12.665112+00,KPEDU,antero,HorseDrinker,1790413810,TankPressure_2_HB,16440
2978287,2026-09-26 09:10:12.665112+00,KPEDU,antero,HorseDrinker,1790413810,BowlPressure_HB,10255
2978452,2026-09-26 09:20:12.873714+00,KPEDU,antero,HorseDrinker,1790414410,TankPressure_1_HB,15339
2978453,2026-09-26 09:20:12.873714+00,KPEDU,antero,HorseDrinker,1790414410,TankPressure_2_HB,16358
2978454,2026-09-26 09:20:12.873714+00,KPEDU,antero,HorseDrinker,1790414410,BowlPressure_HB,10256
2978637,2026-09-26 09:30:12.675126+00,KPEDU,antero,HorseDrinker,1790415010,TankPressure_1_HB,15393
2978638,2026-09-26 09:30:12.675126+00,KPEDU,antero,HorseDrinker,1790415010,TankPressure_2_HB,16409
2978639,2026-09-26 09:30:12.675126+00,KPEDU,antero,HorseDrinker,1790415010,BowlPressure_HB,10255
2978855,2026-09-26 09:40:12.66215+00,KPEDU,antero,HorseDrinker,1790415610,TankPressure_1_HB,15433
2978856,2026-09-26 09:40:12.66215+00,KPEDU,antero,HorseDrinker,1790415610,TankPressure_2_HB,16432
2978857,2026-09-26 09:40:12.66215+00,KPEDU,antero,HorseDrinker,1790415610,BowlPressure_HB,10246
2979050,2026-09-26 09:50:12.698637+00,KPEDU,antero,HorseDrinker,1790416210,TankPressure_1_HB,16323
2979051,2026-09-26 09:50:12.698637+00,KPEDU,antero,HorseDrinker,1790416210,TankPressure_2_HB,17508
2979052,2026-09-26 09:50:12.698637+00,KPEDU,antero,HorseDrinker,1790416210,BowlPressure_HB,9707
2979213,2026-09-26 10:00:12.703954+00,KPEDU,antero,HorseDrinker,1790416248,TankPressure_1,17530
2979214,2026-09-26 10:00:12.703954+00,KPEDU,antero,HorseDrinker,1790416248,TankPressure_2,16686
2979215,2026-09-26 10:00:12.703954+00,KPEDU,antero,HorseDrinker,1790416248,BowlPressure,10285
2979216,2026-09-26 10:00:12.703954+00,KPEDU,antero,HorseDrinker,1790416524,TankPressure_1,17492
2979217,2026-09-26 10:00:12.703954+00,KPEDU,antero,HorseDrinker,1790416524,TankPressure_2,15588
2979218,2026-09-26 10:00:12.703954+00,KPEDU,antero,HorseDrinker,1790416524,BowlPressure,10281
2979219,2026-09-26 10:00:12.703954+00,KPEDU,antero,HorseDrinker,1790416810,TankPressure_1_HB,17255
2979220,2026-09-26 10:00:12.703954+00,KPEDU,antero,HorseDrinker,1790416810,TankPressure_2_HB,15332
2979221,2026-09-26 10:00:12.703954+00,KPEDU,antero,HorseDrinker,1790416810,BowlPressure_HB,10213
2979489,2026-09-26 10:10:12.70085+00,KPEDU,antero,HorseDrinker,1790417410,TankPressure_1_HB,17207
2979490,2026-09-26 10:10:12.70085+00,KPEDU,antero,HorseDrinker,1790417410,TankPressure_2_HB,15275
2979491,2026-09-26 10:10:12.70085+00,KPEDU,antero,HorseDrinker,1790417410,BowlPressure_HB,10374
2979652,2026-09-26 10:20:12.912146+00,KPEDU,antero,HorseDrinker,1790417995,TankPressure_1,17557
2979653,2026-09-26 10:20:12.912146+00,KPEDU,antero,HorseDrinker,1790417995,TankPressure_2,17648
2979654,2026-09-26 10:20:12.912146+00,KPEDU,antero,HorseDrinker,1790417995,BowlPressure,10284
2979655,2026-09-26 10:20:12.912146+00,KPEDU,antero,HorseDrinker,1790418010,TankPressure_1_HB,17197
2979656,2026-09-26 10:20:12.912146+00,KPEDU,antero,HorseDrinker,1790418010,TankPressure_2_HB,17317
2979657,2026-09-26 10:20:12.912146+00,KPEDU,antero,HorseDrinker,1790418010,BowlPressure_HB,10258
2979850,2026-09-26 10:30:12.716162+00,KPEDU,antero,HorseDrinker,1790418610,TankPressure_1_HB,17257
2979851,2026-09-26 10:30:12.716162+00,KPEDU,antero,HorseDrinker,1790418610,TankPressure_2_HB,17419
2979852,2026-09-26 10:30:12.716162+00,KPEDU,antero,HorseDrinker,1790418610,BowlPressure_HB,10249
2980112,2026-09-26 10:40:12.689628+00,KPEDU,antero,HorseDrinker,1790419210,TankPressure_1_HB,17307
2980113,2026-09-26 10:40:12.689628+00,KPEDU,antero,HorseDrinker,1790419210,TankPressure_2_HB,17480
2980114,2026-09-26 10:40:12.689628+00,KPEDU,antero,HorseDrinker,1790419210,BowlPressure_HB,10246
2980295,2026-09-26 10:50:12.665261+00,KPEDU,antero,HorseDrinker,1790419810,TankPressure_1_HB,17280
2980296,2026-09-26 10:50:12.665261+00,KPEDU,antero,HorseDrinker,1790419810,TankPressure_2_HB,17453
2980297,2026-09-26 10:50:12.665261+00,KPEDU,antero,HorseDrinker,1790419810,BowlPressure_HB,10244
2980494,2026-09-26 11:00:12.708263+00,KPEDU,antero,HorseDrinker,1790420410,TankPressure_1_HB,17230
2980495,2026-09-26 11:00:12.708263+00,KPEDU,antero,HorseDrinker,1790420410,TankPressure_2_HB,17382
2980496,2026-09-26 11:00:12.708263+00,KPEDU,antero,HorseDrinker,1790420410,BowlPressure_HB,10258
2980719,2026-09-26 11:10:12.708986+00,KPEDU,antero,HorseDrinker,1790421010,TankPressure_1_HB,17223
2980720,2026-09-26 11:10:12.708986+00,KPEDU,antero,HorseDrinker,1790421010,TankPressure_2_HB,17368
2980721,2026-09-26 11:10:12.708986+00,KPEDU,antero,HorseDrinker,1790421010,BowlPressure_HB,10253
2980910,2026-09-26 11:20:12.668926+00,KPEDU,antero,HorseDrinker,1790421610,TankPressure_1_HB,17250
2980911,2026-09-26 11:20:12.668926+00,KPEDU,antero,HorseDrinker,1790421610,TankPressure_2_HB,17412
2980912,2026-09-26 11:20:12.668926+00,KPEDU,antero,HorseDrinker,1790421610,BowlPressure_HB,10258
2981107,2026-09-26 11:30:12.751919+00,KPEDU,antero,HorseDrinker,1790422210,TankPressure_1_HB,17276
2981108,2026-09-26 11:30:12.751919+00,KPEDU,antero,HorseDrinker,1790422210,TankPressure_2_HB,17426
2981109,2026-09-26 11:30:12.751919+00,KPEDU,antero,HorseDrinker,1790422210,BowlPressure_HB,10250
2981343,2026-09-26 11:40:12.734201+00,KPEDU,antero,HorseDrinker,1790422810,TankPressure_1_HB,17264
2981344,2026-09-26 11:40:12.734201+00,KPEDU,antero,HorseDrinker,1790422810,TankPressure_2_HB,17419
2981345,2026-09-26 11:40:12.734201+00,KPEDU,antero,HorseDrinker,1790422810,BowlPressure_HB,10246
2981552,2026-09-26 11:50:12.799853+00,KPEDU,antero,HorseDrinker,1790423410,TankPressure_1_HB,17277
2981553,2026-09-26 11:50:12.799853+00,KPEDU,antero,HorseDrinker,1790423410,TankPressure_2_HB,17432
2981554,2026-09-26 11:50:12.799853+00,KPEDU,antero,HorseDrinker,1790423410,BowlPressure_HB,10195
2981751,2026-09-26 12:00:12.803584+00,KPEDU,antero,HorseDrinker,1790424010,TankPressure_1_HB,17264
2981752,2026-09-26 12:00:12.803584+00,KPEDU,antero,HorseDrinker,1790424010,TankPressure_2_HB,17387
2981753,2026-09-26 12:00:12.803584+00,KPEDU,antero,HorseDrinker,1790424010,BowlPressure_HB,10199
2982023,2026-09-26 12:10:12.891442+00,KPEDU,antero,HorseDrinker,1790424610,TankPressure_1_HB,17232
2968367,2026-09-26 01:00:12.565784+00,KPEDU,antero,HorseDrinker,1790384410,TankPressure_1_HB,15706
2968368,2026-09-26 01:00:12.565784+00,KPEDU,antero,HorseDrinker,1790384410,TankPressure_2_HB,16473
2968369,2026-09-26 01:00:12.565784+00,KPEDU,antero,HorseDrinker,1790384410,BowlPressure_HB,10257
2968621,2026-09-26 01:10:12.687894+00,KPEDU,antero,HorseDrinker,1790385010,TankPressure_1_HB,15747
2968622,2026-09-26 01:10:12.687894+00,KPEDU,antero,HorseDrinker,1790385010,TankPressure_2_HB,16518
2968623,2026-09-26 01:10:12.687894+00,KPEDU,antero,HorseDrinker,1790385010,BowlPressure_HB,10260
2968794,2026-09-26 01:20:12.473203+00,KPEDU,antero,HorseDrinker,1790385610,TankPressure_1_HB,15750
2968795,2026-09-26 01:20:12.473203+00,KPEDU,antero,HorseDrinker,1790385610,TankPressure_2_HB,16525
2968796,2026-09-26 01:20:12.473203+00,KPEDU,antero,HorseDrinker,1790385610,BowlPressure_HB,10257
2968979,2026-09-26 01:30:12.542355+00,KPEDU,antero,HorseDrinker,1790386210,TankPressure_1_HB,15718
2968980,2026-09-26 01:30:12.542355+00,KPEDU,antero,HorseDrinker,1790386210,TankPressure_2_HB,16483
2968981,2026-09-26 01:30:12.542355+00,KPEDU,antero,HorseDrinker,1790386210,BowlPressure_HB,10266
2969229,2026-09-26 01:40:12.520608+00,KPEDU,antero,HorseDrinker,1790386810,TankPressure_1_HB,15721
2969230,2026-09-26 01:40:12.520608+00,KPEDU,antero,HorseDrinker,1790386810,TankPressure_2_HB,16470
2969231,2026-09-26 01:40:12.520608+00,KPEDU,antero,HorseDrinker,1790386810,BowlPressure_HB,10260
2969414,2026-09-26 01:50:12.582305+00,KPEDU,antero,HorseDrinker,1790387410,TankPressure_1_HB,15715
2969415,2026-09-26 01:50:12.582305+00,KPEDU,antero,HorseDrinker,1790387410,TankPressure_2_HB,16479
2969416,2026-09-26 01:50:12.582305+00,KPEDU,antero,HorseDrinker,1790387410,BowlPressure_HB,10263
2969593,2026-09-26 02:00:12.548069+00,KPEDU,antero,HorseDrinker,1790388010,TankPressure_1_HB,15698
2969594,2026-09-26 02:00:12.548069+00,KPEDU,antero,HorseDrinker,1790388010,TankPressure_2_HB,16487
2969595,2026-09-26 02:00:12.548069+00,KPEDU,antero,HorseDrinker,1790388010,BowlPressure_HB,10270
2969824,2026-09-26 02:10:12.520802+00,KPEDU,antero,HorseDrinker,1790388610,TankPressure_1_HB,15737
2969825,2026-09-26 02:10:12.520802+00,KPEDU,antero,HorseDrinker,1790388610,TankPressure_2_HB,16518
2969826,2026-09-26 02:10:12.520802+00,KPEDU,antero,HorseDrinker,1790388610,BowlPressure_HB,10262
2969999,2026-09-26 02:20:12.534279+00,KPEDU,antero,HorseDrinker,1790389210,TankPressure_1_HB,15725
2970000,2026-09-26 02:20:12.534279+00,KPEDU,antero,HorseDrinker,1790389210,TankPressure_2_HB,16518
2970001,2026-09-26 02:20:12.534279+00,KPEDU,antero,HorseDrinker,1790389210,BowlPressure_HB,10263
2970190,2026-09-26 02:30:12.592004+00,KPEDU,antero,HorseDrinker,1790389810,TankPressure_1_HB,15710
2970191,2026-09-26 02:30:12.592004+00,KPEDU,antero,HorseDrinker,1790389810,TankPressure_2_HB,16500
2970192,2026-09-26 02:30:12.592004+00,KPEDU,antero,HorseDrinker,1790389810,BowlPressure_HB,10271
2970396,2026-09-26 02:40:12.35169+00,KPEDU,antero,HorseDrinker,1790390410,TankPressure_1_HB,15742
2970397,2026-09-26 02:40:12.35169+00,KPEDU,antero,HorseDrinker,1790390410,TankPressure_2_HB,16517
2970398,2026-09-26 02:40:12.35169+00,KPEDU,antero,HorseDrinker,1790390410,BowlPressure_HB,10267
2970579,2026-09-26 02:50:12.549619+00,KPEDU,antero,HorseDrinker,1790391010,TankPressure_1_HB,15759
2970580,2026-09-26 02:50:12.549619+00,KPEDU,antero,HorseDrinker,1790391010,TankPressure_2_HB,16535
2970581,2026-09-26 02:50:12.549619+00,KPEDU,antero,HorseDrinker,1790391010,BowlPressure_HB,10269
2970754,2026-09-26 03:00:12.701581+00,KPEDU,antero,HorseDrinker,1790391610,TankPressure_1_HB,15720
2970755,2026-09-26 03:00:12.701581+00,KPEDU,antero,HorseDrinker,1790391610,TankPressure_2_HB,16492
2970756,2026-09-26 03:00:12.701581+00,KPEDU,antero,HorseDrinker,1790391610,BowlPressure_HB,10271
2971003,2026-09-26 03:10:12.581074+00,KPEDU,antero,HorseDrinker,1790392210,TankPressure_1_HB,15721
2971004,2026-09-26 03:10:12.581074+00,KPEDU,antero,HorseDrinker,1790392210,TankPressure_2_HB,16486
2971005,2026-09-26 03:10:12.581074+00,KPEDU,antero,HorseDrinker,1790392210,BowlPressure_HB,10269
2971174,2026-09-26 03:20:12.548901+00,KPEDU,antero,HorseDrinker,1790392810,TankPressure_1_HB,15747
2971175,2026-09-26 03:20:12.548901+00,KPEDU,antero,HorseDrinker,1790392810,TankPressure_2_HB,16518
2971176,2026-09-26 03:20:12.548901+00,KPEDU,antero,HorseDrinker,1790392810,BowlPressure_HB,10267
2971361,2026-09-26 03:30:12.445244+00,KPEDU,antero,HorseDrinker,1790393410,TankPressure_1_HB,15710
2971362,2026-09-26 03:30:12.445244+00,KPEDU,antero,HorseDrinker,1790393410,TankPressure_2_HB,16473
2971363,2026-09-26 03:30:12.445244+00,KPEDU,antero,HorseDrinker,1790393410,BowlPressure_HB,10274
2971613,2026-09-26 03:40:12.523612+00,KPEDU,antero,HorseDrinker,1790394010,TankPressure_1_HB,15718
2971614,2026-09-26 03:40:12.523612+00,KPEDU,antero,HorseDrinker,1790394010,TankPressure_2_HB,16481
2971615,2026-09-26 03:40:12.523612+00,KPEDU,antero,HorseDrinker,1790394010,BowlPressure_HB,10269
2971790,2026-09-26 03:50:12.460136+00,KPEDU,antero,HorseDrinker,1790394610,TankPressure_1_HB,15711
2971791,2026-09-26 03:50:12.460136+00,KPEDU,antero,HorseDrinker,1790394610,TankPressure_2_HB,16483
2971792,2026-09-26 03:50:12.460136+00,KPEDU,antero,HorseDrinker,1790394610,BowlPressure_HB,10259
2974680,2026-09-26 06:10:12.617305+00,KPEDU,antero,HorseDrinker,1790403010,TankPressure_1_HB,15417
2974681,2026-09-26 06:10:12.617305+00,KPEDU,antero,HorseDrinker,1790403010,TankPressure_2_HB,16462
2974682,2026-09-26 06:10:12.617305+00,KPEDU,antero,HorseDrinker,1790403010,BowlPressure_HB,10261
2974853,2026-09-26 06:20:12.605821+00,KPEDU,antero,HorseDrinker,1790403610,TankPressure_1_HB,15445
2974854,2026-09-26 06:20:12.605821+00,KPEDU,antero,HorseDrinker,1790403610,TankPressure_2_HB,16473
2974855,2026-09-26 06:20:12.605821+00,KPEDU,antero,HorseDrinker,1790403610,BowlPressure_HB,10268
2975040,2026-09-26 06:30:12.646278+00,KPEDU,antero,HorseDrinker,1790404210,TankPressure_1_HB,15364
2975041,2026-09-26 06:30:12.646278+00,KPEDU,antero,HorseDrinker,1790404210,TankPressure_2_HB,16396
2975042,2026-09-26 06:30:12.646278+00,KPEDU,antero,HorseDrinker,1790404210,BowlPressure_HB,10263
2975278,2026-09-26 06:40:12.651644+00,KPEDU,antero,HorseDrinker,1790404810,TankPressure_1_HB,15417
2975279,2026-09-26 06:40:12.651644+00,KPEDU,antero,HorseDrinker,1790404810,TankPressure_2_HB,16440
2975280,2026-09-26 06:40:12.651644+00,KPEDU,antero,HorseDrinker,1790404810,BowlPressure_HB,10262
2975465,2026-09-26 06:50:12.78458+00,KPEDU,antero,HorseDrinker,1790405410,TankPressure_1_HB,15352
2975466,2026-09-26 06:50:12.78458+00,KPEDU,antero,HorseDrinker,1790405410,TankPressure_2_HB,16374
2975467,2026-09-26 06:50:12.78458+00,KPEDU,antero,HorseDrinker,1790405410,BowlPressure_HB,10259
2975636,2026-09-26 07:00:12.595448+00,KPEDU,antero,HorseDrinker,1790406010,TankPressure_1_HB,15422
2975637,2026-09-26 07:00:12.595448+00,KPEDU,antero,HorseDrinker,1790406010,TankPressure_2_HB,16449
2975638,2026-09-26 07:00:12.595448+00,KPEDU,antero,HorseDrinker,1790406010,BowlPressure_HB,10257
2975895,2026-09-26 07:10:12.564526+00,KPEDU,antero,HorseDrinker,1790406610,TankPressure_1_HB,15405
2975896,2026-09-26 07:10:12.564526+00,KPEDU,antero,HorseDrinker,1790406610,TankPressure_2_HB,16418
2975897,2026-09-26 07:10:12.564526+00,KPEDU,antero,HorseDrinker,1790406610,BowlPressure_HB,10256
2976072,2026-09-26 07:20:12.642122+00,KPEDU,antero,HorseDrinker,1790407210,TankPressure_1_HB,15416
2976073,2026-09-26 07:20:12.642122+00,KPEDU,antero,HorseDrinker,1790407210,TankPressure_2_HB,16422
2976074,2026-09-26 07:20:12.642122+00,KPEDU,antero,HorseDrinker,1790407210,BowlPressure_HB,10254
2976251,2026-09-26 07:30:12.598168+00,KPEDU,antero,HorseDrinker,1790407810,TankPressure_1_HB,15411
2976252,2026-09-26 07:30:12.598168+00,KPEDU,antero,HorseDrinker,1790407810,TankPressure_2_HB,16426
2976253,2026-09-26 07:30:12.598168+00,KPEDU,antero,HorseDrinker,1790407810,BowlPressure_HB,10259
2976492,2026-09-26 07:40:12.657456+00,KPEDU,antero,HorseDrinker,1790408410,TankPressure_1_HB,15391
2976493,2026-09-26 07:40:12.657456+00,KPEDU,antero,HorseDrinker,1790408410,TankPressure_2_HB,16418
2976494,2026-09-26 07:40:12.657456+00,KPEDU,antero,HorseDrinker,1790408410,BowlPressure_HB,10253
2976677,2026-09-26 07:50:12.67034+00,KPEDU,antero,HorseDrinker,1790409010,TankPressure_1_HB,15411
2976678,2026-09-26 07:50:12.67034+00,KPEDU,antero,HorseDrinker,1790409010,TankPressure_2_HB,16418
2976679,2026-09-26 07:50:12.67034+00,KPEDU,antero,HorseDrinker,1790409010,BowlPressure_HB,10252
2976856,2026-09-26 08:00:12.60266+00,KPEDU,antero,HorseDrinker,1790409610,TankPressure_1_HB,15434
2976857,2026-09-26 08:00:12.60266+00,KPEDU,antero,HorseDrinker,1790409610,TankPressure_2_HB,16466
2976858,2026-09-26 08:00:12.60266+00,KPEDU,antero,HorseDrinker,1790409610,BowlPressure_HB,10260
2977107,2026-09-26 08:10:12.57396+00,KPEDU,antero,HorseDrinker,1790410210,TankPressure_1_HB,15414
2977108,2026-09-26 08:10:12.57396+00,KPEDU,antero,HorseDrinker,1790410210,TankPressure_2_HB,16424
2977109,2026-09-26 08:10:12.57396+00,KPEDU,antero,HorseDrinker,1790410210,BowlPressure_HB,10258
2977274,2026-09-26 08:20:12.689453+00,KPEDU,antero,HorseDrinker,1790410810,TankPressure_1_HB,15360
2977275,2026-09-26 08:20:12.689453+00,KPEDU,antero,HorseDrinker,1790410810,TankPressure_2_HB,16394
2977276,2026-09-26 08:20:12.689453+00,KPEDU,antero,HorseDrinker,1790410810,BowlPressure_HB,10255
2982859,2026-09-26 12:50:12.741371+00,KPEDU,antero,HorseDrinker,1790427010,TankPressure_1_HB,16600
2982860,2026-09-26 12:50:12.741371+00,KPEDU,antero,HorseDrinker,1790427010,TankPressure_2_HB,17392
2982861,2026-09-26 12:50:12.741371+00,KPEDU,antero,HorseDrinker,1790427010,BowlPressure_HB,10249
2983070,2026-09-26 13:00:12.732681+00,KPEDU,antero,HorseDrinker,1790427610,TankPressure_1_HB,16593
2983071,2026-09-26 13:00:12.732681+00,KPEDU,antero,HorseDrinker,1790427610,TankPressure_2_HB,17388
2983072,2026-09-26 13:00:12.732681+00,KPEDU,antero,HorseDrinker,1790427610,BowlPressure_HB,10257
2983324,2026-09-26 13:10:12.791888+00,KPEDU,antero,HorseDrinker,1790428210,TankPressure_1_HB,16649
2983325,2026-09-26 13:10:12.791888+00,KPEDU,antero,HorseDrinker,1790428210,TankPressure_2_HB,17449
2983326,2026-09-26 13:10:12.791888+00,KPEDU,antero,HorseDrinker,1790428210,BowlPressure_HB,10231
2983515,2026-09-26 13:20:12.765723+00,KPEDU,antero,HorseDrinker,1790428810,TankPressure_1_HB,16663
2983516,2026-09-26 13:20:12.765723+00,KPEDU,antero,HorseDrinker,1790428810,TankPressure_2_HB,17445
2983517,2026-09-26 13:20:12.765723+00,KPEDU,antero,HorseDrinker,1790428810,BowlPressure_HB,10253
2983702,2026-09-26 13:30:12.719222+00,KPEDU,antero,HorseDrinker,1790429410,TankPressure_1_HB,16584
2983703,2026-09-26 13:30:12.719222+00,KPEDU,antero,HorseDrinker,1790429410,TankPressure_2_HB,17378
2983704,2026-09-26 13:30:12.719222+00,KPEDU,antero,HorseDrinker,1790429410,BowlPressure_HB,10249
2983990,2026-09-26 13:40:12.777376+00,KPEDU,antero,HorseDrinker,1790430010,TankPressure_1_HB,16549
2983991,2026-09-26 13:40:12.777376+00,KPEDU,antero,HorseDrinker,1790430010,TankPressure_2_HB,17350
2983992,2026-09-26 13:40:12.777376+00,KPEDU,antero,HorseDrinker,1790430010,BowlPressure_HB,10250
2984191,2026-09-26 13:50:12.785845+00,KPEDU,antero,HorseDrinker,1790430610,TankPressure_1_HB,16561
2984192,2026-09-26 13:50:12.785845+00,KPEDU,antero,HorseDrinker,1790430610,TankPressure_2_HB,17376
2984193,2026-09-26 13:50:12.785845+00,KPEDU,antero,HorseDrinker,1790430610,BowlPressure_HB,10255
2984378,2026-09-26 14:00:12.753313+00,KPEDU,antero,HorseDrinker,1790431210,TankPressure_1_HB,16585
2984379,2026-09-26 14:00:12.753313+00,KPEDU,antero,HorseDrinker,1790431210,TankPressure_2_HB,17395
2984380,2026-09-26 14:00:12.753313+00,KPEDU,antero,HorseDrinker,1790431210,BowlPressure_HB,10255
2984646,2026-09-26 14:10:12.856001+00,KPEDU,antero,HorseDrinker,1790431810,TankPressure_1_HB,16548
2984647,2026-09-26 14:10:12.856001+00,KPEDU,antero,HorseDrinker,1790431810,TankPressure_2_HB,17350
2984648,2026-09-26 14:10:12.856001+00,KPEDU,antero,HorseDrinker,1790431810,BowlPressure_HB,10255
2984839,2026-09-26 14:20:12.817677+00,KPEDU,antero,HorseDrinker,1790432410,TankPressure_1_HB,16518
2984840,2026-09-26 14:20:12.817677+00,KPEDU,antero,HorseDrinker,1790432410,TankPressure_2_HB,17319
2984841,2026-09-26 14:20:12.817677+00,KPEDU,antero,HorseDrinker,1790432410,BowlPressure_HB,10257
2985020,2026-09-26 14:30:12.781884+00,KPEDU,antero,HorseDrinker,1790433010,TankPressure_1_HB,16576
2985021,2026-09-26 14:30:12.781884+00,KPEDU,antero,HorseDrinker,1790433010,TankPressure_2_HB,17375
2985022,2026-09-26 14:30:12.781884+00,KPEDU,antero,HorseDrinker,1790433010,BowlPressure_HB,10243
2985296,2026-09-26 14:40:12.816638+00,KPEDU,antero,HorseDrinker,1790433610,TankPressure_1_HB,16588
2985297,2026-09-26 14:40:12.816638+00,KPEDU,antero,HorseDrinker,1790433610,TankPressure_2_HB,17388
2985298,2026-09-26 14:40:12.816638+00,KPEDU,antero,HorseDrinker,1790433610,BowlPressure_HB,10248
2985489,2026-09-26 14:50:12.822083+00,KPEDU,antero,HorseDrinker,1790434210,TankPressure_1_HB,16593
2985490,2026-09-26 14:50:12.822083+00,KPEDU,antero,HorseDrinker,1790434210,TankPressure_2_HB,17385
2985491,2026-09-26 14:50:12.822083+00,KPEDU,antero,HorseDrinker,1790434210,BowlPressure_HB,10254
2985690,2026-09-26 15:00:12.785983+00,KPEDU,antero,HorseDrinker,1790434810,TankPressure_1_HB,16582
2985691,2026-09-26 15:00:12.785983+00,KPEDU,antero,HorseDrinker,1790434810,TankPressure_2_HB,17398
2985692,2026-09-26 15:00:12.785983+00,KPEDU,antero,HorseDrinker,1790434810,BowlPressure_HB,10248
2985948,2026-09-26 15:10:12.769319+00,KPEDU,antero,HorseDrinker,1790435410,TankPressure_1_HB,16602
2985949,2026-09-26 15:10:12.769319+00,KPEDU,antero,HorseDrinker,1790435410,TankPressure_2_HB,17440
2985950,2026-09-26 15:10:12.769319+00,KPEDU,antero,HorseDrinker,1790435410,BowlPressure_HB,10240
2986151,2026-09-26 15:20:12.819451+00,KPEDU,antero,HorseDrinker,1790436010,TankPressure_1_HB,16571
2986152,2026-09-26 15:20:12.819451+00,KPEDU,antero,HorseDrinker,1790436010,TankPressure_2_HB,17405
2986153,2026-09-26 15:20:12.819451+00,KPEDU,antero,HorseDrinker,1790436010,BowlPressure_HB,10258
2986332,2026-09-26 15:30:12.813057+00,KPEDU,antero,HorseDrinker,1790436610,TankPressure_1_HB,16535
2986333,2026-09-26 15:30:12.813057+00,KPEDU,antero,HorseDrinker,1790436610,TankPressure_2_HB,17343
2986334,2026-09-26 15:30:12.813057+00,KPEDU,antero,HorseDrinker,1790436610,BowlPressure_HB,10249
2986602,2026-09-26 15:40:12.758814+00,KPEDU,antero,HorseDrinker,1790437210,TankPressure_1_HB,16564
2986603,2026-09-26 15:40:12.758814+00,KPEDU,antero,HorseDrinker,1790437210,TankPressure_2_HB,17370
2986604,2026-09-26 15:40:12.758814+00,KPEDU,antero,HorseDrinker,1790437210,BowlPressure_HB,10252
2982024,2026-09-26 12:10:12.891442+00,KPEDU,antero,HorseDrinker,1790424610,TankPressure_2_HB,17358
2982025,2026-09-26 12:10:12.891442+00,KPEDU,antero,HorseDrinker,1790424610,BowlPressure_HB,10201
2982226,2026-09-26 12:20:12.776841+00,KPEDU,antero,HorseDrinker,1790425210,TankPressure_1_HB,17234
2982227,2026-09-26 12:20:12.776841+00,KPEDU,antero,HorseDrinker,1790425210,TankPressure_2_HB,17368
2982228,2026-09-26 12:20:12.776841+00,KPEDU,antero,HorseDrinker,1790425210,BowlPressure_HB,10197
2982411,2026-09-26 12:30:12.804114+00,KPEDU,antero,HorseDrinker,1790425810,TankPressure_1_HB,17269
2982412,2026-09-26 12:30:12.804114+00,KPEDU,antero,HorseDrinker,1790425810,TankPressure_2_HB,17405
2982413,2026-09-26 12:30:12.804114+00,KPEDU,antero,HorseDrinker,1790425810,BowlPressure_HB,10200
2986795,2026-09-26 15:50:12.738486+00,KPEDU,antero,HorseDrinker,1790437810,TankPressure_1_HB,16526
2986796,2026-09-26 15:50:12.738486+00,KPEDU,antero,HorseDrinker,1790437810,TankPressure_2_HB,17354
2986797,2026-09-26 15:50:12.738486+00,KPEDU,antero,HorseDrinker,1790437810,BowlPressure_HB,10240
2986996,2026-09-26 16:00:12.976369+00,KPEDU,antero,HorseDrinker,1790438410,TankPressure_1_HB,16557
2986997,2026-09-26 16:00:12.976369+00,KPEDU,antero,HorseDrinker,1790438410,TankPressure_2_HB,17361
2986998,2026-09-26 16:00:12.976369+00,KPEDU,antero,HorseDrinker,1790438410,BowlPressure_HB,10238
2987274,2026-09-26 16:10:12.79512+00,KPEDU,antero,HorseDrinker,1790439010,TankPressure_1_HB,16538
2987275,2026-09-26 16:10:12.79512+00,KPEDU,antero,HorseDrinker,1790439010,TankPressure_2_HB,17369
2987276,2026-09-26 16:10:12.79512+00,KPEDU,antero,HorseDrinker,1790439010,BowlPressure_HB,10244
2987459,2026-09-26 16:20:12.997142+00,KPEDU,antero,HorseDrinker,1790439610,TankPressure_1_HB,16591
2987460,2026-09-26 16:20:12.997142+00,KPEDU,antero,HorseDrinker,1790439610,TankPressure_2_HB,17416
2987461,2026-09-26 16:20:12.997142+00,KPEDU,antero,HorseDrinker,1790439610,BowlPressure_HB,10240
2987658,2026-09-26 16:30:12.857318+00,KPEDU,antero,HorseDrinker,1790440210,TankPressure_1_HB,16504
2987659,2026-09-26 16:30:12.857318+00,KPEDU,antero,HorseDrinker,1790440210,TankPressure_2_HB,17329
2987660,2026-09-26 16:30:12.857318+00,KPEDU,antero,HorseDrinker,1790440210,BowlPressure_HB,10243
2987949,2026-09-26 16:40:12.809932+00,KPEDU,antero,HorseDrinker,1790440810,TankPressure_1_HB,16554
2987950,2026-09-26 16:40:12.809932+00,KPEDU,antero,HorseDrinker,1790440810,TankPressure_2_HB,17358
2987951,2026-09-26 16:40:12.809932+00,KPEDU,antero,HorseDrinker,1790440810,BowlPressure_HB,10248
2988156,2026-09-26 16:50:12.797667+00,KPEDU,antero,HorseDrinker,1790441410,TankPressure_1_HB,16536
2988157,2026-09-26 16:50:12.797667+00,KPEDU,antero,HorseDrinker,1790441410,TankPressure_2_HB,17344
2988158,2026-09-26 16:50:12.797667+00,KPEDU,antero,HorseDrinker,1790441410,BowlPressure_HB,10246
2988333,2026-09-26 17:00:12.877312+00,KPEDU,antero,HorseDrinker,1790442010,TankPressure_1_HB,16522
2988334,2026-09-26 17:00:12.877312+00,KPEDU,antero,HorseDrinker,1790442010,TankPressure_2_HB,17330
2988335,2026-09-26 17:00:12.877312+00,KPEDU,antero,HorseDrinker,1790442010,BowlPressure_HB,10246
2991186,2026-09-26 19:10:12.916256+00,KPEDU,antero,HorseDrinker,1790449810,TankPressure_1_HB,16506
2991187,2026-09-26 19:10:12.916256+00,KPEDU,antero,HorseDrinker,1790449810,TankPressure_2_HB,17289
2991188,2026-09-26 19:10:12.916256+00,KPEDU,antero,HorseDrinker,1790449810,BowlPressure_HB,10246
2991361,2026-09-26 19:20:12.889479+00,KPEDU,antero,HorseDrinker,1790450411,TankPressure_1_HB,16541
2991362,2026-09-26 19:20:12.889479+00,KPEDU,antero,HorseDrinker,1790450411,TankPressure_2_HB,17297
2991363,2026-09-26 19:20:12.889479+00,KPEDU,antero,HorseDrinker,1790450411,BowlPressure_HB,10244
2991544,2026-09-26 19:30:12.834479+00,KPEDU,antero,HorseDrinker,1790451011,TankPressure_1_HB,16561
2991545,2026-09-26 19:30:12.834479+00,KPEDU,antero,HorseDrinker,1790451011,TankPressure_2_HB,17324
2991546,2026-09-26 19:30:12.834479+00,KPEDU,antero,HorseDrinker,1790451011,BowlPressure_HB,10240
2991788,2026-09-26 19:40:12.808378+00,KPEDU,antero,HorseDrinker,1790451611,TankPressure_1_HB,16613
2991789,2026-09-26 19:40:12.808378+00,KPEDU,antero,HorseDrinker,1790451611,TankPressure_2_HB,17370
2991790,2026-09-26 19:40:12.808378+00,KPEDU,antero,HorseDrinker,1790451611,BowlPressure_HB,10233
2991971,2026-09-26 19:50:12.92522+00,KPEDU,antero,HorseDrinker,1790452211,TankPressure_1_HB,16522
2991972,2026-09-26 19:50:12.92522+00,KPEDU,antero,HorseDrinker,1790452211,TankPressure_2_HB,17276
2991973,2026-09-26 19:50:12.92522+00,KPEDU,antero,HorseDrinker,1790452211,BowlPressure_HB,10236
2992158,2026-09-26 20:00:12.894891+00,KPEDU,antero,HorseDrinker,1790452811,TankPressure_1_HB,16536
2992159,2026-09-26 20:00:12.894891+00,KPEDU,antero,HorseDrinker,1790452811,TankPressure_2_HB,17295
2992160,2026-09-26 20:00:12.894891+00,KPEDU,antero,HorseDrinker,1790452811,BowlPressure_HB,10245
2992396,2026-09-26 20:10:13.155078+00,KPEDU,antero,HorseDrinker,1790453411,TankPressure_1_HB,16605
2992397,2026-09-26 20:10:13.155078+00,KPEDU,antero,HorseDrinker,1790453411,TankPressure_2_HB,17360
2992398,2026-09-26 20:10:13.155078+00,KPEDU,antero,HorseDrinker,1790453411,BowlPressure_HB,10243
2992591,2026-09-26 20:20:12.900228+00,KPEDU,antero,HorseDrinker,1790454011,TankPressure_1_HB,16521
2992592,2026-09-26 20:20:12.900228+00,KPEDU,antero,HorseDrinker,1790454011,TankPressure_2_HB,17274
2992593,2026-09-26 20:20:12.900228+00,KPEDU,antero,HorseDrinker,1790454011,BowlPressure_HB,10244
2992754,2026-09-26 20:30:12.923052+00,KPEDU,antero,HorseDrinker,1790454611,TankPressure_1_HB,16580
2992755,2026-09-26 20:30:12.923052+00,KPEDU,antero,HorseDrinker,1790454611,TankPressure_2_HB,17330
2992756,2026-09-26 20:30:12.923052+00,KPEDU,antero,HorseDrinker,1790454611,BowlPressure_HB,10241
2992998,2026-09-26 20:40:12.887054+00,KPEDU,antero,HorseDrinker,1790455211,TankPressure_1_HB,16525
2992999,2026-09-26 20:40:12.887054+00,KPEDU,antero,HorseDrinker,1790455211,TankPressure_2_HB,17263
2993000,2026-09-26 20:40:12.887054+00,KPEDU,antero,HorseDrinker,1790455211,BowlPressure_HB,10240
2993173,2026-09-26 20:50:12.921722+00,KPEDU,antero,HorseDrinker,1790455811,TankPressure_1_HB,16546
2993174,2026-09-26 20:50:12.921722+00,KPEDU,antero,HorseDrinker,1790455811,TankPressure_2_HB,17289
2993175,2026-09-26 20:50:12.921722+00,KPEDU,antero,HorseDrinker,1790455811,BowlPressure_HB,10241
2993352,2026-09-26 21:00:12.917013+00,KPEDU,antero,HorseDrinker,1790456411,TankPressure_1_HB,16559
2993353,2026-09-26 21:00:12.917013+00,KPEDU,antero,HorseDrinker,1790456411,TankPressure_2_HB,17291
2993354,2026-09-26 21:00:12.917013+00,KPEDU,antero,HorseDrinker,1790456411,BowlPressure_HB,10233
2993606,2026-09-26 21:10:12.880233+00,KPEDU,antero,HorseDrinker,1790457011,TankPressure_1_HB,16520
2993607,2026-09-26 21:10:12.880233+00,KPEDU,antero,HorseDrinker,1790457011,TankPressure_2_HB,17245
2993608,2026-09-26 21:10:12.880233+00,KPEDU,antero,HorseDrinker,1790457011,BowlPressure_HB,10240
2993783,2026-09-26 21:20:12.873311+00,KPEDU,antero,HorseDrinker,1790457611,TankPressure_1_HB,16530
2993784,2026-09-26 21:20:12.873311+00,KPEDU,antero,HorseDrinker,1790457611,TankPressure_2_HB,17266
2993785,2026-09-26 21:20:12.873311+00,KPEDU,antero,HorseDrinker,1790457611,BowlPressure_HB,10238
2993964,2026-09-26 21:30:12.919449+00,KPEDU,antero,HorseDrinker,1790458211,TankPressure_1_HB,16577
2993965,2026-09-26 21:30:12.919449+00,KPEDU,antero,HorseDrinker,1790458211,TankPressure_2_HB,17303
2993966,2026-09-26 21:30:12.919449+00,KPEDU,antero,HorseDrinker,1790458211,BowlPressure_HB,10242
2994219,2026-09-26 21:40:12.907158+00,KPEDU,antero,HorseDrinker,1790458811,TankPressure_1_HB,16604
2994220,2026-09-26 21:40:12.907158+00,KPEDU,antero,HorseDrinker,1790458811,TankPressure_2_HB,17325
2994221,2026-09-26 21:40:12.907158+00,KPEDU,antero,HorseDrinker,1790458811,BowlPressure_HB,10237
2994400,2026-09-26 21:50:12.940978+00,KPEDU,antero,HorseDrinker,1790459411,TankPressure_1_HB,16547
2994401,2026-09-26 21:50:12.940978+00,KPEDU,antero,HorseDrinker,1790459411,TankPressure_2_HB,17252
2994402,2026-09-26 21:50:12.940978+00,KPEDU,antero,HorseDrinker,1790459411,BowlPressure_HB,10236
2994581,2026-09-26 22:00:12.973817+00,KPEDU,antero,HorseDrinker,1790460011,TankPressure_1_HB,16529
2994582,2026-09-26 22:00:12.973817+00,KPEDU,antero,HorseDrinker,1790460011,TankPressure_2_HB,17224
2994583,2026-09-26 22:00:12.973817+00,KPEDU,antero,HorseDrinker,1790460011,BowlPressure_HB,10230
2994830,2026-09-26 22:10:12.941364+00,KPEDU,antero,HorseDrinker,1790460611,TankPressure_1_HB,16533
2994831,2026-09-26 22:10:12.941364+00,KPEDU,antero,HorseDrinker,1790460611,TankPressure_2_HB,17232
2994832,2026-09-26 22:10:12.941364+00,KPEDU,antero,HorseDrinker,1790460611,BowlPressure_HB,10237
2995009,2026-09-26 22:20:12.914563+00,KPEDU,antero,HorseDrinker,1790461211,TankPressure_1_HB,16536
2995010,2026-09-26 22:20:12.914563+00,KPEDU,antero,HorseDrinker,1790461211,TankPressure_2_HB,17228
2995011,2026-09-26 22:20:12.914563+00,KPEDU,antero,HorseDrinker,1790461211,BowlPressure_HB,10241
2995190,2026-09-26 22:30:12.976282+00,KPEDU,antero,HorseDrinker,1790461811,TankPressure_1_HB,16505
2995191,2026-09-26 22:30:12.976282+00,KPEDU,antero,HorseDrinker,1790461811,TankPressure_2_HB,17214
2995192,2026-09-26 22:30:12.976282+00,KPEDU,antero,HorseDrinker,1790461811,BowlPressure_HB,10241
2995414,2026-09-26 22:40:12.947431+00,KPEDU,antero,HorseDrinker,1790462411,TankPressure_1_HB,16497
2995415,2026-09-26 22:40:12.947431+00,KPEDU,antero,HorseDrinker,1790462411,TankPressure_2_HB,17190
2995416,2026-09-26 22:40:12.947431+00,KPEDU,antero,HorseDrinker,1790462411,BowlPressure_HB,10240
2995587,2026-09-26 22:50:12.937947+00,KPEDU,antero,HorseDrinker,1790463011,TankPressure_1_HB,16553
2995588,2026-09-26 22:50:12.937947+00,KPEDU,antero,HorseDrinker,1790463011,TankPressure_2_HB,17266
2995589,2026-09-26 22:50:12.937947+00,KPEDU,antero,HorseDrinker,1790463011,BowlPressure_HB,10241
2995774,2026-09-26 23:00:13.009272+00,KPEDU,antero,HorseDrinker,1790463611,TankPressure_1_HB,16523
2995775,2026-09-26 23:00:13.009272+00,KPEDU,antero,HorseDrinker,1790463611,TankPressure_2_HB,17249
2995776,2026-09-26 23:00:13.009272+00,KPEDU,antero,HorseDrinker,1790463611,BowlPressure_HB,10243
2996026,2026-09-26 23:10:12.947625+00,KPEDU,antero,HorseDrinker,1790464211,TankPressure_1_HB,16536
2996027,2026-09-26 23:10:12.947625+00,KPEDU,antero,HorseDrinker,1790464211,TankPressure_2_HB,17269
2996028,2026-09-26 23:10:12.947625+00,KPEDU,antero,HorseDrinker,1790464211,BowlPressure_HB,10235
2996207,2026-09-26 23:20:12.928424+00,KPEDU,antero,HorseDrinker,1790464811,TankPressure_1_HB,16553
2996208,2026-09-26 23:20:12.928424+00,KPEDU,antero,HorseDrinker,1790464811,TankPressure_2_HB,17285
2996209,2026-09-26 23:20:12.928424+00,KPEDU,antero,HorseDrinker,1790464811,BowlPressure_HB,10242
2996390,2026-09-26 23:30:12.967181+00,KPEDU,antero,HorseDrinker,1790465411,TankPressure_1_HB,16530
2996391,2026-09-26 23:30:12.967181+00,KPEDU,antero,HorseDrinker,1790465411,TankPressure_2_HB,17259
2996392,2026-09-26 23:30:12.967181+00,KPEDU,antero,HorseDrinker,1790465411,BowlPressure_HB,10238
2996620,2026-09-26 23:40:13.001161+00,KPEDU,antero,HorseDrinker,1790466011,TankPressure_1_HB,16549
2996621,2026-09-26 23:40:13.001161+00,KPEDU,antero,HorseDrinker,1790466011,TankPressure_2_HB,17275
2996622,2026-09-26 23:40:13.001161+00,KPEDU,antero,HorseDrinker,1790466011,BowlPressure_HB,10233
2999395,2026-09-27 02:00:13.036343+00,KPEDU,antero,HorseDrinker,1790474411,TankPressure_1_HB,16638
2999396,2026-09-27 02:00:13.036343+00,KPEDU,antero,HorseDrinker,1790474411,TankPressure_2_HB,17338
2999397,2026-09-27 02:00:13.036343+00,KPEDU,antero,HorseDrinker,1790474411,BowlPressure_HB,10235
2999663,2026-09-27 02:10:13.006146+00,KPEDU,antero,HorseDrinker,1790475011,TankPressure_1_HB,16580
2999664,2026-09-27 02:10:13.006146+00,KPEDU,antero,HorseDrinker,1790475011,TankPressure_2_HB,17280
2999665,2026-09-27 02:10:13.006146+00,KPEDU,antero,HorseDrinker,1790475011,BowlPressure_HB,10238
2999828,2026-09-27 02:20:13.074962+00,KPEDU,antero,HorseDrinker,1790475611,TankPressure_1_HB,16528
2999829,2026-09-27 02:20:13.074962+00,KPEDU,antero,HorseDrinker,1790475611,TankPressure_2_HB,17215
2999830,2026-09-27 02:20:13.074962+00,KPEDU,antero,HorseDrinker,1790475611,BowlPressure_HB,10229
3000023,2026-09-27 02:30:13.021676+00,KPEDU,antero,HorseDrinker,1790476211,TankPressure_1_HB,16637
3000024,2026-09-27 02:30:13.021676+00,KPEDU,antero,HorseDrinker,1790476211,TankPressure_2_HB,17332
3000025,2026-09-27 02:30:13.021676+00,KPEDU,antero,HorseDrinker,1790476211,BowlPressure_HB,10235
3000273,2026-09-27 02:40:13.120305+00,KPEDU,antero,HorseDrinker,1790476811,TankPressure_1_HB,16575
3000274,2026-09-27 02:40:13.120305+00,KPEDU,antero,HorseDrinker,1790476811,TankPressure_2_HB,17286
3000275,2026-09-27 02:40:13.120305+00,KPEDU,antero,HorseDrinker,1790476811,BowlPressure_HB,10233
3000456,2026-09-27 02:50:13.07909+00,KPEDU,antero,HorseDrinker,1790477411,TankPressure_1_HB,16579
3000457,2026-09-27 02:50:13.07909+00,KPEDU,antero,HorseDrinker,1790477411,TankPressure_2_HB,17262
3000458,2026-09-27 02:50:13.07909+00,KPEDU,antero,HorseDrinker,1790477411,BowlPressure_HB,10241
3000633,2026-09-27 03:00:13.090361+00,KPEDU,antero,HorseDrinker,1790478011,TankPressure_1_HB,16602
3000634,2026-09-27 03:00:13.090361+00,KPEDU,antero,HorseDrinker,1790478011,TankPressure_2_HB,17292
3000635,2026-09-27 03:00:13.090361+00,KPEDU,antero,HorseDrinker,1790478011,BowlPressure_HB,10236
3000895,2026-09-27 03:10:13.163579+00,KPEDU,antero,HorseDrinker,1790478611,TankPressure_1_HB,16600
3000896,2026-09-27 03:10:13.163579+00,KPEDU,antero,HorseDrinker,1790478611,TankPressure_2_HB,17290
3000897,2026-09-27 03:10:13.163579+00,KPEDU,antero,HorseDrinker,1790478611,BowlPressure_HB,10232
3001072,2026-09-27 03:20:13.115652+00,KPEDU,antero,HorseDrinker,1790479211,TankPressure_1_HB,16676
3001073,2026-09-27 03:20:13.115652+00,KPEDU,antero,HorseDrinker,1790479211,TankPressure_2_HB,17363
3001074,2026-09-27 03:20:13.115652+00,KPEDU,antero,HorseDrinker,1790479211,BowlPressure_HB,10240
3001253,2026-09-27 03:30:13.068618+00,KPEDU,antero,HorseDrinker,1790479811,TankPressure_1_HB,16576
3001254,2026-09-27 03:30:13.068618+00,KPEDU,antero,HorseDrinker,1790479811,TankPressure_2_HB,17256
3001255,2026-09-27 03:30:13.068618+00,KPEDU,antero,HorseDrinker,1790479811,BowlPressure_HB,10227
3001503,2026-09-27 03:40:13.039466+00,KPEDU,antero,HorseDrinker,1790480411,TankPressure_1_HB,16657
3001504,2026-09-27 03:40:13.039466+00,KPEDU,antero,HorseDrinker,1790480411,TankPressure_2_HB,17345
3001505,2026-09-27 03:40:13.039466+00,KPEDU,antero,HorseDrinker,1790480411,BowlPressure_HB,10227
3001682,2026-09-27 03:50:13.130396+00,KPEDU,antero,HorseDrinker,1790481011,TankPressure_1_HB,16610
3001683,2026-09-27 03:50:13.130396+00,KPEDU,antero,HorseDrinker,1790481011,TankPressure_2_HB,17293
3001684,2026-09-27 03:50:13.130396+00,KPEDU,antero,HorseDrinker,1790481011,BowlPressure_HB,10237
3001861,2026-09-27 04:00:13.121669+00,KPEDU,antero,HorseDrinker,1790481611,TankPressure_1_HB,16557
3001862,2026-09-27 04:00:13.121669+00,KPEDU,antero,HorseDrinker,1790481611,TankPressure_2_HB,17256
3001863,2026-09-27 04:00:13.121669+00,KPEDU,antero,HorseDrinker,1790481611,BowlPressure_HB,10229
3002123,2026-09-27 04:10:13.054155+00,KPEDU,antero,HorseDrinker,1790482211,TankPressure_1_HB,16579
3002124,2026-09-27 04:10:13.054155+00,KPEDU,antero,HorseDrinker,1790482211,TankPressure_2_HB,17243
3002125,2026-09-27 04:10:13.054155+00,KPEDU,antero,HorseDrinker,1790482211,BowlPressure_HB,10226
2982679,2026-09-26 12:40:12.780116+00,KPEDU,antero,HorseDrinker,1790426164,TankPressure_1,16830
2982680,2026-09-26 12:40:12.780116+00,KPEDU,antero,HorseDrinker,1790426164,TankPressure_2,17656
2982681,2026-09-26 12:40:12.780116+00,KPEDU,antero,HorseDrinker,1790426164,BowlPressure,10284
2982682,2026-09-26 12:40:12.780116+00,KPEDU,antero,HorseDrinker,1790426410,TankPressure_1_HB,16615
2982683,2026-09-26 12:40:12.780116+00,KPEDU,antero,HorseDrinker,1790426410,TankPressure_2_HB,17412
2982684,2026-09-26 12:40:12.780116+00,KPEDU,antero,HorseDrinker,1790426410,BowlPressure_HB,10248
2988670,2026-09-26 17:10:12.851918+00,KPEDU,antero,HorseDrinker,1790442610,TankPressure_1_HB,16558
2988671,2026-09-26 17:10:12.851918+00,KPEDU,antero,HorseDrinker,1790442610,TankPressure_2_HB,17382
2988672,2026-09-26 17:10:12.851918+00,KPEDU,antero,HorseDrinker,1790442610,BowlPressure_HB,10242
2988902,2026-09-26 17:20:15.68459+00,KPEDU,antero,HorseDrinker,1790443210,TankPressure_1_HB,16622
2988903,2026-09-26 17:20:15.68459+00,KPEDU,antero,HorseDrinker,1790443210,TankPressure_2_HB,17421
2988904,2026-09-26 17:20:15.68459+00,KPEDU,antero,HorseDrinker,1790443210,BowlPressure_HB,10235
2989106,2026-09-26 17:30:15.996966+00,KPEDU,antero,HorseDrinker,1790443810,TankPressure_1_HB,16576
2989107,2026-09-26 17:30:15.996966+00,KPEDU,antero,HorseDrinker,1790443810,TankPressure_2_HB,17382
2989108,2026-09-26 17:30:15.996966+00,KPEDU,antero,HorseDrinker,1790443810,BowlPressure_HB,10233
2989348,2026-09-26 17:40:12.847842+00,KPEDU,antero,HorseDrinker,1790444410,TankPressure_1_HB,16579
2989349,2026-09-26 17:40:12.847842+00,KPEDU,antero,HorseDrinker,1790444410,TankPressure_2_HB,17384
2989350,2026-09-26 17:40:12.847842+00,KPEDU,antero,HorseDrinker,1790444410,BowlPressure_HB,10235
2989539,2026-09-26 17:50:12.818793+00,KPEDU,antero,HorseDrinker,1790445010,TankPressure_1_HB,16545
2989540,2026-09-26 17:50:12.818793+00,KPEDU,antero,HorseDrinker,1790445010,TankPressure_2_HB,17327
2989541,2026-09-26 17:50:12.818793+00,KPEDU,antero,HorseDrinker,1790445010,BowlPressure_HB,10245
2989706,2026-09-26 18:00:12.794574+00,KPEDU,antero,HorseDrinker,1790445610,TankPressure_1_HB,16528
2989707,2026-09-26 18:00:12.794574+00,KPEDU,antero,HorseDrinker,1790445610,TankPressure_2_HB,17321
2989708,2026-09-26 18:00:12.794574+00,KPEDU,antero,HorseDrinker,1790445610,BowlPressure_HB,10238
2989974,2026-09-26 18:10:12.896079+00,KPEDU,antero,HorseDrinker,1790446210,TankPressure_1_HB,16606
2989975,2026-09-26 18:10:12.896079+00,KPEDU,antero,HorseDrinker,1790446210,TankPressure_2_HB,17412
2989976,2026-09-26 18:10:12.896079+00,KPEDU,antero,HorseDrinker,1790446210,BowlPressure_HB,10231
2990147,2026-09-26 18:20:14.995873+00,KPEDU,antero,HorseDrinker,1790446810,TankPressure_1_HB,16606
2990148,2026-09-26 18:20:14.995873+00,KPEDU,antero,HorseDrinker,1790446810,TankPressure_2_HB,17403
2990149,2026-09-26 18:20:14.995873+00,KPEDU,antero,HorseDrinker,1790446810,BowlPressure_HB,10246
2990332,2026-09-26 18:30:12.938867+00,KPEDU,antero,HorseDrinker,1790447410,TankPressure_1_HB,16558
2990333,2026-09-26 18:30:12.938867+00,KPEDU,antero,HorseDrinker,1790447410,TankPressure_2_HB,17330
2990334,2026-09-26 18:30:12.938867+00,KPEDU,antero,HorseDrinker,1790447410,BowlPressure_HB,10243
2990582,2026-09-26 18:40:12.983167+00,KPEDU,antero,HorseDrinker,1790448010,TankPressure_1_HB,16548
2990583,2026-09-26 18:40:12.983167+00,KPEDU,antero,HorseDrinker,1790448010,TankPressure_2_HB,17304
2990584,2026-09-26 18:40:12.983167+00,KPEDU,antero,HorseDrinker,1790448010,BowlPressure_HB,10240
2990761,2026-09-26 18:50:12.840769+00,KPEDU,antero,HorseDrinker,1790448610,TankPressure_1_HB,16544
2990762,2026-09-26 18:50:12.840769+00,KPEDU,antero,HorseDrinker,1790448610,TankPressure_2_HB,17334
2990763,2026-09-26 18:50:12.840769+00,KPEDU,antero,HorseDrinker,1790448610,BowlPressure_HB,10236
2990940,2026-09-26 19:00:12.807449+00,KPEDU,antero,HorseDrinker,1790449211,TankPressure_1_HB,16545
2990941,2026-09-26 19:00:12.807449+00,KPEDU,antero,HorseDrinker,1790449211,TankPressure_2_HB,17317
2990942,2026-09-26 19:00:12.807449+00,KPEDU,antero,HorseDrinker,1790449211,BowlPressure_HB,10237
2996813,2026-09-26 23:50:12.982587+00,KPEDU,antero,HorseDrinker,1790466611,TankPressure_1_HB,16584
2996814,2026-09-26 23:50:12.982587+00,KPEDU,antero,HorseDrinker,1790466611,TankPressure_2_HB,17317
2996815,2026-09-26 23:50:12.982587+00,KPEDU,antero,HorseDrinker,1790466611,BowlPressure_HB,10236
2996980,2026-09-27 00:00:13.064204+00,KPEDU,antero,HorseDrinker,1790467211,TankPressure_1_HB,16564
2996981,2026-09-27 00:00:13.064204+00,KPEDU,antero,HorseDrinker,1790467211,TankPressure_2_HB,17300
2996982,2026-09-27 00:00:13.064204+00,KPEDU,antero,HorseDrinker,1790467211,BowlPressure_HB,10234
2997242,2026-09-27 00:10:13.119259+00,KPEDU,antero,HorseDrinker,1790467811,TankPressure_1_HB,16591
2997243,2026-09-27 00:10:13.119259+00,KPEDU,antero,HorseDrinker,1790467811,TankPressure_2_HB,17323
2997244,2026-09-27 00:10:13.119259+00,KPEDU,antero,HorseDrinker,1790467811,BowlPressure_HB,10241
2997415,2026-09-27 00:20:12.991024+00,KPEDU,antero,HorseDrinker,1790468411,TankPressure_1_HB,16604
2997416,2026-09-27 00:20:12.991024+00,KPEDU,antero,HorseDrinker,1790468411,TankPressure_2_HB,17328
2997417,2026-09-27 00:20:12.991024+00,KPEDU,antero,HorseDrinker,1790468411,BowlPressure_HB,10237
2997600,2026-09-27 00:30:13.084812+00,KPEDU,antero,HorseDrinker,1790469011,TankPressure_1_HB,16637
2997601,2026-09-27 00:30:13.084812+00,KPEDU,antero,HorseDrinker,1790469011,TankPressure_2_HB,17361
2997602,2026-09-27 00:30:13.084812+00,KPEDU,antero,HorseDrinker,1790469011,BowlPressure_HB,10235
2997832,2026-09-27 00:40:13.043591+00,KPEDU,antero,HorseDrinker,1790469611,TankPressure_1_HB,16577
2997833,2026-09-27 00:40:13.043591+00,KPEDU,antero,HorseDrinker,1790469611,TankPressure_2_HB,17300
2997834,2026-09-27 00:40:13.043591+00,KPEDU,antero,HorseDrinker,1790469611,BowlPressure_HB,10235
2998015,2026-09-27 00:50:13.063221+00,KPEDU,antero,HorseDrinker,1790470211,TankPressure_1_HB,16604
2998016,2026-09-27 00:50:13.063221+00,KPEDU,antero,HorseDrinker,1790470211,TankPressure_2_HB,17322
2998017,2026-09-27 00:50:13.063221+00,KPEDU,antero,HorseDrinker,1790470211,BowlPressure_HB,10238
2998190,2026-09-27 01:00:12.971811+00,KPEDU,antero,HorseDrinker,1790470811,TankPressure_1_HB,16542
2998191,2026-09-27 01:00:12.971811+00,KPEDU,antero,HorseDrinker,1790470811,TankPressure_2_HB,17253
2998192,2026-09-27 01:00:12.971811+00,KPEDU,antero,HorseDrinker,1790470811,BowlPressure_HB,10242
2998430,2026-09-27 01:10:13.063061+00,KPEDU,antero,HorseDrinker,1790471411,TankPressure_1_HB,16569
2998431,2026-09-27 01:10:13.063061+00,KPEDU,antero,HorseDrinker,1790471411,TankPressure_2_HB,17278
2998432,2026-09-27 01:10:13.063061+00,KPEDU,antero,HorseDrinker,1790471411,BowlPressure_HB,10239
2998617,2026-09-27 01:20:13.019544+00,KPEDU,antero,HorseDrinker,1790472011,TankPressure_1_HB,16608
2998618,2026-09-27 01:20:13.019544+00,KPEDU,antero,HorseDrinker,1790472011,TankPressure_2_HB,17315
2998619,2026-09-27 01:20:13.019544+00,KPEDU,antero,HorseDrinker,1790472011,BowlPressure_HB,10231
2998802,2026-09-27 01:30:13.094112+00,KPEDU,antero,HorseDrinker,1790472611,TankPressure_1_HB,16631
2998803,2026-09-27 01:30:13.094112+00,KPEDU,antero,HorseDrinker,1790472611,TankPressure_2_HB,17346
2998804,2026-09-27 01:30:13.094112+00,KPEDU,antero,HorseDrinker,1790472611,BowlPressure_HB,10239
2999037,2026-09-27 01:40:13.09713+00,KPEDU,antero,HorseDrinker,1790473211,TankPressure_1_HB,16579
2999038,2026-09-27 01:40:13.09713+00,KPEDU,antero,HorseDrinker,1790473211,TankPressure_2_HB,17293
2999039,2026-09-27 01:40:13.09713+00,KPEDU,antero,HorseDrinker,1790473211,BowlPressure_HB,10241
2999232,2026-09-27 01:50:13.043542+00,KPEDU,antero,HorseDrinker,1790473811,TankPressure_1_HB,16550
2999233,2026-09-27 01:50:13.043542+00,KPEDU,antero,HorseDrinker,1790473811,TankPressure_2_HB,17264
2999234,2026-09-27 01:50:13.043542+00,KPEDU,antero,HorseDrinker,1790473811,BowlPressure_HB,10240
3007357,2026-09-27 08:40:13.153776+00,KPEDU,antero,HorseDrinker,1790498411,TankPressure_1_HB,16595
3007358,2026-09-27 08:40:13.153776+00,KPEDU,antero,HorseDrinker,1790498411,TankPressure_2_HB,17282
3007359,2026-09-27 08:40:13.153776+00,KPEDU,antero,HorseDrinker,1790498411,BowlPressure_HB,10243
3007548,2026-09-27 08:50:13.233345+00,KPEDU,antero,HorseDrinker,1790499011,TankPressure_1_HB,16633
3007549,2026-09-27 08:50:13.233345+00,KPEDU,antero,HorseDrinker,1790499011,TankPressure_2_HB,17308
3007550,2026-09-27 08:50:13.233345+00,KPEDU,antero,HorseDrinker,1790499011,BowlPressure_HB,10247
3007723,2026-09-27 09:00:13.168831+00,KPEDU,antero,HorseDrinker,1790499611,TankPressure_1_HB,16619
3007724,2026-09-27 09:00:13.168831+00,KPEDU,antero,HorseDrinker,1790499611,TankPressure_2_HB,17269
3007725,2026-09-27 09:00:13.168831+00,KPEDU,antero,HorseDrinker,1790499611,BowlPressure_HB,10243
3007957,2026-09-27 09:10:13.076568+00,KPEDU,antero,HorseDrinker,1790500211,TankPressure_1_HB,16581
3007958,2026-09-27 09:10:13.076568+00,KPEDU,antero,HorseDrinker,1790500211,TankPressure_2_HB,17249
3007959,2026-09-27 09:10:13.076568+00,KPEDU,antero,HorseDrinker,1790500211,BowlPressure_HB,10232
3008144,2026-09-27 09:20:13.230664+00,KPEDU,antero,HorseDrinker,1790500811,TankPressure_1_HB,16589
3008145,2026-09-27 09:20:13.230664+00,KPEDU,antero,HorseDrinker,1790500811,TankPressure_2_HB,17262
3008146,2026-09-27 09:20:13.230664+00,KPEDU,antero,HorseDrinker,1790500811,BowlPressure_HB,10241
3008321,2026-09-27 09:30:13.115611+00,KPEDU,antero,HorseDrinker,1790501411,TankPressure_1_HB,16684
3008322,2026-09-27 09:30:13.115611+00,KPEDU,antero,HorseDrinker,1790501411,TankPressure_2_HB,17335
3008323,2026-09-27 09:30:13.115611+00,KPEDU,antero,HorseDrinker,1790501411,BowlPressure_HB,10236
3008571,2026-09-27 09:40:13.09898+00,KPEDU,antero,HorseDrinker,1790502011,TankPressure_1_HB,16643
3008572,2026-09-27 09:40:13.09898+00,KPEDU,antero,HorseDrinker,1790502011,TankPressure_2_HB,17302
3008573,2026-09-27 09:40:13.09898+00,KPEDU,antero,HorseDrinker,1790502011,BowlPressure_HB,10237
3008756,2026-09-27 09:50:13.065234+00,KPEDU,antero,HorseDrinker,1790502611,TankPressure_1_HB,16574
3008757,2026-09-27 09:50:13.065234+00,KPEDU,antero,HorseDrinker,1790502611,TankPressure_2_HB,17227
3008758,2026-09-27 09:50:13.065234+00,KPEDU,antero,HorseDrinker,1790502611,BowlPressure_HB,10235
3008935,2026-09-27 10:00:13.19566+00,KPEDU,antero,HorseDrinker,1790503211,TankPressure_1_HB,16616
3008936,2026-09-27 10:00:13.19566+00,KPEDU,antero,HorseDrinker,1790503211,TankPressure_2_HB,17283
3008937,2026-09-27 10:00:13.19566+00,KPEDU,antero,HorseDrinker,1790503211,BowlPressure_HB,10236
3009191,2026-09-27 10:10:13.177499+00,KPEDU,antero,HorseDrinker,1790503811,TankPressure_1_HB,16551
3009192,2026-09-27 10:10:13.177499+00,KPEDU,antero,HorseDrinker,1790503811,TankPressure_2_HB,17211
3009193,2026-09-27 10:10:13.177499+00,KPEDU,antero,HorseDrinker,1790503811,BowlPressure_HB,10251
3009368,2026-09-27 10:20:13.277903+00,KPEDU,antero,HorseDrinker,1790504411,TankPressure_1_HB,16667
3009369,2026-09-27 10:20:13.277903+00,KPEDU,antero,HorseDrinker,1790504411,TankPressure_2_HB,17322
3009370,2026-09-27 10:20:13.277903+00,KPEDU,antero,HorseDrinker,1790504411,BowlPressure_HB,10249
3009549,2026-09-27 10:30:13.117394+00,KPEDU,antero,HorseDrinker,1790505011,TankPressure_1_HB,16616
3009550,2026-09-27 10:30:13.117394+00,KPEDU,antero,HorseDrinker,1790505011,TankPressure_2_HB,17272
3009551,2026-09-27 10:30:13.117394+00,KPEDU,antero,HorseDrinker,1790505011,BowlPressure_HB,10247
3009770,2026-09-27 10:40:13.216534+00,KPEDU,antero,HorseDrinker,1790505611,TankPressure_1_HB,16566
3009771,2026-09-27 10:40:13.216534+00,KPEDU,antero,HorseDrinker,1790505611,TankPressure_2_HB,17222
3009772,2026-09-27 10:40:13.216534+00,KPEDU,antero,HorseDrinker,1790505611,BowlPressure_HB,10251
3009951,2026-09-27 10:50:13.223902+00,KPEDU,antero,HorseDrinker,1790506211,TankPressure_1_HB,16564
3009952,2026-09-27 10:50:13.223902+00,KPEDU,antero,HorseDrinker,1790506211,TankPressure_2_HB,17254
3009953,2026-09-27 10:50:13.223902+00,KPEDU,antero,HorseDrinker,1790506211,BowlPressure_HB,10250
3010128,2026-09-27 11:00:13.282534+00,KPEDU,antero,HorseDrinker,1790506811,TankPressure_1_HB,16566
3010129,2026-09-27 11:00:13.282534+00,KPEDU,antero,HorseDrinker,1790506811,TankPressure_2_HB,17290
3010130,2026-09-27 11:00:13.282534+00,KPEDU,antero,HorseDrinker,1790506811,BowlPressure_HB,10243
3010354,2026-09-27 11:10:13.218274+00,KPEDU,antero,HorseDrinker,1790507411,TankPressure_1_HB,16581
3010355,2026-09-27 11:10:13.218274+00,KPEDU,antero,HorseDrinker,1790507411,TankPressure_2_HB,17305
3010356,2026-09-27 11:10:13.218274+00,KPEDU,antero,HorseDrinker,1790507411,BowlPressure_HB,10243
3010537,2026-09-27 11:20:13.311812+00,KPEDU,antero,HorseDrinker,1790508011,TankPressure_1_HB,16636
3010538,2026-09-27 11:20:13.311812+00,KPEDU,antero,HorseDrinker,1790508011,TankPressure_2_HB,17345
3010539,2026-09-27 11:20:13.311812+00,KPEDU,antero,HorseDrinker,1790508011,BowlPressure_HB,10244
3010712,2026-09-27 11:30:13.185995+00,KPEDU,antero,HorseDrinker,1790508611,TankPressure_1_HB,16594
3010713,2026-09-27 11:30:13.185995+00,KPEDU,antero,HorseDrinker,1790508611,TankPressure_2_HB,17318
3010714,2026-09-27 11:30:13.185995+00,KPEDU,antero,HorseDrinker,1790508611,BowlPressure_HB,10252
3010963,2026-09-27 11:40:13.284198+00,KPEDU,antero,HorseDrinker,1790509211,TankPressure_1_HB,16573
3010964,2026-09-27 11:40:13.284198+00,KPEDU,antero,HorseDrinker,1790509211,TankPressure_2_HB,17285
3010965,2026-09-27 11:40:13.284198+00,KPEDU,antero,HorseDrinker,1790509211,BowlPressure_HB,10245
3011152,2026-09-27 11:50:13.230458+00,KPEDU,antero,HorseDrinker,1790509811,TankPressure_1_HB,16558
3011153,2026-09-27 11:50:13.230458+00,KPEDU,antero,HorseDrinker,1790509811,TankPressure_2_HB,17264
3011154,2026-09-27 11:50:13.230458+00,KPEDU,antero,HorseDrinker,1790509811,BowlPressure_HB,10239
3011315,2026-09-27 12:00:13.40957+00,KPEDU,antero,HorseDrinker,1790510411,TankPressure_1_HB,16596
3011316,2026-09-27 12:00:13.40957+00,KPEDU,antero,HorseDrinker,1790510411,TankPressure_2_HB,17311
3011317,2026-09-27 12:00:13.40957+00,KPEDU,antero,HorseDrinker,1790510411,BowlPressure_HB,10244
3011560,2026-09-27 12:10:13.302161+00,KPEDU,antero,HorseDrinker,1790511011,TankPressure_1_HB,16621
3011561,2026-09-27 12:10:13.302161+00,KPEDU,antero,HorseDrinker,1790511011,TankPressure_2_HB,17332
3011562,2026-09-27 12:10:13.302161+00,KPEDU,antero,HorseDrinker,1790511011,BowlPressure_HB,10251
3011737,2026-09-27 12:20:13.249974+00,KPEDU,antero,HorseDrinker,1790511611,TankPressure_1_HB,16561
3011738,2026-09-27 12:20:13.249974+00,KPEDU,antero,HorseDrinker,1790511611,TankPressure_2_HB,17255
3011739,2026-09-27 12:20:13.249974+00,KPEDU,antero,HorseDrinker,1790511611,BowlPressure_HB,10244
3011922,2026-09-27 12:30:13.235957+00,KPEDU,antero,HorseDrinker,1790512211,TankPressure_1_HB,16580
3011923,2026-09-27 12:30:13.235957+00,KPEDU,antero,HorseDrinker,1790512211,TankPressure_2_HB,17295
3011924,2026-09-27 12:30:13.235957+00,KPEDU,antero,HorseDrinker,1790512211,BowlPressure_HB,10241
3012170,2026-09-27 12:40:13.207679+00,KPEDU,antero,HorseDrinker,1790512811,TankPressure_1_HB,16562
3012171,2026-09-27 12:40:13.207679+00,KPEDU,antero,HorseDrinker,1790512811,TankPressure_2_HB,17270
3012172,2026-09-27 12:40:13.207679+00,KPEDU,antero,HorseDrinker,1790512811,BowlPressure_HB,10249
3012355,2026-09-27 12:50:13.252676+00,KPEDU,antero,HorseDrinker,1790513411,TankPressure_1_HB,16606
3012356,2026-09-27 12:50:13.252676+00,KPEDU,antero,HorseDrinker,1790513411,TankPressure_2_HB,17322
3012357,2026-09-27 12:50:13.252676+00,KPEDU,antero,HorseDrinker,1790513411,BowlPressure_HB,10246
3012528,2026-09-27 13:00:13.307397+00,KPEDU,antero,HorseDrinker,1790514011,TankPressure_1_HB,16604
3012529,2026-09-27 13:00:13.307397+00,KPEDU,antero,HorseDrinker,1790514011,TankPressure_2_HB,17304
3012530,2026-09-27 13:00:13.307397+00,KPEDU,antero,HorseDrinker,1790514011,BowlPressure_HB,10251
3012789,2026-09-27 13:10:13.208325+00,KPEDU,antero,HorseDrinker,1790514611,TankPressure_1_HB,16639
3012790,2026-09-27 13:10:13.208325+00,KPEDU,antero,HorseDrinker,1790514611,TankPressure_2_HB,17333
3012791,2026-09-27 13:10:13.208325+00,KPEDU,antero,HorseDrinker,1790514611,BowlPressure_HB,10247
3012970,2026-09-27 13:20:13.274571+00,KPEDU,antero,HorseDrinker,1790515211,TankPressure_1_HB,16570
3012971,2026-09-27 13:20:13.274571+00,KPEDU,antero,HorseDrinker,1790515211,TankPressure_2_HB,17276
3012972,2026-09-27 13:20:13.274571+00,KPEDU,antero,HorseDrinker,1790515211,BowlPressure_HB,10253
3013145,2026-09-27 13:30:13.318346+00,KPEDU,antero,HorseDrinker,1790515811,TankPressure_1_HB,16605
3013146,2026-09-27 13:30:13.318346+00,KPEDU,antero,HorseDrinker,1790515811,TankPressure_2_HB,17286
3013147,2026-09-27 13:30:13.318346+00,KPEDU,antero,HorseDrinker,1790515811,BowlPressure_HB,10248
3013403,2026-09-27 13:40:13.150891+00,KPEDU,antero,HorseDrinker,1790516411,TankPressure_1_HB,16598
3013404,2026-09-27 13:40:13.150891+00,KPEDU,antero,HorseDrinker,1790516411,TankPressure_2_HB,17293
3013405,2026-09-27 13:40:13.150891+00,KPEDU,antero,HorseDrinker,1790516411,BowlPressure_HB,10250
3013572,2026-09-27 13:50:13.57566+00,KPEDU,antero,HorseDrinker,1790517011,TankPressure_1_HB,16611
3013573,2026-09-27 13:50:13.57566+00,KPEDU,antero,HorseDrinker,1790517011,TankPressure_2_HB,17282
3013574,2026-09-27 13:50:13.57566+00,KPEDU,antero,HorseDrinker,1790517011,BowlPressure_HB,10241
3013749,2026-09-27 14:00:13.254729+00,KPEDU,antero,HorseDrinker,1790517611,TankPressure_1_HB,16680
3013750,2026-09-27 14:00:13.254729+00,KPEDU,antero,HorseDrinker,1790517611,TankPressure_2_HB,17368
3013751,2026-09-27 14:00:13.254729+00,KPEDU,antero,HorseDrinker,1790517611,BowlPressure_HB,10253
3013990,2026-09-27 14:10:13.238261+00,KPEDU,antero,HorseDrinker,1790518211,TankPressure_1_HB,16612
3013991,2026-09-27 14:10:13.238261+00,KPEDU,antero,HorseDrinker,1790518211,TankPressure_2_HB,17287
3013992,2026-09-27 14:10:13.238261+00,KPEDU,antero,HorseDrinker,1790518211,BowlPressure_HB,10240
3014167,2026-09-27 14:20:13.263793+00,KPEDU,antero,HorseDrinker,1790518811,TankPressure_1_HB,16629
3014168,2026-09-27 14:20:13.263793+00,KPEDU,antero,HorseDrinker,1790518811,TankPressure_2_HB,17298
3014169,2026-09-27 14:20:13.263793+00,KPEDU,antero,HorseDrinker,1790518811,BowlPressure_HB,10251
3014348,2026-09-27 14:30:13.308552+00,KPEDU,antero,HorseDrinker,1790519411,TankPressure_1_HB,16672
3014349,2026-09-27 14:30:13.308552+00,KPEDU,antero,HorseDrinker,1790519411,TankPressure_2_HB,17336
3014350,2026-09-27 14:30:13.308552+00,KPEDU,antero,HorseDrinker,1790519411,BowlPressure_HB,10249
3014582,2026-09-27 14:40:13.295562+00,KPEDU,antero,HorseDrinker,1790520011,TankPressure_1_HB,16629
3014583,2026-09-27 14:40:13.295562+00,KPEDU,antero,HorseDrinker,1790520011,TankPressure_2_HB,17308
3014584,2026-09-27 14:40:13.295562+00,KPEDU,antero,HorseDrinker,1790520011,BowlPressure_HB,10249
3014763,2026-09-27 14:50:13.378673+00,KPEDU,antero,HorseDrinker,1790520611,TankPressure_1_HB,16623
3014764,2026-09-27 14:50:13.378673+00,KPEDU,antero,HorseDrinker,1790520611,TankPressure_2_HB,17283
3014765,2026-09-27 14:50:13.378673+00,KPEDU,antero,HorseDrinker,1790520611,BowlPressure_HB,10251
3014934,2026-09-27 15:00:13.56795+00,KPEDU,antero,HorseDrinker,1790521211,TankPressure_1_HB,16625
3014935,2026-09-27 15:00:13.56795+00,KPEDU,antero,HorseDrinker,1790521211,TankPressure_2_HB,17286
3014936,2026-09-27 15:00:13.56795+00,KPEDU,antero,HorseDrinker,1790521211,BowlPressure_HB,10243
3015166,2026-09-27 15:10:13.323896+00,KPEDU,antero,HorseDrinker,1790521811,TankPressure_1_HB,16616
3015167,2026-09-27 15:10:13.323896+00,KPEDU,antero,HorseDrinker,1790521811,TankPressure_2_HB,17269
3015168,2026-09-27 15:10:13.323896+00,KPEDU,antero,HorseDrinker,1790521811,BowlPressure_HB,10244
3015343,2026-09-27 15:20:13.292337+00,KPEDU,antero,HorseDrinker,1790522411,TankPressure_1_HB,16608
3015344,2026-09-27 15:20:13.292337+00,KPEDU,antero,HorseDrinker,1790522411,TankPressure_2_HB,17268
3015345,2026-09-27 15:20:13.292337+00,KPEDU,antero,HorseDrinker,1790522411,BowlPressure_HB,10243
3015524,2026-09-27 15:30:13.419564+00,KPEDU,antero,HorseDrinker,1790523011,TankPressure_1_HB,16622
3015525,2026-09-27 15:30:13.419564+00,KPEDU,antero,HorseDrinker,1790523011,TankPressure_2_HB,17281
3015526,2026-09-27 15:30:13.419564+00,KPEDU,antero,HorseDrinker,1790523011,BowlPressure_HB,10241
3015758,2026-09-27 15:40:13.340185+00,KPEDU,antero,HorseDrinker,1790523611,TankPressure_1_HB,16623
3015759,2026-09-27 15:40:13.340185+00,KPEDU,antero,HorseDrinker,1790523611,TankPressure_2_HB,17293
3015760,2026-09-27 15:40:13.340185+00,KPEDU,antero,HorseDrinker,1790523611,BowlPressure_HB,10245
3015939,2026-09-27 15:50:13.310725+00,KPEDU,antero,HorseDrinker,1790524211,TankPressure_1_HB,16583
3015940,2026-09-27 15:50:13.310725+00,KPEDU,antero,HorseDrinker,1790524211,TankPressure_2_HB,17250
3015941,2026-09-27 15:50:13.310725+00,KPEDU,antero,HorseDrinker,1790524211,BowlPressure_HB,10238
3016116,2026-09-27 16:00:13.35297+00,KPEDU,antero,HorseDrinker,1790524811,TankPressure_1_HB,16602
3016117,2026-09-27 16:00:13.35297+00,KPEDU,antero,HorseDrinker,1790524811,TankPressure_2_HB,17266
3016118,2026-09-27 16:00:13.35297+00,KPEDU,antero,HorseDrinker,1790524811,BowlPressure_HB,10235
3016364,2026-09-27 16:10:13.353529+00,KPEDU,antero,HorseDrinker,1790525411,TankPressure_1_HB,16584
3016365,2026-09-27 16:10:13.353529+00,KPEDU,antero,HorseDrinker,1790525411,TankPressure_2_HB,17249
3016366,2026-09-27 16:10:13.353529+00,KPEDU,antero,HorseDrinker,1790525411,BowlPressure_HB,10234
3016543,2026-09-27 16:20:13.330638+00,KPEDU,antero,HorseDrinker,1790526011,TankPressure_1_HB,16547
3016544,2026-09-27 16:20:13.330638+00,KPEDU,antero,HorseDrinker,1790526011,TankPressure_2_HB,17225
3016545,2026-09-27 16:20:13.330638+00,KPEDU,antero,HorseDrinker,1790526011,BowlPressure_HB,10221
3016728,2026-09-27 16:30:13.290305+00,KPEDU,antero,HorseDrinker,1790526611,TankPressure_1_HB,16570
3016729,2026-09-27 16:30:13.290305+00,KPEDU,antero,HorseDrinker,1790526611,TankPressure_2_HB,17236
3016730,2026-09-27 16:30:13.290305+00,KPEDU,antero,HorseDrinker,1790526611,BowlPressure_HB,10234
3016980,2026-09-27 16:40:13.274937+00,KPEDU,antero,HorseDrinker,1790527211,TankPressure_1_HB,16559
3016981,2026-09-27 16:40:13.274937+00,KPEDU,antero,HorseDrinker,1790527211,TankPressure_2_HB,17210
3016982,2026-09-27 16:40:13.274937+00,KPEDU,antero,HorseDrinker,1790527211,BowlPressure_HB,10216
3017161,2026-09-27 16:50:13.351702+00,KPEDU,antero,HorseDrinker,1790527811,TankPressure_1_HB,16540
3002310,2026-09-27 04:20:13.033519+00,KPEDU,antero,HorseDrinker,1790482811,TankPressure_1_HB,16599
3002311,2026-09-27 04:20:13.033519+00,KPEDU,antero,HorseDrinker,1790482811,TankPressure_2_HB,17274
3002312,2026-09-27 04:20:13.033519+00,KPEDU,antero,HorseDrinker,1790482811,BowlPressure_HB,10230
3002481,2026-09-27 04:30:13.230461+00,KPEDU,antero,HorseDrinker,1790483411,TankPressure_1_HB,16645
3002482,2026-09-27 04:30:13.230461+00,KPEDU,antero,HorseDrinker,1790483411,TankPressure_2_HB,17328
3002483,2026-09-27 04:30:13.230461+00,KPEDU,antero,HorseDrinker,1790483411,BowlPressure_HB,10257
3002731,2026-09-27 04:40:13.077712+00,KPEDU,antero,HorseDrinker,1790484011,TankPressure_1_HB,16603
3002732,2026-09-27 04:40:13.077712+00,KPEDU,antero,HorseDrinker,1790484011,TankPressure_2_HB,17277
3002733,2026-09-27 04:40:13.077712+00,KPEDU,antero,HorseDrinker,1790484011,BowlPressure_HB,10252
3002902,2026-09-27 04:50:13.089738+00,KPEDU,antero,HorseDrinker,1790484611,TankPressure_1_HB,16618
3002903,2026-09-27 04:50:13.089738+00,KPEDU,antero,HorseDrinker,1790484611,TankPressure_2_HB,17293
3002904,2026-09-27 04:50:13.089738+00,KPEDU,antero,HorseDrinker,1790484611,BowlPressure_HB,10246
3003089,2026-09-27 05:00:13.204528+00,KPEDU,antero,HorseDrinker,1790485211,TankPressure_1_HB,16621
3003090,2026-09-27 05:00:13.204528+00,KPEDU,antero,HorseDrinker,1790485211,TankPressure_2_HB,17292
3003091,2026-09-27 05:00:13.204528+00,KPEDU,antero,HorseDrinker,1790485211,BowlPressure_HB,10244
3003329,2026-09-27 05:10:13.128431+00,KPEDU,antero,HorseDrinker,1790485811,TankPressure_1_HB,16601
3003330,2026-09-27 05:10:13.128431+00,KPEDU,antero,HorseDrinker,1790485811,TankPressure_2_HB,17275
3003331,2026-09-27 05:10:13.128431+00,KPEDU,antero,HorseDrinker,1790485811,BowlPressure_HB,10252
3003514,2026-09-27 05:20:12.994295+00,KPEDU,antero,HorseDrinker,1790486411,TankPressure_1_HB,16625
3003515,2026-09-27 05:20:12.994295+00,KPEDU,antero,HorseDrinker,1790486411,TankPressure_2_HB,17296
3003516,2026-09-27 05:20:12.994295+00,KPEDU,antero,HorseDrinker,1790486411,BowlPressure_HB,10243
3003695,2026-09-27 05:30:13.060191+00,KPEDU,antero,HorseDrinker,1790487011,TankPressure_1_HB,16601
3003696,2026-09-27 05:30:13.060191+00,KPEDU,antero,HorseDrinker,1790487011,TankPressure_2_HB,17270
3003697,2026-09-27 05:30:13.060191+00,KPEDU,antero,HorseDrinker,1790487011,BowlPressure_HB,10226
3003899,2026-09-27 05:40:13.145807+00,KPEDU,antero,HorseDrinker,1790487611,TankPressure_1_HB,16529
3003900,2026-09-27 05:40:13.145807+00,KPEDU,antero,HorseDrinker,1790487611,TankPressure_2_HB,17232
3003901,2026-09-27 05:40:13.145807+00,KPEDU,antero,HorseDrinker,1790487611,BowlPressure_HB,10224
3004088,2026-09-27 05:50:13.160623+00,KPEDU,antero,HorseDrinker,1790488211,TankPressure_1_HB,16586
3004089,2026-09-27 05:50:13.160623+00,KPEDU,antero,HorseDrinker,1790488211,TankPressure_2_HB,17280
3004090,2026-09-27 05:50:13.160623+00,KPEDU,antero,HorseDrinker,1790488211,BowlPressure_HB,10229
3004273,2026-09-27 06:00:13.07125+00,KPEDU,antero,HorseDrinker,1790488811,TankPressure_1_HB,16564
3004274,2026-09-27 06:00:13.07125+00,KPEDU,antero,HorseDrinker,1790488811,TankPressure_2_HB,17247
3004275,2026-09-27 06:00:13.07125+00,KPEDU,antero,HorseDrinker,1790488811,BowlPressure_HB,10232
3004497,2026-09-27 06:10:13.148524+00,KPEDU,antero,HorseDrinker,1790489411,TankPressure_1_HB,16581
3004498,2026-09-27 06:10:13.148524+00,KPEDU,antero,HorseDrinker,1790489411,TankPressure_2_HB,17270
3004499,2026-09-27 06:10:13.148524+00,KPEDU,antero,HorseDrinker,1790489411,BowlPressure_HB,10238
3004678,2026-09-27 06:20:13.150601+00,KPEDU,antero,HorseDrinker,1790490011,TankPressure_1_HB,16518
3004679,2026-09-27 06:20:13.150601+00,KPEDU,antero,HorseDrinker,1790490011,TankPressure_2_HB,17192
3004680,2026-09-27 06:20:13.150601+00,KPEDU,antero,HorseDrinker,1790490011,BowlPressure_HB,10235
3004853,2026-09-27 06:30:13.112596+00,KPEDU,antero,HorseDrinker,1790490611,TankPressure_1_HB,16575
3004854,2026-09-27 06:30:13.112596+00,KPEDU,antero,HorseDrinker,1790490611,TankPressure_2_HB,17267
3004855,2026-09-27 06:30:13.112596+00,KPEDU,antero,HorseDrinker,1790490611,BowlPressure_HB,10231
3005075,2026-09-27 06:40:13.096537+00,KPEDU,antero,HorseDrinker,1790491211,TankPressure_1_HB,16535
3005076,2026-09-27 06:40:13.096537+00,KPEDU,antero,HorseDrinker,1790491211,TankPressure_2_HB,17228
3005077,2026-09-27 06:40:13.096537+00,KPEDU,antero,HorseDrinker,1790491211,BowlPressure_HB,10230
3005252,2026-09-27 06:50:13.164161+00,KPEDU,antero,HorseDrinker,1790491811,TankPressure_1_HB,16574
3005253,2026-09-27 06:50:13.164161+00,KPEDU,antero,HorseDrinker,1790491811,TankPressure_2_HB,17266
3005254,2026-09-27 06:50:13.164161+00,KPEDU,antero,HorseDrinker,1790491811,BowlPressure_HB,10234
3005433,2026-09-27 07:00:13.132886+00,KPEDU,antero,HorseDrinker,1790492411,TankPressure_1_HB,16582
3005434,2026-09-27 07:00:13.132886+00,KPEDU,antero,HorseDrinker,1790492411,TankPressure_2_HB,17263
3005435,2026-09-27 07:00:13.132886+00,KPEDU,antero,HorseDrinker,1790492411,BowlPressure_HB,10232
3005630,2026-09-27 07:10:13.173138+00,KPEDU,antero,HorseDrinker,1790493011,TankPressure_1_HB,16628
3005631,2026-09-27 07:10:13.173138+00,KPEDU,antero,HorseDrinker,1790493011,TankPressure_2_HB,17296
3005632,2026-09-27 07:10:13.173138+00,KPEDU,antero,HorseDrinker,1790493011,BowlPressure_HB,10222
3005809,2026-09-27 07:20:13.179329+00,KPEDU,antero,HorseDrinker,1790493611,TankPressure_1_HB,16512
3005810,2026-09-27 07:20:13.179329+00,KPEDU,antero,HorseDrinker,1790493611,TankPressure_2_HB,17195
3005811,2026-09-27 07:20:13.179329+00,KPEDU,antero,HorseDrinker,1790493611,BowlPressure_HB,10235
3005986,2026-09-27 07:30:13.175823+00,KPEDU,antero,HorseDrinker,1790494211,TankPressure_1_HB,16566
3005987,2026-09-27 07:30:13.175823+00,KPEDU,antero,HorseDrinker,1790494211,TankPressure_2_HB,17258
3005988,2026-09-27 07:30:13.175823+00,KPEDU,antero,HorseDrinker,1790494211,BowlPressure_HB,10223
3006185,2026-09-27 07:40:13.110681+00,KPEDU,antero,HorseDrinker,1790494811,TankPressure_1_HB,16511
3006186,2026-09-27 07:40:13.110681+00,KPEDU,antero,HorseDrinker,1790494811,TankPressure_2_HB,17187
3006187,2026-09-27 07:40:13.110681+00,KPEDU,antero,HorseDrinker,1790494811,BowlPressure_HB,10220
3006366,2026-09-27 07:50:13.185623+00,KPEDU,antero,HorseDrinker,1790495411,TankPressure_1_HB,16555
3006367,2026-09-27 07:50:13.185623+00,KPEDU,antero,HorseDrinker,1790495411,TankPressure_2_HB,17243
3006368,2026-09-27 07:50:13.185623+00,KPEDU,antero,HorseDrinker,1790495411,BowlPressure_HB,10231
3006555,2026-09-27 08:00:13.241965+00,KPEDU,antero,HorseDrinker,1790496011,TankPressure_1_HB,16520
3006556,2026-09-27 08:00:13.241965+00,KPEDU,antero,HorseDrinker,1790496011,TankPressure_2_HB,17193
3006557,2026-09-27 08:00:13.241965+00,KPEDU,antero,HorseDrinker,1790496011,BowlPressure_HB,10247
3006754,2026-09-27 08:10:13.402749+00,KPEDU,antero,HorseDrinker,1790496611,TankPressure_1_HB,16575
3006755,2026-09-27 08:10:13.402749+00,KPEDU,antero,HorseDrinker,1790496611,TankPressure_2_HB,17245
3006756,2026-09-27 08:10:13.402749+00,KPEDU,antero,HorseDrinker,1790496611,BowlPressure_HB,10248
3006933,2026-09-27 08:20:13.214222+00,KPEDU,antero,HorseDrinker,1790497211,TankPressure_1_HB,16603
3006934,2026-09-27 08:20:13.214222+00,KPEDU,antero,HorseDrinker,1790497211,TankPressure_2_HB,17302
3006935,2026-09-27 08:20:13.214222+00,KPEDU,antero,HorseDrinker,1790497211,BowlPressure_HB,10242
3007118,2026-09-27 08:30:13.187091+00,KPEDU,antero,HorseDrinker,1790497811,TankPressure_1_HB,16558
3007119,2026-09-27 08:30:13.187091+00,KPEDU,antero,HorseDrinker,1790497811,TankPressure_2_HB,17257
3007120,2026-09-27 08:30:13.187091+00,KPEDU,antero,HorseDrinker,1790497811,BowlPressure_HB,10242
3021221,2026-09-27 19:20:13.362402+00,KPEDU,antero,HorseDrinker,1790536811,TankPressure_1_HB,17269
3021222,2026-09-27 19:20:13.362402+00,KPEDU,antero,HorseDrinker,1790536811,TankPressure_2_HB,17177
3021223,2026-09-27 19:20:13.362402+00,KPEDU,antero,HorseDrinker,1790536811,BowlPressure_HB,10245
3021402,2026-09-27 19:30:13.504413+00,KPEDU,antero,HorseDrinker,1790537411,TankPressure_1_HB,17306
3021403,2026-09-27 19:30:13.504413+00,KPEDU,antero,HorseDrinker,1790537411,TankPressure_2_HB,17235
3021404,2026-09-27 19:30:13.504413+00,KPEDU,antero,HorseDrinker,1790537411,BowlPressure_HB,10251
3021710,2026-09-27 19:40:13.364223+00,KPEDU,antero,HorseDrinker,1790538011,TankPressure_1_HB,17284
3021711,2026-09-27 19:40:13.364223+00,KPEDU,antero,HorseDrinker,1790538011,TankPressure_2_HB,17198
3021712,2026-09-27 19:40:13.364223+00,KPEDU,antero,HorseDrinker,1790538011,BowlPressure_HB,10244
3022123,2026-09-27 19:50:13.389392+00,KPEDU,antero,HorseDrinker,1790538611,TankPressure_1_HB,17233
3022124,2026-09-27 19:50:13.389392+00,KPEDU,antero,HorseDrinker,1790538611,TankPressure_2_HB,17177
3022125,2026-09-27 19:50:13.389392+00,KPEDU,antero,HorseDrinker,1790538611,BowlPressure_HB,10251
3022302,2026-09-27 20:00:13.44121+00,KPEDU,antero,HorseDrinker,1790539211,TankPressure_1_HB,17287
3022303,2026-09-27 20:00:13.44121+00,KPEDU,antero,HorseDrinker,1790539211,TankPressure_2_HB,17218
3022304,2026-09-27 20:00:13.44121+00,KPEDU,antero,HorseDrinker,1790539211,BowlPressure_HB,10247
3022556,2026-09-27 20:10:13.412894+00,KPEDU,antero,HorseDrinker,1790539811,TankPressure_1_HB,17305
3022557,2026-09-27 20:10:13.412894+00,KPEDU,antero,HorseDrinker,1790539811,TankPressure_2_HB,17216
3022558,2026-09-27 20:10:13.412894+00,KPEDU,antero,HorseDrinker,1790539811,BowlPressure_HB,10250
3022966,2026-09-27 20:20:13.40366+00,KPEDU,antero,HorseDrinker,1790540411,TankPressure_1_HB,17296
3022967,2026-09-27 20:20:13.40366+00,KPEDU,antero,HorseDrinker,1790540411,TankPressure_2_HB,17203
3022968,2026-09-27 20:20:13.40366+00,KPEDU,antero,HorseDrinker,1790540411,BowlPressure_HB,10251
3023151,2026-09-27 20:30:13.379205+00,KPEDU,antero,HorseDrinker,1790541011,TankPressure_1_HB,17334
3023152,2026-09-27 20:30:13.379205+00,KPEDU,antero,HorseDrinker,1790541011,TankPressure_2_HB,17248
3023153,2026-09-27 20:30:13.379205+00,KPEDU,antero,HorseDrinker,1790541011,BowlPressure_HB,10249
3023396,2026-09-27 20:40:13.434987+00,KPEDU,antero,HorseDrinker,1790541611,TankPressure_1_HB,17259
3023397,2026-09-27 20:40:13.434987+00,KPEDU,antero,HorseDrinker,1790541611,TankPressure_2_HB,17179
3023398,2026-09-27 20:40:13.434987+00,KPEDU,antero,HorseDrinker,1790541611,BowlPressure_HB,10252
3023789,2026-09-27 20:50:13.416439+00,KPEDU,antero,HorseDrinker,1790542211,TankPressure_1_HB,17283
3023790,2026-09-27 20:50:13.416439+00,KPEDU,antero,HorseDrinker,1790542211,TankPressure_2_HB,17206
3023791,2026-09-27 20:50:13.416439+00,KPEDU,antero,HorseDrinker,1790542211,BowlPressure_HB,10246
3023966,2026-09-27 21:00:13.391641+00,KPEDU,antero,HorseDrinker,1790542811,TankPressure_1_HB,17218
3023967,2026-09-27 21:00:13.391641+00,KPEDU,antero,HorseDrinker,1790542811,TankPressure_2_HB,17144
3023968,2026-09-27 21:00:13.391641+00,KPEDU,antero,HorseDrinker,1790542811,BowlPressure_HB,10251
3024220,2026-09-27 21:10:13.350449+00,KPEDU,antero,HorseDrinker,1790543411,TankPressure_1_HB,17257
3024221,2026-09-27 21:10:13.350449+00,KPEDU,antero,HorseDrinker,1790543411,TankPressure_2_HB,17159
3024222,2026-09-27 21:10:13.350449+00,KPEDU,antero,HorseDrinker,1790543411,BowlPressure_HB,10251
3024558,2026-09-27 21:20:13.438101+00,KPEDU,antero,HorseDrinker,1790544011,TankPressure_1_HB,17270
3024559,2026-09-27 21:20:13.438101+00,KPEDU,antero,HorseDrinker,1790544011,TankPressure_2_HB,17193
3024560,2026-09-27 21:20:13.438101+00,KPEDU,antero,HorseDrinker,1790544011,BowlPressure_HB,10255
3024731,2026-09-27 21:30:13.352996+00,KPEDU,antero,HorseDrinker,1790544611,TankPressure_1_HB,17241
3024732,2026-09-27 21:30:13.352996+00,KPEDU,antero,HorseDrinker,1790544611,TankPressure_2_HB,17134
3024733,2026-09-27 21:30:13.352996+00,KPEDU,antero,HorseDrinker,1790544611,BowlPressure_HB,10255
3024983,2026-09-27 21:40:13.371808+00,KPEDU,antero,HorseDrinker,1790545211,TankPressure_1_HB,17261
3024984,2026-09-27 21:40:13.371808+00,KPEDU,antero,HorseDrinker,1790545211,TankPressure_2_HB,17178
3024985,2026-09-27 21:40:13.371808+00,KPEDU,antero,HorseDrinker,1790545211,BowlPressure_HB,10248
3025324,2026-09-27 21:50:13.45492+00,KPEDU,antero,HorseDrinker,1790545811,TankPressure_1_HB,17253
3025325,2026-09-27 21:50:13.45492+00,KPEDU,antero,HorseDrinker,1790545811,TankPressure_2_HB,17153
3025326,2026-09-27 21:50:13.45492+00,KPEDU,antero,HorseDrinker,1790545811,BowlPressure_HB,10247
3025505,2026-09-27 22:00:13.433372+00,KPEDU,antero,HorseDrinker,1790546411,TankPressure_1_HB,17242
3025506,2026-09-27 22:00:13.433372+00,KPEDU,antero,HorseDrinker,1790546411,TankPressure_2_HB,17165
3025507,2026-09-27 22:00:13.433372+00,KPEDU,antero,HorseDrinker,1790546411,BowlPressure_HB,10254
3025757,2026-09-27 22:10:13.377119+00,KPEDU,antero,HorseDrinker,1790547011,TankPressure_1_HB,17240
3025758,2026-09-27 22:10:13.377119+00,KPEDU,antero,HorseDrinker,1790547011,TankPressure_2_HB,17157
3025759,2026-09-27 22:10:13.377119+00,KPEDU,antero,HorseDrinker,1790547011,BowlPressure_HB,10246
3025965,2026-09-27 22:20:13.450634+00,KPEDU,antero,HorseDrinker,1790547611,TankPressure_1_HB,17215
3025966,2026-09-27 22:20:13.450634+00,KPEDU,antero,HorseDrinker,1790547611,TankPressure_2_HB,17134
3025967,2026-09-27 22:20:13.450634+00,KPEDU,antero,HorseDrinker,1790547611,BowlPressure_HB,10250
3026285,2026-09-27 22:30:13.434539+00,KPEDU,antero,HorseDrinker,1790548211,TankPressure_1_HB,17242
3026286,2026-09-27 22:30:13.434539+00,KPEDU,antero,HorseDrinker,1790548211,TankPressure_2_HB,17138
3026287,2026-09-27 22:30:13.434539+00,KPEDU,antero,HorseDrinker,1790548211,BowlPressure_HB,10246
3026529,2026-09-27 22:40:13.440938+00,KPEDU,antero,HorseDrinker,1790548811,TankPressure_1_HB,17249
3026530,2026-09-27 22:40:13.440938+00,KPEDU,antero,HorseDrinker,1790548811,TankPressure_2_HB,17155
3026531,2026-09-27 22:40:13.440938+00,KPEDU,antero,HorseDrinker,1790548811,BowlPressure_HB,10251
3026724,2026-09-27 22:50:13.397169+00,KPEDU,antero,HorseDrinker,1790549411,TankPressure_1_HB,17227
3026725,2026-09-27 22:50:13.397169+00,KPEDU,antero,HorseDrinker,1790549411,TankPressure_2_HB,17128
3026726,2026-09-27 22:50:13.397169+00,KPEDU,antero,HorseDrinker,1790549411,BowlPressure_HB,10250
3027051,2026-09-27 23:00:13.669753+00,KPEDU,antero,HorseDrinker,1790550011,TankPressure_1_HB,17211
3027052,2026-09-27 23:00:13.669753+00,KPEDU,antero,HorseDrinker,1790550011,TankPressure_2_HB,17100
3027053,2026-09-27 23:00:13.669753+00,KPEDU,antero,HorseDrinker,1790550011,BowlPressure_HB,10254
3027305,2026-09-27 23:10:13.449701+00,KPEDU,antero,HorseDrinker,1790550611,TankPressure_1_HB,17217
3027306,2026-09-27 23:10:13.449701+00,KPEDU,antero,HorseDrinker,1790550611,TankPressure_2_HB,17116
3027307,2026-09-27 23:10:13.449701+00,KPEDU,antero,HorseDrinker,1790550611,BowlPressure_HB,10259
3017162,2026-09-27 16:50:13.351702+00,KPEDU,antero,HorseDrinker,1790527811,TankPressure_2_HB,17187
3017163,2026-09-27 16:50:13.351702+00,KPEDU,antero,HorseDrinker,1790527811,BowlPressure_HB,10224
3017467,2026-09-27 17:00:13.28856+00,KPEDU,antero,HorseDrinker,1790528411,TankPressure_1_HB,16592
3017468,2026-09-27 17:00:13.28856+00,KPEDU,antero,HorseDrinker,1790528411,TankPressure_2_HB,17224
3017469,2026-09-27 17:00:13.28856+00,KPEDU,antero,HorseDrinker,1790528411,BowlPressure_HB,10227
3017810,2026-09-27 17:10:13.291782+00,KPEDU,antero,HorseDrinker,1790528707,TankPressure_1,16166
3017811,2026-09-27 17:10:13.291782+00,KPEDU,antero,HorseDrinker,1790528707,TankPressure_2,17499
3017812,2026-09-27 17:10:13.291782+00,KPEDU,antero,HorseDrinker,1790528707,BowlPressure,10550
3017813,2026-09-27 17:10:13.291782+00,KPEDU,antero,HorseDrinker,1790528756,TankPressure_1,17580
3017814,2026-09-27 17:10:13.291782+00,KPEDU,antero,HorseDrinker,1790528756,TankPressure_2,17539
3017815,2026-09-27 17:10:13.291782+00,KPEDU,antero,HorseDrinker,1790528756,BowlPressure,10281
3017816,2026-09-27 17:10:13.291782+00,KPEDU,antero,HorseDrinker,1790529011,TankPressure_1_HB,17303
3017817,2026-09-27 17:10:13.291782+00,KPEDU,antero,HorseDrinker,1790529011,TankPressure_2_HB,17276
3017818,2026-09-27 17:10:13.291782+00,KPEDU,antero,HorseDrinker,1790529011,BowlPressure_HB,10272
3018003,2026-09-27 17:20:13.267847+00,KPEDU,antero,HorseDrinker,1790529611,TankPressure_1_HB,17200
3018004,2026-09-27 17:20:13.267847+00,KPEDU,antero,HorseDrinker,1790529611,TankPressure_2_HB,17156
3018005,2026-09-27 17:20:13.267847+00,KPEDU,antero,HorseDrinker,1790529611,BowlPressure_HB,10271
3018174,2026-09-27 17:30:13.342413+00,KPEDU,antero,HorseDrinker,1790530211,TankPressure_1_HB,17352
3018175,2026-09-27 17:30:13.342413+00,KPEDU,antero,HorseDrinker,1790530211,TankPressure_2_HB,17298
3018176,2026-09-27 17:30:13.342413+00,KPEDU,antero,HorseDrinker,1790530211,BowlPressure_HB,10259
3018673,2026-09-27 17:40:13.311809+00,KPEDU,antero,HorseDrinker,1790530811,TankPressure_1_HB,17307
3018674,2026-09-27 17:40:13.311809+00,KPEDU,antero,HorseDrinker,1790530811,TankPressure_2_HB,17221
3018675,2026-09-27 17:40:13.311809+00,KPEDU,antero,HorseDrinker,1790530811,BowlPressure_HB,10256
3018856,2026-09-27 17:50:13.409307+00,KPEDU,antero,HorseDrinker,1790531411,TankPressure_1_HB,17301
3018857,2026-09-27 17:50:13.409307+00,KPEDU,antero,HorseDrinker,1790531411,TankPressure_2_HB,17237
3018858,2026-09-27 17:50:13.409307+00,KPEDU,antero,HorseDrinker,1790531411,BowlPressure_HB,10253
3019037,2026-09-27 18:00:13.358813+00,KPEDU,antero,HorseDrinker,1790532011,TankPressure_1_HB,17340
3019038,2026-09-27 18:00:13.358813+00,KPEDU,antero,HorseDrinker,1790532011,TankPressure_2_HB,17277
3019039,2026-09-27 18:00:13.358813+00,KPEDU,antero,HorseDrinker,1790532011,BowlPressure_HB,10257
3019433,2026-09-27 18:10:13.230087+00,KPEDU,antero,HorseDrinker,1790532611,TankPressure_1_HB,17291
3019434,2026-09-27 18:10:13.230087+00,KPEDU,antero,HorseDrinker,1790532611,TankPressure_2_HB,17217
3019435,2026-09-27 18:10:13.230087+00,KPEDU,antero,HorseDrinker,1790532611,BowlPressure_HB,10252
3019624,2026-09-27 18:20:13.314574+00,KPEDU,antero,HorseDrinker,1790533211,TankPressure_1_HB,17283
3019625,2026-09-27 18:20:13.314574+00,KPEDU,antero,HorseDrinker,1790533211,TankPressure_2_HB,17218
3019626,2026-09-27 18:20:13.314574+00,KPEDU,antero,HorseDrinker,1790533211,BowlPressure_HB,10250
3019805,2026-09-27 18:30:13.288093+00,KPEDU,antero,HorseDrinker,1790533811,TankPressure_1_HB,17297
3027482,2026-09-27 23:20:13.388463+00,KPEDU,antero,HorseDrinker,1790551211,TankPressure_1_HB,17231
3027483,2026-09-27 23:20:13.388463+00,KPEDU,antero,HorseDrinker,1790551211,TankPressure_2_HB,17122
3027484,2026-09-27 23:20:13.388463+00,KPEDU,antero,HorseDrinker,1790551211,BowlPressure_HB,10256
3027827,2026-09-27 23:30:13.510808+00,KPEDU,antero,HorseDrinker,1790551811,TankPressure_1_HB,17251
3027828,2026-09-27 23:30:13.510808+00,KPEDU,antero,HorseDrinker,1790551811,TankPressure_2_HB,17154
3027829,2026-09-27 23:30:13.510808+00,KPEDU,antero,HorseDrinker,1790551811,BowlPressure_HB,10256
3028075,2026-09-27 23:40:13.458869+00,KPEDU,antero,HorseDrinker,1790552411,TankPressure_1_HB,17265
3028076,2026-09-27 23:40:13.458869+00,KPEDU,antero,HorseDrinker,1790552411,TankPressure_2_HB,17165
3028077,2026-09-27 23:40:13.458869+00,KPEDU,antero,HorseDrinker,1790552411,BowlPressure_HB,10250
3028256,2026-09-27 23:50:13.417891+00,KPEDU,antero,HorseDrinker,1790553011,TankPressure_1_HB,17245
3028257,2026-09-27 23:50:13.417891+00,KPEDU,antero,HorseDrinker,1790553011,TankPressure_2_HB,17154
3028258,2026-09-27 23:50:13.417891+00,KPEDU,antero,HorseDrinker,1790553011,BowlPressure_HB,10259
3028594,2026-09-28 00:00:13.521429+00,KPEDU,antero,HorseDrinker,1790553611,TankPressure_1_HB,17267
3028595,2026-09-28 00:00:13.521429+00,KPEDU,antero,HorseDrinker,1790553611,TankPressure_2_HB,17162
3028596,2026-09-28 00:00:13.521429+00,KPEDU,antero,HorseDrinker,1790553611,BowlPressure_HB,10260
3028815,2026-09-28 00:10:13.491279+00,KPEDU,antero,HorseDrinker,1790554211,TankPressure_1_HB,17276
3028816,2026-09-28 00:10:13.491279+00,KPEDU,antero,HorseDrinker,1790554211,TankPressure_2_HB,17174
3028817,2026-09-28 00:10:13.491279+00,KPEDU,antero,HorseDrinker,1790554211,BowlPressure_HB,10259
3028994,2026-09-28 00:20:13.365797+00,KPEDU,antero,HorseDrinker,1790554811,TankPressure_1_HB,17230
3028995,2026-09-28 00:20:13.365797+00,KPEDU,antero,HorseDrinker,1790554811,TankPressure_2_HB,17135
3028996,2026-09-28 00:20:13.365797+00,KPEDU,antero,HorseDrinker,1790554811,BowlPressure_HB,10265
3029330,2026-09-28 00:30:13.407696+00,KPEDU,antero,HorseDrinker,1790555411,TankPressure_1_HB,17212
3029331,2026-09-28 00:30:13.407696+00,KPEDU,antero,HorseDrinker,1790555411,TankPressure_2_HB,17122
3029332,2026-09-28 00:30:13.407696+00,KPEDU,antero,HorseDrinker,1790555411,BowlPressure_HB,10259
3029578,2026-09-28 00:40:13.491216+00,KPEDU,antero,HorseDrinker,1790556011,TankPressure_1_HB,17213
3029579,2026-09-28 00:40:13.491216+00,KPEDU,antero,HorseDrinker,1790556011,TankPressure_2_HB,17132
3029580,2026-09-28 00:40:13.491216+00,KPEDU,antero,HorseDrinker,1790556011,BowlPressure_HB,10264
3029771,2026-09-28 00:50:13.452896+00,KPEDU,antero,HorseDrinker,1790556611,TankPressure_1_HB,17284
3029772,2026-09-28 00:50:13.452896+00,KPEDU,antero,HorseDrinker,1790556611,TankPressure_2_HB,17189
3029773,2026-09-28 00:50:13.452896+00,KPEDU,antero,HorseDrinker,1790556611,BowlPressure_HB,10265
3030097,2026-09-28 01:00:13.452253+00,KPEDU,antero,HorseDrinker,1790557211,TankPressure_1_HB,17294
3030098,2026-09-28 01:00:13.452253+00,KPEDU,antero,HorseDrinker,1790557211,TankPressure_2_HB,17190
3030099,2026-09-28 01:00:13.452253+00,KPEDU,antero,HorseDrinker,1790557211,BowlPressure_HB,10270
3030348,2026-09-28 01:10:13.502155+00,KPEDU,antero,HorseDrinker,1790557811,TankPressure_1_HB,17253
3030349,2026-09-28 01:10:13.502155+00,KPEDU,antero,HorseDrinker,1790557811,TankPressure_2_HB,17139
3030350,2026-09-28 01:10:13.502155+00,KPEDU,antero,HorseDrinker,1790557811,BowlPressure_HB,10274
3030525,2026-09-28 01:20:13.470398+00,KPEDU,antero,HorseDrinker,1790558411,TankPressure_1_HB,17233
3030526,2026-09-28 01:20:13.470398+00,KPEDU,antero,HorseDrinker,1790558411,TankPressure_2_HB,17122
3030527,2026-09-28 01:20:13.470398+00,KPEDU,antero,HorseDrinker,1790558411,BowlPressure_HB,10272
3030719,2026-09-28 01:30:13.5099+00,KPEDU,antero,HorseDrinker,1790559011,TankPressure_1_HB,17255
3030720,2026-09-28 01:30:13.5099+00,KPEDU,antero,HorseDrinker,1790559011,TankPressure_2_HB,17173
3030721,2026-09-28 01:30:13.5099+00,KPEDU,antero,HorseDrinker,1790559011,BowlPressure_HB,10272
3031115,2026-09-28 01:40:13.516809+00,KPEDU,antero,HorseDrinker,1790559611,TankPressure_1_HB,17250
3031116,2026-09-28 01:40:13.516809+00,KPEDU,antero,HorseDrinker,1790559611,TankPressure_2_HB,17144
3031117,2026-09-28 01:40:13.516809+00,KPEDU,antero,HorseDrinker,1790559611,BowlPressure_HB,10265
3031294,2026-09-28 01:50:13.513918+00,KPEDU,antero,HorseDrinker,1790560211,TankPressure_1_HB,17336
3031295,2026-09-28 01:50:13.513918+00,KPEDU,antero,HorseDrinker,1790560211,TankPressure_2_HB,17236
3031296,2026-09-28 01:50:13.513918+00,KPEDU,antero,HorseDrinker,1790560211,BowlPressure_HB,10263
3031475,2026-09-28 02:00:13.57766+00,KPEDU,antero,HorseDrinker,1790560811,TankPressure_1_HB,17299
3031476,2026-09-28 02:00:13.57766+00,KPEDU,antero,HorseDrinker,1790560811,TankPressure_2_HB,17187
3031477,2026-09-28 02:00:13.57766+00,KPEDU,antero,HorseDrinker,1790560811,BowlPressure_HB,10273
3031904,2026-09-28 02:10:13.538763+00,KPEDU,antero,HorseDrinker,1790561411,TankPressure_1_HB,17290
3031905,2026-09-28 02:10:13.538763+00,KPEDU,antero,HorseDrinker,1790561411,TankPressure_2_HB,17189
3031906,2026-09-28 02:10:13.538763+00,KPEDU,antero,HorseDrinker,1790561411,BowlPressure_HB,10268
3032077,2026-09-28 02:20:13.555529+00,KPEDU,antero,HorseDrinker,1790562011,TankPressure_1_HB,17278
3032078,2026-09-28 02:20:13.555529+00,KPEDU,antero,HorseDrinker,1790562011,TankPressure_2_HB,17180
3032079,2026-09-28 02:20:13.555529+00,KPEDU,antero,HorseDrinker,1790562011,BowlPressure_HB,10262
3032262,2026-09-28 02:30:13.574387+00,KPEDU,antero,HorseDrinker,1790562611,TankPressure_1_HB,17277
3032263,2026-09-28 02:30:13.574387+00,KPEDU,antero,HorseDrinker,1790562611,TankPressure_2_HB,17176
3032264,2026-09-28 02:30:13.574387+00,KPEDU,antero,HorseDrinker,1790562611,BowlPressure_HB,10261
3032655,2026-09-28 02:40:13.594626+00,KPEDU,antero,HorseDrinker,1790563211,TankPressure_1_HB,17275
3032656,2026-09-28 02:40:13.594626+00,KPEDU,antero,HorseDrinker,1790563211,TankPressure_2_HB,17165
3032657,2026-09-28 02:40:13.594626+00,KPEDU,antero,HorseDrinker,1790563211,BowlPressure_HB,10256
3032840,2026-09-28 02:50:13.534161+00,KPEDU,antero,HorseDrinker,1790563811,TankPressure_1_HB,17248
3032841,2026-09-28 02:50:13.534161+00,KPEDU,antero,HorseDrinker,1790563811,TankPressure_2_HB,17141
3032842,2026-09-28 02:50:13.534161+00,KPEDU,antero,HorseDrinker,1790563811,BowlPressure_HB,10255
3033021,2026-09-28 03:00:13.669613+00,KPEDU,antero,HorseDrinker,1790564411,TankPressure_1_HB,17276
3033022,2026-09-28 03:00:13.669613+00,KPEDU,antero,HorseDrinker,1790564411,TankPressure_2_HB,17172
3033023,2026-09-28 03:00:13.669613+00,KPEDU,antero,HorseDrinker,1790564411,BowlPressure_HB,10259
3033423,2026-09-28 03:10:13.493594+00,KPEDU,antero,HorseDrinker,1790565011,TankPressure_1_HB,17249
3033424,2026-09-28 03:10:13.493594+00,KPEDU,antero,HorseDrinker,1790565011,TankPressure_2_HB,17130
3033425,2026-09-28 03:10:13.493594+00,KPEDU,antero,HorseDrinker,1790565011,BowlPressure_HB,10257
3033596,2026-09-28 03:20:13.590174+00,KPEDU,antero,HorseDrinker,1790565611,TankPressure_1_HB,17262
3033597,2026-09-28 03:20:13.590174+00,KPEDU,antero,HorseDrinker,1790565611,TankPressure_2_HB,17160
3033598,2026-09-28 03:20:13.590174+00,KPEDU,antero,HorseDrinker,1790565611,BowlPressure_HB,10254
3033779,2026-09-28 03:30:13.528348+00,KPEDU,antero,HorseDrinker,1790566211,TankPressure_1_HB,17263
3033780,2026-09-28 03:30:13.528348+00,KPEDU,antero,HorseDrinker,1790566211,TankPressure_2_HB,17141
3033781,2026-09-28 03:30:13.528348+00,KPEDU,antero,HorseDrinker,1790566211,BowlPressure_HB,10258
3034229,2026-09-28 03:40:13.61806+00,KPEDU,antero,HorseDrinker,1790566811,TankPressure_1_HB,17224
3034230,2026-09-28 03:40:13.61806+00,KPEDU,antero,HorseDrinker,1790566811,TankPressure_2_HB,17114
3034231,2026-09-28 03:40:13.61806+00,KPEDU,antero,HorseDrinker,1790566811,BowlPressure_HB,10261
3034410,2026-09-28 03:50:13.767734+00,KPEDU,antero,HorseDrinker,1790567411,TankPressure_1_HB,17281
3034411,2026-09-28 03:50:13.767734+00,KPEDU,antero,HorseDrinker,1790567411,TankPressure_2_HB,17167
3034412,2026-09-28 03:50:13.767734+00,KPEDU,antero,HorseDrinker,1790567411,BowlPressure_HB,10256
3034591,2026-09-28 04:00:13.547715+00,KPEDU,antero,HorseDrinker,1790568011,TankPressure_1_HB,17226
3034592,2026-09-28 04:00:13.547715+00,KPEDU,antero,HorseDrinker,1790568011,TankPressure_2_HB,17105
3034593,2026-09-28 04:00:13.547715+00,KPEDU,antero,HorseDrinker,1790568011,BowlPressure_HB,10259
3037600,2026-09-28 06:00:13.666239+00,KPEDU,antero,HorseDrinker,1790575211,TankPressure_1_HB,17274
3037601,2026-09-28 06:00:13.666239+00,KPEDU,antero,HorseDrinker,1790575211,TankPressure_2_HB,17182
3037602,2026-09-28 06:00:13.666239+00,KPEDU,antero,HorseDrinker,1790575211,BowlPressure_HB,10263
3037846,2026-09-28 06:10:13.628275+00,KPEDU,antero,HorseDrinker,1790575811,TankPressure_1_HB,17218
3037847,2026-09-28 06:10:13.628275+00,KPEDU,antero,HorseDrinker,1790575811,TankPressure_2_HB,17116
3037848,2026-09-28 06:10:13.628275+00,KPEDU,antero,HorseDrinker,1790575811,BowlPressure_HB,10269
3038178,2026-09-28 06:20:13.600097+00,KPEDU,antero,HorseDrinker,1790576411,TankPressure_1_HB,17239
3038179,2026-09-28 06:20:13.600097+00,KPEDU,antero,HorseDrinker,1790576411,TankPressure_2_HB,17142
3038180,2026-09-28 06:20:13.600097+00,KPEDU,antero,HorseDrinker,1790576411,BowlPressure_HB,10273
3038353,2026-09-28 06:30:13.695842+00,KPEDU,antero,HorseDrinker,1790577011,TankPressure_1_HB,17222
3038354,2026-09-28 06:30:13.695842+00,KPEDU,antero,HorseDrinker,1790577011,TankPressure_2_HB,17112
3038355,2026-09-28 06:30:13.695842+00,KPEDU,antero,HorseDrinker,1790577011,BowlPressure_HB,10270
3038597,2026-09-28 06:40:13.735542+00,KPEDU,antero,HorseDrinker,1790577611,TankPressure_1_HB,17279
3038598,2026-09-28 06:40:13.735542+00,KPEDU,antero,HorseDrinker,1790577611,TankPressure_2_HB,17166
3038599,2026-09-28 06:40:13.735542+00,KPEDU,antero,HorseDrinker,1790577611,BowlPressure_HB,10271
3038944,2026-09-28 06:50:13.694813+00,KPEDU,antero,HorseDrinker,1790578211,TankPressure_1_HB,17228
3038945,2026-09-28 06:50:13.694813+00,KPEDU,antero,HorseDrinker,1790578211,TankPressure_2_HB,17113
3038946,2026-09-28 06:50:13.694813+00,KPEDU,antero,HorseDrinker,1790578211,BowlPressure_HB,10265
3039119,2026-09-28 07:00:13.700139+00,KPEDU,antero,HorseDrinker,1790578811,TankPressure_1_HB,17281
3039120,2026-09-28 07:00:13.700139+00,KPEDU,antero,HorseDrinker,1790578811,TankPressure_2_HB,17163
3039121,2026-09-28 07:00:13.700139+00,KPEDU,antero,HorseDrinker,1790578811,BowlPressure_HB,10273
3039379,2026-09-28 07:10:13.764727+00,KPEDU,antero,HorseDrinker,1790579411,TankPressure_1_HB,17295
3039380,2026-09-28 07:10:13.764727+00,KPEDU,antero,HorseDrinker,1790579411,TankPressure_2_HB,17186
3039381,2026-09-28 07:10:13.764727+00,KPEDU,antero,HorseDrinker,1790579411,BowlPressure_HB,10282
3039696,2026-09-28 07:20:13.646617+00,KPEDU,antero,HorseDrinker,1790580011,TankPressure_1_HB,17284
3039697,2026-09-28 07:20:13.646617+00,KPEDU,antero,HorseDrinker,1790580011,TankPressure_2_HB,17163
3039698,2026-09-28 07:20:13.646617+00,KPEDU,antero,HorseDrinker,1790580011,BowlPressure_HB,10269
3039883,2026-09-28 07:30:13.614068+00,KPEDU,antero,HorseDrinker,1790580611,TankPressure_1_HB,17270
3039884,2026-09-28 07:30:13.614068+00,KPEDU,antero,HorseDrinker,1790580611,TankPressure_2_HB,17163
3039885,2026-09-28 07:30:13.614068+00,KPEDU,antero,HorseDrinker,1790580611,BowlPressure_HB,10273
3040129,2026-09-28 07:40:13.824211+00,KPEDU,antero,HorseDrinker,1790581211,TankPressure_1_HB,17287
3040130,2026-09-28 07:40:13.824211+00,KPEDU,antero,HorseDrinker,1790581211,TankPressure_2_HB,17186
3040131,2026-09-28 07:40:13.824211+00,KPEDU,antero,HorseDrinker,1790581211,BowlPressure_HB,10269
3040329,2026-09-28 07:50:13.663649+00,KPEDU,antero,HorseDrinker,1790581811,TankPressure_1_HB,17269
3040330,2026-09-28 07:50:13.663649+00,KPEDU,antero,HorseDrinker,1790581811,TankPressure_2_HB,17159
3040331,2026-09-28 07:50:13.663649+00,KPEDU,antero,HorseDrinker,1790581811,BowlPressure_HB,10271
3040606,2026-09-28 08:00:13.736564+00,KPEDU,antero,HorseDrinker,1790582411,TankPressure_1_HB,17287
3040607,2026-09-28 08:00:13.736564+00,KPEDU,antero,HorseDrinker,1790582411,TankPressure_2_HB,17176
3040608,2026-09-28 08:00:13.736564+00,KPEDU,antero,HorseDrinker,1790582411,BowlPressure_HB,10274
3040871,2026-09-28 08:10:13.698996+00,KPEDU,antero,HorseDrinker,1790583011,TankPressure_1_HB,17308
3040872,2026-09-28 08:10:13.698996+00,KPEDU,antero,HorseDrinker,1790583011,TankPressure_2_HB,17168
3040873,2026-09-28 08:10:13.698996+00,KPEDU,antero,HorseDrinker,1790583011,BowlPressure_HB,10274
3041038,2026-09-28 08:20:13.679287+00,KPEDU,antero,HorseDrinker,1790583611,TankPressure_1_HB,17310
3041039,2026-09-28 08:20:13.679287+00,KPEDU,antero,HorseDrinker,1790583611,TankPressure_2_HB,17166
3041040,2026-09-28 08:20:13.679287+00,KPEDU,antero,HorseDrinker,1790583611,BowlPressure_HB,10269
3041267,2026-09-28 08:30:13.751716+00,KPEDU,antero,HorseDrinker,1790584211,TankPressure_1_HB,17310
3041268,2026-09-28 08:30:13.751716+00,KPEDU,antero,HorseDrinker,1790584211,TankPressure_2_HB,17192
3041269,2026-09-28 08:30:13.751716+00,KPEDU,antero,HorseDrinker,1790584211,BowlPressure_HB,10273
3041512,2026-09-28 08:40:13.719075+00,KPEDU,antero,HorseDrinker,1790584811,TankPressure_1_HB,17325
3041513,2026-09-28 08:40:13.719075+00,KPEDU,antero,HorseDrinker,1790584811,TankPressure_2_HB,17194
3041514,2026-09-28 08:40:13.719075+00,KPEDU,antero,HorseDrinker,1790584811,BowlPressure_HB,10268
3041697,2026-09-28 08:50:13.6928+00,KPEDU,antero,HorseDrinker,1790585411,TankPressure_1_HB,17287
3041698,2026-09-28 08:50:13.6928+00,KPEDU,antero,HorseDrinker,1790585411,TankPressure_2_HB,17167
3041699,2026-09-28 08:50:13.6928+00,KPEDU,antero,HorseDrinker,1790585411,BowlPressure_HB,10272
3042009,2026-09-28 09:00:13.780268+00,KPEDU,antero,HorseDrinker,1790586011,TankPressure_1_HB,17322
3042010,2026-09-28 09:00:13.780268+00,KPEDU,antero,HorseDrinker,1790586011,TankPressure_2_HB,17179
3042011,2026-09-28 09:00:13.780268+00,KPEDU,antero,HorseDrinker,1790586011,BowlPressure_HB,10271
3042263,2026-09-28 09:10:13.7655+00,KPEDU,antero,HorseDrinker,1790586611,TankPressure_1_HB,17295
3042264,2026-09-28 09:10:13.7655+00,KPEDU,antero,HorseDrinker,1790586611,TankPressure_2_HB,17188
3042265,2026-09-28 09:10:13.7655+00,KPEDU,antero,HorseDrinker,1790586611,BowlPressure_HB,10273
3042446,2026-09-28 09:20:13.830702+00,KPEDU,antero,HorseDrinker,1790587211,TankPressure_1_HB,17286
3042447,2026-09-28 09:20:13.830702+00,KPEDU,antero,HorseDrinker,1790587211,TankPressure_2_HB,17175
3042448,2026-09-28 09:20:13.830702+00,KPEDU,antero,HorseDrinker,1790587211,BowlPressure_HB,10280
3019806,2026-09-27 18:30:13.288093+00,KPEDU,antero,HorseDrinker,1790533811,TankPressure_2_HB,17228
3019807,2026-09-27 18:30:13.288093+00,KPEDU,antero,HorseDrinker,1790533811,BowlPressure_HB,10247
3020280,2026-09-27 18:40:13.363434+00,KPEDU,antero,HorseDrinker,1790534411,TankPressure_1_HB,17287
3020281,2026-09-27 18:40:13.363434+00,KPEDU,antero,HorseDrinker,1790534411,TankPressure_2_HB,17232
3020282,2026-09-27 18:40:13.363434+00,KPEDU,antero,HorseDrinker,1790534411,BowlPressure_HB,10254
3020455,2026-09-27 18:50:13.319065+00,KPEDU,antero,HorseDrinker,1790535011,TankPressure_1_HB,17349
3020456,2026-09-27 18:50:13.319065+00,KPEDU,antero,HorseDrinker,1790535011,TankPressure_2_HB,17282
3020457,2026-09-27 18:50:13.319065+00,KPEDU,antero,HorseDrinker,1790535011,BowlPressure_HB,10250
3020632,2026-09-27 19:00:13.321789+00,KPEDU,antero,HorseDrinker,1790535611,TankPressure_1_HB,17316
3020633,2026-09-27 19:00:13.321789+00,KPEDU,antero,HorseDrinker,1790535611,TankPressure_2_HB,17257
3020634,2026-09-27 19:00:13.321789+00,KPEDU,antero,HorseDrinker,1790535611,BowlPressure_HB,10251
3021044,2026-09-27 19:10:13.789146+00,KPEDU,antero,HorseDrinker,1790536211,TankPressure_1_HB,17310
3021045,2026-09-27 19:10:13.789146+00,KPEDU,antero,HorseDrinker,1790536211,TankPressure_2_HB,17227
3021046,2026-09-27 19:10:13.789146+00,KPEDU,antero,HorseDrinker,1790536211,BowlPressure_HB,10249
3034989,2026-09-28 04:10:13.549196+00,KPEDU,antero,HorseDrinker,1790568611,TankPressure_1_HB,17222
3034990,2026-09-28 04:10:13.549196+00,KPEDU,antero,HorseDrinker,1790568611,TankPressure_2_HB,17124
3034991,2026-09-28 04:10:13.549196+00,KPEDU,antero,HorseDrinker,1790568611,BowlPressure_HB,10261
3035170,2026-09-28 04:20:13.592365+00,KPEDU,antero,HorseDrinker,1790569211,TankPressure_1_HB,17241
3035171,2026-09-28 04:20:13.592365+00,KPEDU,antero,HorseDrinker,1790569211,TankPressure_2_HB,17127
3035172,2026-09-28 04:20:13.592365+00,KPEDU,antero,HorseDrinker,1790569211,BowlPressure_HB,10258
3035349,2026-09-28 04:30:13.568302+00,KPEDU,antero,HorseDrinker,1790569811,TankPressure_1_HB,17252
3035350,2026-09-28 04:30:13.568302+00,KPEDU,antero,HorseDrinker,1790569811,TankPressure_2_HB,17134
3035351,2026-09-28 04:30:13.568302+00,KPEDU,antero,HorseDrinker,1790569811,BowlPressure_HB,10271
3035598,2026-09-28 04:40:13.569011+00,KPEDU,antero,HorseDrinker,1790570411,TankPressure_1_HB,17217
3035599,2026-09-28 04:40:13.569011+00,KPEDU,antero,HorseDrinker,1790570411,TankPressure_2_HB,17095
3035600,2026-09-28 04:40:13.569011+00,KPEDU,antero,HorseDrinker,1790570411,BowlPressure_HB,10270
3035905,2026-09-28 04:50:13.616962+00,KPEDU,antero,HorseDrinker,1790571011,TankPressure_1_HB,17226
3035906,2026-09-28 04:50:13.616962+00,KPEDU,antero,HorseDrinker,1790571011,TankPressure_2_HB,17126
3035907,2026-09-28 04:50:13.616962+00,KPEDU,antero,HorseDrinker,1790571011,BowlPressure_HB,10263
3036084,2026-09-28 05:00:13.602666+00,KPEDU,antero,HorseDrinker,1790571611,TankPressure_1_HB,17264
3036085,2026-09-28 05:00:13.602666+00,KPEDU,antero,HorseDrinker,1790571611,TankPressure_2_HB,17142
3036086,2026-09-28 05:00:13.602666+00,KPEDU,antero,HorseDrinker,1790571611,BowlPressure_HB,10263
3036320,2026-09-28 05:10:13.588871+00,KPEDU,antero,HorseDrinker,1790572211,TankPressure_1_HB,17220
3036321,2026-09-28 05:10:13.588871+00,KPEDU,antero,HorseDrinker,1790572211,TankPressure_2_HB,17106
3036322,2026-09-28 05:10:13.588871+00,KPEDU,antero,HorseDrinker,1790572211,BowlPressure_HB,10264
3036660,2026-09-28 05:20:13.663328+00,KPEDU,antero,HorseDrinker,1790572811,TankPressure_1_HB,17223
3036661,2026-09-28 05:20:13.663328+00,KPEDU,antero,HorseDrinker,1790572811,TankPressure_2_HB,17126
3036662,2026-09-28 05:20:13.663328+00,KPEDU,antero,HorseDrinker,1790572811,BowlPressure_HB,10261
3036833,2026-09-28 05:30:13.647823+00,KPEDU,antero,HorseDrinker,1790573411,TankPressure_1_HB,17257
3036834,2026-09-28 05:30:13.647823+00,KPEDU,antero,HorseDrinker,1790573411,TankPressure_2_HB,17155
3036835,2026-09-28 05:30:13.647823+00,KPEDU,antero,HorseDrinker,1790573411,BowlPressure_HB,10258
3037087,2026-09-28 05:40:13.629922+00,KPEDU,antero,HorseDrinker,1790574011,TankPressure_1_HB,17215
3037088,2026-09-28 05:40:13.629922+00,KPEDU,antero,HorseDrinker,1790574011,TankPressure_2_HB,17102
3037089,2026-09-28 05:40:13.629922+00,KPEDU,antero,HorseDrinker,1790574011,BowlPressure_HB,10267
3037425,2026-09-28 05:50:13.561008+00,KPEDU,antero,HorseDrinker,1790574611,TankPressure_1_HB,17182
3037426,2026-09-28 05:50:13.561008+00,KPEDU,antero,HorseDrinker,1790574611,TankPressure_2_HB,17088
3037427,2026-09-28 05:50:13.561008+00,KPEDU,antero,HorseDrinker,1790574611,BowlPressure_HB,10267
3042905,2026-09-28 09:40:13.657028+00,KPEDU,antero,HorseDrinker,1790588068,TankPressure_1,17602
3042906,2026-09-28 09:40:13.657028+00,KPEDU,antero,HorseDrinker,1790588068,TankPressure_2,17269
3042907,2026-09-28 09:40:13.657028+00,KPEDU,antero,HorseDrinker,1790588068,BowlPressure,10283
3042908,2026-09-28 09:40:13.657028+00,KPEDU,antero,HorseDrinker,1790588411,TankPressure_1_HB,17236
3042909,2026-09-28 09:40:13.657028+00,KPEDU,antero,HorseDrinker,1790588411,TankPressure_2_HB,16878
3042910,2026-09-28 09:40:13.657028+00,KPEDU,antero,HorseDrinker,1790588411,BowlPressure_HB,10232
3043079,2026-09-28 09:50:13.72867+00,KPEDU,antero,HorseDrinker,1790589011,TankPressure_1_HB,17272
3043080,2026-09-28 09:50:13.72867+00,KPEDU,antero,HorseDrinker,1790589011,TankPressure_2_HB,16913
3043081,2026-09-28 09:50:13.72867+00,KPEDU,antero,HorseDrinker,1790589011,BowlPressure_HB,10238
3043301,2026-09-28 10:00:13.681549+00,KPEDU,antero,HorseDrinker,1790589611,TankPressure_1_HB,17270
3043302,2026-09-28 10:00:13.681549+00,KPEDU,antero,HorseDrinker,1790589611,TankPressure_2_HB,16899
3043303,2026-09-28 10:00:13.681549+00,KPEDU,antero,HorseDrinker,1790589611,BowlPressure_HB,10252
3043549,2026-09-28 10:10:13.752222+00,KPEDU,antero,HorseDrinker,1790590211,TankPressure_1_HB,17346
3043550,2026-09-28 10:10:13.752222+00,KPEDU,antero,HorseDrinker,1790590211,TankPressure_2_HB,16960
3043551,2026-09-28 10:10:13.752222+00,KPEDU,antero,HorseDrinker,1790590211,BowlPressure_HB,10243
3043740,2026-09-28 10:20:13.619838+00,KPEDU,antero,HorseDrinker,1790590811,TankPressure_1_HB,17368
3043741,2026-09-28 10:20:13.619838+00,KPEDU,antero,HorseDrinker,1790590811,TankPressure_2_HB,16979
3043742,2026-09-28 10:20:13.619838+00,KPEDU,antero,HorseDrinker,1790590811,BowlPressure_HB,10254
3043944,2026-09-28 10:30:13.699455+00,KPEDU,antero,HorseDrinker,1790591411,TankPressure_1_HB,17342
3043945,2026-09-28 10:30:13.699455+00,KPEDU,antero,HorseDrinker,1790591411,TankPressure_2_HB,16951
3043946,2026-09-28 10:30:13.699455+00,KPEDU,antero,HorseDrinker,1790591411,BowlPressure_HB,10252
3044182,2026-09-28 10:40:13.777827+00,KPEDU,antero,HorseDrinker,1790592011,TankPressure_1_HB,17314
3044183,2026-09-28 10:40:13.777827+00,KPEDU,antero,HorseDrinker,1790592011,TankPressure_2_HB,16928
3044184,2026-09-28 10:40:13.777827+00,KPEDU,antero,HorseDrinker,1790592011,BowlPressure_HB,10254
3044357,2026-09-28 10:50:13.74962+00,KPEDU,antero,HorseDrinker,1790592611,TankPressure_1_HB,17328
3044358,2026-09-28 10:50:13.74962+00,KPEDU,antero,HorseDrinker,1790592611,TankPressure_2_HB,16939
3044359,2026-09-28 10:50:13.74962+00,KPEDU,antero,HorseDrinker,1790592611,BowlPressure_HB,10259
3044542,2026-09-28 11:00:13.730737+00,KPEDU,antero,HorseDrinker,1790593211,TankPressure_1_HB,17284
3044543,2026-09-28 11:00:13.730737+00,KPEDU,antero,HorseDrinker,1790593211,TankPressure_2_HB,16917
3044544,2026-09-28 11:00:13.730737+00,KPEDU,antero,HorseDrinker,1790593211,BowlPressure_HB,10251
3044832,2026-09-28 11:10:13.713752+00,KPEDU,antero,HorseDrinker,1790593811,TankPressure_1_HB,17266
3044833,2026-09-28 11:10:13.713752+00,KPEDU,antero,HorseDrinker,1790593811,TankPressure_2_HB,16898
3044834,2026-09-28 11:10:13.713752+00,KPEDU,antero,HorseDrinker,1790593811,BowlPressure_HB,10257
3045099,2026-09-28 11:20:13.800673+00,KPEDU,antero,HorseDrinker,1790594411,TankPressure_1_HB,17350
3045100,2026-09-28 11:20:13.800673+00,KPEDU,antero,HorseDrinker,1790594411,TankPressure_2_HB,16954
3045101,2026-09-28 11:20:13.800673+00,KPEDU,antero,HorseDrinker,1790594411,BowlPressure_HB,10241
3045283,2026-09-28 11:30:13.731456+00,KPEDU,antero,HorseDrinker,1790595011,TankPressure_1_HB,17329
3045284,2026-09-28 11:30:13.731456+00,KPEDU,antero,HorseDrinker,1790595011,TankPressure_2_HB,16952
3045285,2026-09-28 11:30:13.731456+00,KPEDU,antero,HorseDrinker,1790595011,BowlPressure_HB,10243
3045541,2026-09-28 11:40:13.731406+00,KPEDU,antero,HorseDrinker,1790595611,TankPressure_1_HB,17361
3045542,2026-09-28 11:40:13.731406+00,KPEDU,antero,HorseDrinker,1790595611,TankPressure_2_HB,17005
3045543,2026-09-28 11:40:13.731406+00,KPEDU,antero,HorseDrinker,1790595611,BowlPressure_HB,10226
3051298,2026-09-28 15:50:13.861639+00,KPEDU,antero,HorseDrinker,1790610611,TankPressure_1_HB,16890
3051299,2026-09-28 15:50:13.861639+00,KPEDU,antero,HorseDrinker,1790610611,TankPressure_2_HB,17534
3051300,2026-09-28 15:50:13.861639+00,KPEDU,antero,HorseDrinker,1790610611,BowlPressure_HB,10259
3051485,2026-09-28 16:00:13.852008+00,KPEDU,antero,HorseDrinker,1790611211,TankPressure_1_HB,16964
3051486,2026-09-28 16:00:13.852008+00,KPEDU,antero,HorseDrinker,1790611211,TankPressure_2_HB,17588
3051487,2026-09-28 16:00:13.852008+00,KPEDU,antero,HorseDrinker,1790611211,BowlPressure_HB,10263
3051738,2026-09-28 16:10:13.910115+00,KPEDU,antero,HorseDrinker,1790611811,TankPressure_1_HB,16871
3051739,2026-09-28 16:10:13.910115+00,KPEDU,antero,HorseDrinker,1790611811,TankPressure_2_HB,17525
3051740,2026-09-28 16:10:13.910115+00,KPEDU,antero,HorseDrinker,1790611811,BowlPressure_HB,10261
3051929,2026-09-28 16:20:13.743999+00,KPEDU,antero,HorseDrinker,1790612411,TankPressure_1_HB,16952
3051930,2026-09-28 16:20:13.743999+00,KPEDU,antero,HorseDrinker,1790612411,TankPressure_2_HB,17603
3051931,2026-09-28 16:20:13.743999+00,KPEDU,antero,HorseDrinker,1790612411,BowlPressure_HB,10256
3052120,2026-09-28 16:30:13.875002+00,KPEDU,antero,HorseDrinker,1790613011,TankPressure_1_HB,16885
3042667,2026-09-28 09:30:13.768323+00,KPEDU,antero,HorseDrinker,1790587811,TankPressure_1_HB,17264
3042668,2026-09-28 09:30:13.768323+00,KPEDU,antero,HorseDrinker,1790587811,TankPressure_2_HB,17140
3042669,2026-09-28 09:30:13.768323+00,KPEDU,antero,HorseDrinker,1790587811,BowlPressure_HB,10275
3045716,2026-09-28 11:50:13.786375+00,KPEDU,antero,HorseDrinker,1790596211,TankPressure_1_HB,17315
3045717,2026-09-28 11:50:13.786375+00,KPEDU,antero,HorseDrinker,1790596211,TankPressure_2_HB,16935
3045718,2026-09-28 11:50:13.786375+00,KPEDU,antero,HorseDrinker,1790596211,BowlPressure_HB,10218
3045958,2026-09-28 12:00:13.799907+00,KPEDU,antero,HorseDrinker,1790596811,TankPressure_1_HB,17404
3045959,2026-09-28 12:00:13.799907+00,KPEDU,antero,HorseDrinker,1790596811,TankPressure_2_HB,17017
3045960,2026-09-28 12:00:13.799907+00,KPEDU,antero,HorseDrinker,1790596811,BowlPressure_HB,10234
3046204,2026-09-28 12:10:13.900451+00,KPEDU,antero,HorseDrinker,1790597411,TankPressure_1_HB,17365
3046205,2026-09-28 12:10:13.900451+00,KPEDU,antero,HorseDrinker,1790597411,TankPressure_2_HB,16992
3046206,2026-09-28 12:10:13.900451+00,KPEDU,antero,HorseDrinker,1790597411,BowlPressure_HB,10231
3046391,2026-09-28 12:20:13.758415+00,KPEDU,antero,HorseDrinker,1790598011,TankPressure_1_HB,17339
3046392,2026-09-28 12:20:13.758415+00,KPEDU,antero,HorseDrinker,1790598011,TankPressure_2_HB,16962
3046393,2026-09-28 12:20:13.758415+00,KPEDU,antero,HorseDrinker,1790598011,BowlPressure_HB,10222
3046742,2026-09-28 12:30:13.809052+00,KPEDU,antero,HorseDrinker,1790598611,TankPressure_1_HB,17343
3046743,2026-09-28 12:30:13.809052+00,KPEDU,antero,HorseDrinker,1790598611,TankPressure_2_HB,16944
3046744,2026-09-28 12:30:13.809052+00,KPEDU,antero,HorseDrinker,1790598611,BowlPressure_HB,10223
3046986,2026-09-28 12:40:13.774126+00,KPEDU,antero,HorseDrinker,1790599211,TankPressure_1_HB,17299
3046987,2026-09-28 12:40:13.774126+00,KPEDU,antero,HorseDrinker,1790599211,TankPressure_2_HB,16931
3046988,2026-09-28 12:40:13.774126+00,KPEDU,antero,HorseDrinker,1790599211,BowlPressure_HB,10229
3047171,2026-09-28 12:50:13.852187+00,KPEDU,antero,HorseDrinker,1790599750,TankPressure_1,21077
3047172,2026-09-28 12:50:13.852187+00,KPEDU,antero,HorseDrinker,1790599750,TankPressure_2,18661
3047173,2026-09-28 12:50:13.852187+00,KPEDU,antero,HorseDrinker,1790599750,BowlPressure,10284
3047174,2026-09-28 12:50:13.852187+00,KPEDU,antero,HorseDrinker,1790599811,TankPressure_1_HB,17314
3047175,2026-09-28 12:50:13.852187+00,KPEDU,antero,HorseDrinker,1790599811,TankPressure_2_HB,17496
3047176,2026-09-28 12:50:13.852187+00,KPEDU,antero,HorseDrinker,1790599811,BowlPressure_HB,10247
3047459,2026-09-28 13:00:13.812067+00,KPEDU,antero,HorseDrinker,1790600411,TankPressure_1_HB,17294
3047460,2026-09-28 13:00:13.812067+00,KPEDU,antero,HorseDrinker,1790600411,TankPressure_2_HB,17507
3047461,2026-09-28 13:00:13.812067+00,KPEDU,antero,HorseDrinker,1790600411,BowlPressure_HB,10243
3047775,2026-09-28 13:10:13.814184+00,KPEDU,antero,HorseDrinker,1790601011,TankPressure_1_HB,17321
3047776,2026-09-28 13:10:13.814184+00,KPEDU,antero,HorseDrinker,1790601011,TankPressure_2_HB,17532
3047777,2026-09-28 13:10:13.814184+00,KPEDU,antero,HorseDrinker,1790601011,BowlPressure_HB,10265
3047948,2026-09-28 13:20:13.7666+00,KPEDU,antero,HorseDrinker,1790601611,TankPressure_1_HB,17315
3047949,2026-09-28 13:20:13.7666+00,KPEDU,antero,HorseDrinker,1790601611,TankPressure_2_HB,17532
3047950,2026-09-28 13:20:13.7666+00,KPEDU,antero,HorseDrinker,1790601611,BowlPressure_HB,10255
3048133,2026-09-28 13:30:13.857086+00,KPEDU,antero,HorseDrinker,1790602211,TankPressure_1_HB,17262
3048134,2026-09-28 13:30:13.857086+00,KPEDU,antero,HorseDrinker,1790602211,TankPressure_2_HB,17486
3048135,2026-09-28 13:30:13.857086+00,KPEDU,antero,HorseDrinker,1790602211,BowlPressure_HB,10252
3048368,2026-09-28 13:40:13.80701+00,KPEDU,antero,HorseDrinker,1790602811,TankPressure_1_HB,17263
3048369,2026-09-28 13:40:13.80701+00,KPEDU,antero,HorseDrinker,1790602811,TankPressure_2_HB,17489
3048370,2026-09-28 13:40:13.80701+00,KPEDU,antero,HorseDrinker,1790602811,BowlPressure_HB,10253
3048547,2026-09-28 13:50:13.79177+00,KPEDU,antero,HorseDrinker,1790603411,TankPressure_1_HB,17277
3048548,2026-09-28 13:50:13.79177+00,KPEDU,antero,HorseDrinker,1790603411,TankPressure_2_HB,17520
3048549,2026-09-28 13:50:13.79177+00,KPEDU,antero,HorseDrinker,1790603411,BowlPressure_HB,10256
3048726,2026-09-28 14:00:13.861321+00,KPEDU,antero,HorseDrinker,1790604011,TankPressure_1_HB,17336
3048727,2026-09-28 14:00:13.861321+00,KPEDU,antero,HorseDrinker,1790604011,TankPressure_2_HB,17572
3048728,2026-09-28 14:00:13.861321+00,KPEDU,antero,HorseDrinker,1790604011,BowlPressure_HB,10256
3049022,2026-09-28 14:10:13.831225+00,KPEDU,antero,HorseDrinker,1790604611,TankPressure_1_HB,17301
3049023,2026-09-28 14:10:13.831225+00,KPEDU,antero,HorseDrinker,1790604611,TankPressure_2_HB,17531
3049024,2026-09-28 14:10:13.831225+00,KPEDU,antero,HorseDrinker,1790604611,BowlPressure_HB,10258
3049233,2026-09-28 14:20:13.805385+00,KPEDU,antero,HorseDrinker,1790605211,TankPressure_1_HB,17292
3049234,2026-09-28 14:20:13.805385+00,KPEDU,antero,HorseDrinker,1790605211,TankPressure_2_HB,17535
3049235,2026-09-28 14:20:13.805385+00,KPEDU,antero,HorseDrinker,1790605211,BowlPressure_HB,10260
3049410,2026-09-28 14:30:13.939534+00,KPEDU,antero,HorseDrinker,1790605811,TankPressure_1_HB,17314
3049411,2026-09-28 14:30:13.939534+00,KPEDU,antero,HorseDrinker,1790605811,TankPressure_2_HB,17552
3049412,2026-09-28 14:30:13.939534+00,KPEDU,antero,HorseDrinker,1790605811,BowlPressure_HB,10251
3049668,2026-09-28 14:40:14.0909+00,KPEDU,antero,HorseDrinker,1790606411,TankPressure_1_HB,17265
3049669,2026-09-28 14:40:14.0909+00,KPEDU,antero,HorseDrinker,1790606411,TankPressure_2_HB,17494
3049670,2026-09-28 14:40:14.0909+00,KPEDU,antero,HorseDrinker,1790606411,BowlPressure_HB,10251
3049861,2026-09-28 14:50:13.876639+00,KPEDU,antero,HorseDrinker,1790607011,TankPressure_1_HB,17336
3049862,2026-09-28 14:50:13.876639+00,KPEDU,antero,HorseDrinker,1790607011,TankPressure_2_HB,17561
3049863,2026-09-28 14:50:13.876639+00,KPEDU,antero,HorseDrinker,1790607011,BowlPressure_HB,10250
3050077,2026-09-28 15:00:13.815173+00,KPEDU,antero,HorseDrinker,1790607611,TankPressure_1_HB,17252
3050078,2026-09-28 15:00:13.815173+00,KPEDU,antero,HorseDrinker,1790607611,TankPressure_2_HB,17496
3050079,2026-09-28 15:00:13.815173+00,KPEDU,antero,HorseDrinker,1790607611,BowlPressure_HB,10247
3050355,2026-09-28 15:10:14.082532+00,KPEDU,antero,HorseDrinker,1790608211,TankPressure_1_HB,17337
3050356,2026-09-28 15:10:14.082532+00,KPEDU,antero,HorseDrinker,1790608211,TankPressure_2_HB,17587
3050357,2026-09-28 15:10:14.082532+00,KPEDU,antero,HorseDrinker,1790608211,BowlPressure_HB,10210
3050598,2026-09-28 15:20:13.843834+00,KPEDU,antero,HorseDrinker,1790608811,TankPressure_1_HB,17329
3050599,2026-09-28 15:20:13.843834+00,KPEDU,antero,HorseDrinker,1790608811,TankPressure_2_HB,17558
3050600,2026-09-28 15:20:13.843834+00,KPEDU,antero,HorseDrinker,1790608811,BowlPressure_HB,10207
3050839,2026-09-28 15:30:13.892717+00,KPEDU,antero,HorseDrinker,1790609352,TankPressure_1,17188
3050840,2026-09-28 15:30:13.892717+00,KPEDU,antero,HorseDrinker,1790609352,TankPressure_2,17795
3050841,2026-09-28 15:30:13.892717+00,KPEDU,antero,HorseDrinker,1790609352,BowlPressure,10281
3050842,2026-09-28 15:30:13.892717+00,KPEDU,antero,HorseDrinker,1790609411,TankPressure_1_HB,16253
3050843,2026-09-28 15:30:13.892717+00,KPEDU,antero,HorseDrinker,1790609411,TankPressure_2_HB,18974
3050844,2026-09-28 15:30:13.892717+00,KPEDU,antero,HorseDrinker,1790609411,BowlPressure_HB,9808
3051124,2026-09-28 15:40:13.818001+00,KPEDU,antero,HorseDrinker,1790609457,TankPressure_1,17214
3051125,2026-09-28 15:40:13.818001+00,KPEDU,antero,HorseDrinker,1790609457,TankPressure_2,17873
3051126,2026-09-28 15:40:13.818001+00,KPEDU,antero,HorseDrinker,1790609457,BowlPressure,10283
3051127,2026-09-28 15:40:13.818001+00,KPEDU,antero,HorseDrinker,1790610011,TankPressure_1_HB,16915
3051128,2026-09-28 15:40:13.818001+00,KPEDU,antero,HorseDrinker,1790610011,TankPressure_2_HB,17563
3051129,2026-09-28 15:40:13.818001+00,KPEDU,antero,HorseDrinker,1790610011,BowlPressure_HB,10262
3053971,2026-09-28 18:00:14.01564+00,KPEDU,antero,HorseDrinker,1790618412,TankPressure_1_HB,16929
3053972,2026-09-28 18:00:14.01564+00,KPEDU,antero,HorseDrinker,1790618412,TankPressure_2_HB,17562
3053973,2026-09-28 18:00:14.01564+00,KPEDU,antero,HorseDrinker,1790618412,BowlPressure_HB,10256
3054263,2026-09-28 18:10:13.886824+00,KPEDU,antero,HorseDrinker,1790619012,TankPressure_1_HB,16953
3054264,2026-09-28 18:10:13.886824+00,KPEDU,antero,HorseDrinker,1790619012,TankPressure_2_HB,17574
3054265,2026-09-28 18:10:13.886824+00,KPEDU,antero,HorseDrinker,1790619012,BowlPressure_HB,10261
3054440,2026-09-28 18:20:13.991876+00,KPEDU,antero,HorseDrinker,1790619612,TankPressure_1_HB,16901
3054441,2026-09-28 18:20:13.991876+00,KPEDU,antero,HorseDrinker,1790619612,TankPressure_2_HB,17538
3054442,2026-09-28 18:20:13.991876+00,KPEDU,antero,HorseDrinker,1790619612,BowlPressure_HB,10248
3054615,2026-09-28 18:30:13.836813+00,KPEDU,antero,HorseDrinker,1790620212,TankPressure_1_HB,16957
3054616,2026-09-28 18:30:13.836813+00,KPEDU,antero,HorseDrinker,1790620212,TankPressure_2_HB,17597
3054617,2026-09-28 18:30:13.836813+00,KPEDU,antero,HorseDrinker,1790620212,BowlPressure_HB,10260
3054912,2026-09-28 18:40:13.911961+00,KPEDU,antero,HorseDrinker,1790620812,TankPressure_1_HB,16870
3054913,2026-09-28 18:40:13.911961+00,KPEDU,antero,HorseDrinker,1790620812,TankPressure_2_HB,17507
3054914,2026-09-28 18:40:13.911961+00,KPEDU,antero,HorseDrinker,1790620812,BowlPressure_HB,10261
3055087,2026-09-28 18:50:13.993353+00,KPEDU,antero,HorseDrinker,1790621412,TankPressure_1_HB,16931
3055088,2026-09-28 18:50:13.993353+00,KPEDU,antero,HorseDrinker,1790621412,TankPressure_2_HB,17555
3055089,2026-09-28 18:50:13.993353+00,KPEDU,antero,HorseDrinker,1790621412,BowlPressure_HB,10255
3055274,2026-09-28 19:00:13.938308+00,KPEDU,antero,HorseDrinker,1790622012,TankPressure_1_HB,16907
3055275,2026-09-28 19:00:13.938308+00,KPEDU,antero,HorseDrinker,1790622012,TankPressure_2_HB,17525
3055276,2026-09-28 19:00:13.938308+00,KPEDU,antero,HorseDrinker,1790622012,BowlPressure_HB,10260
3055528,2026-09-28 19:10:13.9262+00,KPEDU,antero,HorseDrinker,1790622612,TankPressure_1_HB,16919
3055529,2026-09-28 19:10:13.9262+00,KPEDU,antero,HorseDrinker,1790622612,TankPressure_2_HB,17551
3055530,2026-09-28 19:10:13.9262+00,KPEDU,antero,HorseDrinker,1790622612,BowlPressure_HB,10255
3055711,2026-09-28 19:20:13.930515+00,KPEDU,antero,HorseDrinker,1790623212,TankPressure_1_HB,16900
3055712,2026-09-28 19:20:13.930515+00,KPEDU,antero,HorseDrinker,1790623212,TankPressure_2_HB,17521
3055713,2026-09-28 19:20:13.930515+00,KPEDU,antero,HorseDrinker,1790623212,BowlPressure_HB,10257
3055882,2026-09-28 19:30:14.002719+00,KPEDU,antero,HorseDrinker,1790623812,TankPressure_1_HB,16862
3055883,2026-09-28 19:30:14.002719+00,KPEDU,antero,HorseDrinker,1790623812,TankPressure_2_HB,17494
3055884,2026-09-28 19:30:14.002719+00,KPEDU,antero,HorseDrinker,1790623812,BowlPressure_HB,10253
3056178,2026-09-28 19:40:13.927981+00,KPEDU,antero,HorseDrinker,1790624412,TankPressure_1_HB,16915
3056179,2026-09-28 19:40:13.927981+00,KPEDU,antero,HorseDrinker,1790624412,TankPressure_2_HB,17547
3056180,2026-09-28 19:40:13.927981+00,KPEDU,antero,HorseDrinker,1790624412,BowlPressure_HB,10254
3056359,2026-09-28 19:50:13.899443+00,KPEDU,antero,HorseDrinker,1790625012,TankPressure_1_HB,16915
3056360,2026-09-28 19:50:13.899443+00,KPEDU,antero,HorseDrinker,1790625012,TankPressure_2_HB,17532
3056361,2026-09-28 19:50:13.899443+00,KPEDU,antero,HorseDrinker,1790625012,BowlPressure_HB,10256
3056544,2026-09-28 20:00:14.007976+00,KPEDU,antero,HorseDrinker,1790625612,TankPressure_1_HB,16868
3056545,2026-09-28 20:00:14.007976+00,KPEDU,antero,HorseDrinker,1790625612,TankPressure_2_HB,17473
3056546,2026-09-28 20:00:14.007976+00,KPEDU,antero,HorseDrinker,1790625612,BowlPressure_HB,10266
3062195,2026-09-29 00:20:13.912059+00,KPEDU,antero,HorseDrinker,1790641212,TankPressure_1_HB,16895
3062196,2026-09-29 00:20:13.912059+00,KPEDU,antero,HorseDrinker,1790641212,TankPressure_2_HB,17478
3062197,2026-09-29 00:20:13.912059+00,KPEDU,antero,HorseDrinker,1790641212,BowlPressure_HB,10262
3062378,2026-09-29 00:30:14.092859+00,KPEDU,antero,HorseDrinker,1790641812,TankPressure_1_HB,16968
3062379,2026-09-29 00:30:14.092859+00,KPEDU,antero,HorseDrinker,1790641812,TankPressure_2_HB,17541
3062380,2026-09-29 00:30:14.092859+00,KPEDU,antero,HorseDrinker,1790641812,BowlPressure_HB,10264
3062628,2026-09-29 00:40:14.040947+00,KPEDU,antero,HorseDrinker,1790642412,TankPressure_1_HB,16923
3062629,2026-09-29 00:40:14.040947+00,KPEDU,antero,HorseDrinker,1790642412,TankPressure_2_HB,17519
3062630,2026-09-29 00:40:14.040947+00,KPEDU,antero,HorseDrinker,1790642412,BowlPressure_HB,10256
3062937,2026-09-29 00:50:21.122274+00,KPEDU,antero,HorseDrinker,1790643012,TankPressure_1_HB,16939
3062938,2026-09-29 00:50:21.122274+00,KPEDU,antero,HorseDrinker,1790643012,TankPressure_2_HB,17506
3062939,2026-09-29 00:50:21.122274+00,KPEDU,antero,HorseDrinker,1790643012,BowlPressure_HB,10255
3063112,2026-09-29 01:00:14.134098+00,KPEDU,antero,HorseDrinker,1790643612,TankPressure_1_HB,16960
3063113,2026-09-29 01:00:14.134098+00,KPEDU,antero,HorseDrinker,1790643612,TankPressure_2_HB,17531
3063114,2026-09-29 01:00:14.134098+00,KPEDU,antero,HorseDrinker,1790643612,BowlPressure_HB,10259
3063369,2026-09-29 01:10:14.097874+00,KPEDU,antero,HorseDrinker,1790644212,TankPressure_1_HB,16942
3063370,2026-09-29 01:10:14.097874+00,KPEDU,antero,HorseDrinker,1790644212,TankPressure_2_HB,17518
3063371,2026-09-29 01:10:14.097874+00,KPEDU,antero,HorseDrinker,1790644212,BowlPressure_HB,10263
3063706,2026-09-29 01:20:14.023395+00,KPEDU,antero,HorseDrinker,1790644812,TankPressure_1_HB,16993
3063707,2026-09-29 01:20:14.023395+00,KPEDU,antero,HorseDrinker,1790644812,TankPressure_2_HB,17576
3063708,2026-09-29 01:20:14.023395+00,KPEDU,antero,HorseDrinker,1790644812,BowlPressure_HB,10251
3063891,2026-09-29 01:30:14.020789+00,KPEDU,antero,HorseDrinker,1790645412,TankPressure_1_HB,16975
3063892,2026-09-29 01:30:14.020789+00,KPEDU,antero,HorseDrinker,1790645412,TankPressure_2_HB,17565
3063893,2026-09-29 01:30:14.020789+00,KPEDU,antero,HorseDrinker,1790645412,BowlPressure_HB,10261
3064118,2026-09-29 01:40:14.00995+00,KPEDU,antero,HorseDrinker,1790646012,TankPressure_1_HB,16939
3064119,2026-09-29 01:40:14.00995+00,KPEDU,antero,HorseDrinker,1790646012,TankPressure_2_HB,17523
3064120,2026-09-29 01:40:14.00995+00,KPEDU,antero,HorseDrinker,1790646012,BowlPressure_HB,10260
3064457,2026-09-29 01:50:14.100585+00,KPEDU,antero,HorseDrinker,1790646612,TankPressure_1_HB,16977
3052121,2026-09-28 16:30:13.875002+00,KPEDU,antero,HorseDrinker,1790613011,TankPressure_2_HB,17532
3052122,2026-09-28 16:30:13.875002+00,KPEDU,antero,HorseDrinker,1790613011,BowlPressure_HB,10260
3052359,2026-09-28 16:40:13.914111+00,KPEDU,antero,HorseDrinker,1790613611,TankPressure_1_HB,16945
3052360,2026-09-28 16:40:13.914111+00,KPEDU,antero,HorseDrinker,1790613611,TankPressure_2_HB,17615
3052361,2026-09-28 16:40:13.914111+00,KPEDU,antero,HorseDrinker,1790613611,BowlPressure_HB,10259
3052546,2026-09-28 16:50:13.905665+00,KPEDU,antero,HorseDrinker,1790614211,TankPressure_1_HB,16917
3052547,2026-09-28 16:50:13.905665+00,KPEDU,antero,HorseDrinker,1790614211,TankPressure_2_HB,17564
3052548,2026-09-28 16:50:13.905665+00,KPEDU,antero,HorseDrinker,1790614211,BowlPressure_HB,10262
3052723,2026-09-28 17:00:13.893068+00,KPEDU,antero,HorseDrinker,1790614811,TankPressure_1_HB,16957
3052724,2026-09-28 17:00:13.893068+00,KPEDU,antero,HorseDrinker,1790614811,TankPressure_2_HB,17603
3052725,2026-09-28 17:00:13.893068+00,KPEDU,antero,HorseDrinker,1790614811,BowlPressure_HB,10268
3052988,2026-09-28 17:10:13.961122+00,KPEDU,antero,HorseDrinker,1790615412,TankPressure_1_HB,16881
3052989,2026-09-28 17:10:13.961122+00,KPEDU,antero,HorseDrinker,1790615412,TankPressure_2_HB,17524
3052990,2026-09-28 17:10:13.961122+00,KPEDU,antero,HorseDrinker,1790615412,BowlPressure_HB,10254
3053165,2026-09-28 17:20:13.899448+00,KPEDU,antero,HorseDrinker,1790616012,TankPressure_1_HB,16910
3053166,2026-09-28 17:20:13.899448+00,KPEDU,antero,HorseDrinker,1790616012,TankPressure_2_HB,17564
3053167,2026-09-28 17:20:13.899448+00,KPEDU,antero,HorseDrinker,1790616012,BowlPressure_HB,10258
3053346,2026-09-28 17:30:13.804294+00,KPEDU,antero,HorseDrinker,1790616612,TankPressure_1_HB,16879
3053347,2026-09-28 17:30:13.804294+00,KPEDU,antero,HorseDrinker,1790616612,TankPressure_2_HB,17513
3053348,2026-09-28 17:30:13.804294+00,KPEDU,antero,HorseDrinker,1790616612,BowlPressure_HB,10257
3053613,2026-09-28 17:40:13.881147+00,KPEDU,antero,HorseDrinker,1790617212,TankPressure_1_HB,16897
3053614,2026-09-28 17:40:13.881147+00,KPEDU,antero,HorseDrinker,1790617212,TankPressure_2_HB,17537
3053615,2026-09-28 17:40:13.881147+00,KPEDU,antero,HorseDrinker,1790617212,BowlPressure_HB,10259
3053794,2026-09-28 17:50:14.112164+00,KPEDU,antero,HorseDrinker,1790617812,TankPressure_1_HB,16917
3053795,2026-09-28 17:50:14.112164+00,KPEDU,antero,HorseDrinker,1790617812,TankPressure_2_HB,17555
3053796,2026-09-28 17:50:14.112164+00,KPEDU,antero,HorseDrinker,1790617812,BowlPressure_HB,10257
3056912,2026-09-28 20:10:13.973399+00,KPEDU,antero,HorseDrinker,1790626212,TankPressure_1_HB,16899
3056913,2026-09-28 20:10:13.973399+00,KPEDU,antero,HorseDrinker,1790626212,TankPressure_2_HB,17498
3056914,2026-09-28 20:10:13.973399+00,KPEDU,antero,HorseDrinker,1790626212,BowlPressure_HB,10264
3057097,2026-09-28 20:20:13.937315+00,KPEDU,antero,HorseDrinker,1790626812,TankPressure_1_HB,16943
3057098,2026-09-28 20:20:13.937315+00,KPEDU,antero,HorseDrinker,1790626812,TankPressure_2_HB,17556
3057099,2026-09-28 20:20:13.937315+00,KPEDU,antero,HorseDrinker,1790626812,BowlPressure_HB,10257
3057270,2026-09-28 20:30:13.927195+00,KPEDU,antero,HorseDrinker,1790627412,TankPressure_1_HB,16921
3057271,2026-09-28 20:30:13.927195+00,KPEDU,antero,HorseDrinker,1790627412,TankPressure_2_HB,17517
3057272,2026-09-28 20:30:13.927195+00,KPEDU,antero,HorseDrinker,1790627412,BowlPressure_HB,10261
3057516,2026-09-28 20:40:13.85809+00,KPEDU,antero,HorseDrinker,1790628012,TankPressure_1_HB,16898
3057517,2026-09-28 20:40:13.85809+00,KPEDU,antero,HorseDrinker,1790628012,TankPressure_2_HB,17495
3057518,2026-09-28 20:40:13.85809+00,KPEDU,antero,HorseDrinker,1790628012,BowlPressure_HB,10257
3057689,2026-09-28 20:50:13.981781+00,KPEDU,antero,HorseDrinker,1790628612,TankPressure_1_HB,16895
3057690,2026-09-28 20:50:13.981781+00,KPEDU,antero,HorseDrinker,1790628612,TankPressure_2_HB,17506
3057691,2026-09-28 20:50:13.981781+00,KPEDU,antero,HorseDrinker,1790628612,BowlPressure_HB,10258
3057876,2026-09-28 21:00:14.019057+00,KPEDU,antero,HorseDrinker,1790629212,TankPressure_1_HB,16956
3057877,2026-09-28 21:00:14.019057+00,KPEDU,antero,HorseDrinker,1790629212,TankPressure_2_HB,17581
3057878,2026-09-28 21:00:14.019057+00,KPEDU,antero,HorseDrinker,1790629212,BowlPressure_HB,10263
3058103,2026-09-28 21:10:14.018757+00,KPEDU,antero,HorseDrinker,1790629812,TankPressure_1_HB,16931
3058104,2026-09-28 21:10:14.018757+00,KPEDU,antero,HorseDrinker,1790629812,TankPressure_2_HB,17540
3058105,2026-09-28 21:10:14.018757+00,KPEDU,antero,HorseDrinker,1790629812,BowlPressure_HB,10256
3058296,2026-09-28 21:20:13.999934+00,KPEDU,antero,HorseDrinker,1790630412,TankPressure_1_HB,16918
3058297,2026-09-28 21:20:13.999934+00,KPEDU,antero,HorseDrinker,1790630412,TankPressure_2_HB,17509
3058298,2026-09-28 21:20:13.999934+00,KPEDU,antero,HorseDrinker,1790630412,BowlPressure_HB,10263
3058459,2026-09-28 21:30:14.215353+00,KPEDU,antero,HorseDrinker,1790631012,TankPressure_1_HB,16892
3058460,2026-09-28 21:30:14.215353+00,KPEDU,antero,HorseDrinker,1790631012,TankPressure_2_HB,17492
3058461,2026-09-28 21:30:14.215353+00,KPEDU,antero,HorseDrinker,1790631012,BowlPressure_HB,10261
3058722,2026-09-28 21:40:13.945276+00,KPEDU,antero,HorseDrinker,1790631612,TankPressure_1_HB,16889
3058723,2026-09-28 21:40:13.945276+00,KPEDU,antero,HorseDrinker,1790631612,TankPressure_2_HB,17506
3058724,2026-09-28 21:40:13.945276+00,KPEDU,antero,HorseDrinker,1790631612,BowlPressure_HB,10262
3058901,2026-09-28 21:50:14.001388+00,KPEDU,antero,HorseDrinker,1790632212,TankPressure_1_HB,16920
3058902,2026-09-28 21:50:14.001388+00,KPEDU,antero,HorseDrinker,1790632212,TankPressure_2_HB,17524
3058903,2026-09-28 21:50:14.001388+00,KPEDU,antero,HorseDrinker,1790632212,BowlPressure_HB,10261
3059080,2026-09-28 22:00:13.975662+00,KPEDU,antero,HorseDrinker,1790632812,TankPressure_1_HB,16974
3059081,2026-09-28 22:00:13.975662+00,KPEDU,antero,HorseDrinker,1790632812,TankPressure_2_HB,17571
3059082,2026-09-28 22:00:13.975662+00,KPEDU,antero,HorseDrinker,1790632812,BowlPressure_HB,10267
3059353,2026-09-28 22:10:13.960495+00,KPEDU,antero,HorseDrinker,1790633412,TankPressure_1_HB,16945
3059354,2026-09-28 22:10:13.960495+00,KPEDU,antero,HorseDrinker,1790633412,TankPressure_2_HB,17558
3059355,2026-09-28 22:10:13.960495+00,KPEDU,antero,HorseDrinker,1790633412,BowlPressure_HB,10266
3059534,2026-09-28 22:20:13.932684+00,KPEDU,antero,HorseDrinker,1790634012,TankPressure_1_HB,16946
3059535,2026-09-28 22:20:13.932684+00,KPEDU,antero,HorseDrinker,1790634012,TankPressure_2_HB,17539
3059536,2026-09-28 22:20:13.932684+00,KPEDU,antero,HorseDrinker,1790634012,BowlPressure_HB,10260
3059715,2026-09-28 22:30:14.023656+00,KPEDU,antero,HorseDrinker,1790634612,TankPressure_1_HB,16931
3059716,2026-09-28 22:30:14.023656+00,KPEDU,antero,HorseDrinker,1790634612,TankPressure_2_HB,17526
3059717,2026-09-28 22:30:14.023656+00,KPEDU,antero,HorseDrinker,1790634612,BowlPressure_HB,10259
3059984,2026-09-28 22:40:13.963155+00,KPEDU,antero,HorseDrinker,1790635212,TankPressure_1_HB,16953
3059985,2026-09-28 22:40:13.963155+00,KPEDU,antero,HorseDrinker,1790635212,TankPressure_2_HB,17544
3059986,2026-09-28 22:40:13.963155+00,KPEDU,antero,HorseDrinker,1790635212,BowlPressure_HB,10251
3060173,2026-09-28 22:50:13.971013+00,KPEDU,antero,HorseDrinker,1790635812,TankPressure_1_HB,16935
3060174,2026-09-28 22:50:13.971013+00,KPEDU,antero,HorseDrinker,1790635812,TankPressure_2_HB,17532
3060175,2026-09-28 22:50:13.971013+00,KPEDU,antero,HorseDrinker,1790635812,BowlPressure_HB,10257
3060344,2026-09-28 23:00:14.032512+00,KPEDU,antero,HorseDrinker,1790636412,TankPressure_1_HB,16903
3060345,2026-09-28 23:00:14.032512+00,KPEDU,antero,HorseDrinker,1790636412,TankPressure_2_HB,17511
3060346,2026-09-28 23:00:14.032512+00,KPEDU,antero,HorseDrinker,1790636412,BowlPressure_HB,10260
3060603,2026-09-28 23:10:13.964273+00,KPEDU,antero,HorseDrinker,1790637012,TankPressure_1_HB,16898
3060604,2026-09-28 23:10:13.964273+00,KPEDU,antero,HorseDrinker,1790637012,TankPressure_2_HB,17495
3060605,2026-09-28 23:10:13.964273+00,KPEDU,antero,HorseDrinker,1790637012,BowlPressure_HB,10257
3060768,2026-09-28 23:20:14.049918+00,KPEDU,antero,HorseDrinker,1790637612,TankPressure_1_HB,16892
3060769,2026-09-28 23:20:14.049918+00,KPEDU,antero,HorseDrinker,1790637612,TankPressure_2_HB,17493
3060770,2026-09-28 23:20:14.049918+00,KPEDU,antero,HorseDrinker,1790637612,BowlPressure_HB,10263
3060961,2026-09-28 23:30:14.035398+00,KPEDU,antero,HorseDrinker,1790638212,TankPressure_1_HB,16951
3060962,2026-09-28 23:30:14.035398+00,KPEDU,antero,HorseDrinker,1790638212,TankPressure_2_HB,17528
3060963,2026-09-28 23:30:14.035398+00,KPEDU,antero,HorseDrinker,1790638212,BowlPressure_HB,10250
3061270,2026-09-28 23:40:14.031761+00,KPEDU,antero,HorseDrinker,1790638812,TankPressure_1_HB,16895
3061271,2026-09-28 23:40:14.031761+00,KPEDU,antero,HorseDrinker,1790638812,TankPressure_2_HB,17490
3061272,2026-09-28 23:40:14.031761+00,KPEDU,antero,HorseDrinker,1790638812,BowlPressure_HB,10263
3061492,2026-09-28 23:50:14.011452+00,KPEDU,antero,HorseDrinker,1790639412,TankPressure_1_HB,16891
3061493,2026-09-28 23:50:14.011452+00,KPEDU,antero,HorseDrinker,1790639412,TankPressure_2_HB,17482
3061494,2026-09-28 23:50:14.011452+00,KPEDU,antero,HorseDrinker,1790639412,BowlPressure_HB,10259
3061663,2026-09-29 00:00:14.040044+00,KPEDU,antero,HorseDrinker,1790640012,TankPressure_1_HB,16925
3061664,2026-09-29 00:00:14.040044+00,KPEDU,antero,HorseDrinker,1790640012,TankPressure_2_HB,17513
3061665,2026-09-29 00:00:14.040044+00,KPEDU,antero,HorseDrinker,1790640012,BowlPressure_HB,10263
3061921,2026-09-29 00:10:14.033946+00,KPEDU,antero,HorseDrinker,1790640612,TankPressure_1_HB,16864
3061922,2026-09-29 00:10:14.033946+00,KPEDU,antero,HorseDrinker,1790640612,TankPressure_2_HB,17456
3061923,2026-09-29 00:10:14.033946+00,KPEDU,antero,HorseDrinker,1790640612,BowlPressure_HB,10260
3073086,2026-09-29 08:30:14.234299+00,KPEDU,antero,HorseDrinker,1790670612,TankPressure_1_HB,17010
3073087,2026-09-29 08:30:14.234299+00,KPEDU,antero,HorseDrinker,1790670612,TankPressure_2_HB,17580
3073088,2026-09-29 08:30:14.234299+00,KPEDU,antero,HorseDrinker,1790670612,BowlPressure_HB,10279
3073326,2026-09-29 08:40:14.219997+00,KPEDU,antero,HorseDrinker,1790671212,TankPressure_1_HB,16914
3073327,2026-09-29 08:40:14.219997+00,KPEDU,antero,HorseDrinker,1790671212,TankPressure_2_HB,17486
3073328,2026-09-29 08:40:14.219997+00,KPEDU,antero,HorseDrinker,1790671212,BowlPressure_HB,10276
3073530,2026-09-29 08:50:14.279305+00,KPEDU,antero,HorseDrinker,1790671812,TankPressure_1_HB,16959
3073531,2026-09-29 08:50:14.279305+00,KPEDU,antero,HorseDrinker,1790671812,TankPressure_2_HB,17534
3073532,2026-09-29 08:50:14.279305+00,KPEDU,antero,HorseDrinker,1790671812,BowlPressure_HB,10267
3073701,2026-09-29 09:00:14.258398+00,KPEDU,antero,HorseDrinker,1790672412,TankPressure_1_HB,16972
3073702,2026-09-29 09:00:14.258398+00,KPEDU,antero,HorseDrinker,1790672412,TankPressure_2_HB,17532
3073703,2026-09-29 09:00:14.258398+00,KPEDU,antero,HorseDrinker,1790672412,BowlPressure_HB,10274
3073961,2026-09-29 09:10:14.220481+00,KPEDU,antero,HorseDrinker,1790673012,TankPressure_1_HB,16987
3073962,2026-09-29 09:10:14.220481+00,KPEDU,antero,HorseDrinker,1790673012,TankPressure_2_HB,17573
3073963,2026-09-29 09:10:14.220481+00,KPEDU,antero,HorseDrinker,1790673012,BowlPressure_HB,10264
3074165,2026-09-29 09:20:14.200559+00,KPEDU,antero,HorseDrinker,1790673612,TankPressure_1_HB,16950
3074166,2026-09-29 09:20:14.200559+00,KPEDU,antero,HorseDrinker,1790673612,TankPressure_2_HB,17526
3074167,2026-09-29 09:20:14.200559+00,KPEDU,antero,HorseDrinker,1790673612,BowlPressure_HB,10258
3074346,2026-09-29 09:30:14.253643+00,KPEDU,antero,HorseDrinker,1790674212,TankPressure_1_HB,16949
3074347,2026-09-29 09:30:14.253643+00,KPEDU,antero,HorseDrinker,1790674212,TankPressure_2_HB,17513
3074348,2026-09-29 09:30:14.253643+00,KPEDU,antero,HorseDrinker,1790674212,BowlPressure_HB,10270
3074576,2026-09-29 09:40:14.260898+00,KPEDU,antero,HorseDrinker,1790674812,TankPressure_1_HB,16980
3074577,2026-09-29 09:40:14.260898+00,KPEDU,antero,HorseDrinker,1790674812,TankPressure_2_HB,17553
3074578,2026-09-29 09:40:14.260898+00,KPEDU,antero,HorseDrinker,1790674812,BowlPressure_HB,10267
3074779,2026-09-29 09:50:14.215954+00,KPEDU,antero,HorseDrinker,1790675412,TankPressure_1_HB,17004
3074780,2026-09-29 09:50:14.215954+00,KPEDU,antero,HorseDrinker,1790675412,TankPressure_2_HB,17572
3074781,2026-09-29 09:50:14.215954+00,KPEDU,antero,HorseDrinker,1790675412,BowlPressure_HB,10276
3074962,2026-09-29 10:00:14.281509+00,KPEDU,antero,HorseDrinker,1790676012,TankPressure_1_HB,16945
3074963,2026-09-29 10:00:14.281509+00,KPEDU,antero,HorseDrinker,1790676012,TankPressure_2_HB,17519
3074964,2026-09-29 10:00:14.281509+00,KPEDU,antero,HorseDrinker,1790676012,BowlPressure_HB,10268
3075210,2026-09-29 10:10:14.278627+00,KPEDU,antero,HorseDrinker,1790676612,TankPressure_1_HB,16986
3075211,2026-09-29 10:10:14.278627+00,KPEDU,antero,HorseDrinker,1790676612,TankPressure_2_HB,17541
3075212,2026-09-29 10:10:14.278627+00,KPEDU,antero,HorseDrinker,1790676612,BowlPressure_HB,10295
3075414,2026-09-29 10:20:14.210103+00,KPEDU,antero,HorseDrinker,1790677212,TankPressure_1_HB,16970
3075415,2026-09-29 10:20:14.210103+00,KPEDU,antero,HorseDrinker,1790677212,TankPressure_2_HB,17526
3075416,2026-09-29 10:20:14.210103+00,KPEDU,antero,HorseDrinker,1790677212,BowlPressure_HB,10266
3075591,2026-09-29 10:30:15.54711+00,KPEDU,antero,HorseDrinker,1790677812,TankPressure_1_HB,16885
3075592,2026-09-29 10:30:15.54711+00,KPEDU,antero,HorseDrinker,1790677812,TankPressure_2_HB,17447
3075593,2026-09-29 10:30:15.54711+00,KPEDU,antero,HorseDrinker,1790677812,BowlPressure_HB,10264
3075859,2026-09-29 10:40:14.280644+00,KPEDU,antero,HorseDrinker,1790678412,TankPressure_1_HB,16956
3075860,2026-09-29 10:40:14.280644+00,KPEDU,antero,HorseDrinker,1790678412,TankPressure_2_HB,17514
3075861,2026-09-29 10:40:14.280644+00,KPEDU,antero,HorseDrinker,1790678412,BowlPressure_HB,10266
3076040,2026-09-29 10:50:14.238389+00,KPEDU,antero,HorseDrinker,1790679012,TankPressure_1_HB,16988
3076041,2026-09-29 10:50:14.238389+00,KPEDU,antero,HorseDrinker,1790679012,TankPressure_2_HB,17547
3076042,2026-09-29 10:50:14.238389+00,KPEDU,antero,HorseDrinker,1790679012,BowlPressure_HB,10266
3076230,2026-09-29 11:00:14.299218+00,KPEDU,antero,HorseDrinker,1790679612,TankPressure_1_HB,16951
3076231,2026-09-29 11:00:14.299218+00,KPEDU,antero,HorseDrinker,1790679612,TankPressure_2_HB,17514
3076232,2026-09-29 11:00:14.299218+00,KPEDU,antero,HorseDrinker,1790679612,BowlPressure_HB,10269
3076484,2026-09-29 11:10:14.308258+00,KPEDU,antero,HorseDrinker,1790680212,TankPressure_1_HB,16935
3076485,2026-09-29 11:10:14.308258+00,KPEDU,antero,HorseDrinker,1790680212,TankPressure_2_HB,17500
3076486,2026-09-29 11:10:14.308258+00,KPEDU,antero,HorseDrinker,1790680212,BowlPressure_HB,10266
3076657,2026-09-29 11:20:14.239264+00,KPEDU,antero,HorseDrinker,1790680812,TankPressure_1_HB,16975
3076658,2026-09-29 11:20:14.239264+00,KPEDU,antero,HorseDrinker,1790680812,TankPressure_2_HB,17542
3076659,2026-09-29 11:20:14.239264+00,KPEDU,antero,HorseDrinker,1790680812,BowlPressure_HB,10263
3076861,2026-09-29 11:30:14.322167+00,KPEDU,antero,HorseDrinker,1790681412,TankPressure_1_HB,16992
3076862,2026-09-29 11:30:14.322167+00,KPEDU,antero,HorseDrinker,1790681412,TankPressure_2_HB,17543
3076863,2026-09-29 11:30:14.322167+00,KPEDU,antero,HorseDrinker,1790681412,BowlPressure_HB,10267
3077125,2026-09-29 11:40:14.37524+00,KPEDU,antero,HorseDrinker,1790682012,TankPressure_1_HB,16955
3077126,2026-09-29 11:40:14.37524+00,KPEDU,antero,HorseDrinker,1790682012,TankPressure_2_HB,17509
3077127,2026-09-29 11:40:14.37524+00,KPEDU,antero,HorseDrinker,1790682012,BowlPressure_HB,10279
3077294,2026-09-29 11:50:14.293764+00,KPEDU,antero,HorseDrinker,1790682612,TankPressure_1_HB,16980
3077295,2026-09-29 11:50:14.293764+00,KPEDU,antero,HorseDrinker,1790682612,TankPressure_2_HB,17539
3077296,2026-09-29 11:50:14.293764+00,KPEDU,antero,HorseDrinker,1790682612,BowlPressure_HB,10289
3077492,2026-09-29 12:00:14.263141+00,KPEDU,antero,HorseDrinker,1790683212,TankPressure_1_HB,16997
3077493,2026-09-29 12:00:14.263141+00,KPEDU,antero,HorseDrinker,1790683212,TankPressure_2_HB,17570
3077494,2026-09-29 12:00:14.263141+00,KPEDU,antero,HorseDrinker,1790683212,BowlPressure_HB,10282
3077728,2026-09-29 12:10:14.27004+00,KPEDU,antero,HorseDrinker,1790683812,TankPressure_1_HB,16926
3077729,2026-09-29 12:10:14.27004+00,KPEDU,antero,HorseDrinker,1790683812,TankPressure_2_HB,17509
3077730,2026-09-29 12:10:14.27004+00,KPEDU,antero,HorseDrinker,1790683812,BowlPressure_HB,10278
3077913,2026-09-29 12:20:14.289056+00,KPEDU,antero,HorseDrinker,1790684412,TankPressure_1_HB,16981
3077914,2026-09-29 12:20:14.289056+00,KPEDU,antero,HorseDrinker,1790684412,TankPressure_2_HB,17555
3077915,2026-09-29 12:20:14.289056+00,KPEDU,antero,HorseDrinker,1790684412,BowlPressure_HB,10265
3078101,2026-09-29 12:30:14.275405+00,KPEDU,antero,HorseDrinker,1790685012,TankPressure_1_HB,16933
3078102,2026-09-29 12:30:14.275405+00,KPEDU,antero,HorseDrinker,1790685012,TankPressure_2_HB,17489
3078103,2026-09-29 12:30:14.275405+00,KPEDU,antero,HorseDrinker,1790685012,BowlPressure_HB,10264
3078355,2026-09-29 12:40:14.350386+00,KPEDU,antero,HorseDrinker,1790685612,TankPressure_1_HB,16946
3078356,2026-09-29 12:40:14.350386+00,KPEDU,antero,HorseDrinker,1790685612,TankPressure_2_HB,17527
3078357,2026-09-29 12:40:14.350386+00,KPEDU,antero,HorseDrinker,1790685612,BowlPressure_HB,10266
3078534,2026-09-29 12:50:14.329448+00,KPEDU,antero,HorseDrinker,1790686212,TankPressure_1_HB,16969
3078535,2026-09-29 12:50:14.329448+00,KPEDU,antero,HorseDrinker,1790686212,TankPressure_2_HB,17536
3078536,2026-09-29 12:50:14.329448+00,KPEDU,antero,HorseDrinker,1790686212,BowlPressure_HB,10267
3084253,2026-09-29 17:20:14.450242+00,KPEDU,antero,HorseDrinker,1790702412,TankPressure_1_HB,16951
3084254,2026-09-29 17:20:14.450242+00,KPEDU,antero,HorseDrinker,1790702412,TankPressure_2_HB,16013
3084255,2026-09-29 17:20:14.450242+00,KPEDU,antero,HorseDrinker,1790702412,BowlPressure_HB,10247
3084434,2026-09-29 17:30:14.416459+00,KPEDU,antero,HorseDrinker,1790703012,TankPressure_1_HB,17014
3084435,2026-09-29 17:30:14.416459+00,KPEDU,antero,HorseDrinker,1790703012,TankPressure_2_HB,16080
3084436,2026-09-29 17:30:14.416459+00,KPEDU,antero,HorseDrinker,1790703012,BowlPressure_HB,10249
3084662,2026-09-29 17:40:14.459442+00,KPEDU,antero,HorseDrinker,1790703612,TankPressure_1_HB,16935
3084663,2026-09-29 17:40:14.459442+00,KPEDU,antero,HorseDrinker,1790703612,TankPressure_2_HB,16004
3084664,2026-09-29 17:40:14.459442+00,KPEDU,antero,HorseDrinker,1790703612,BowlPressure_HB,10249
3084849,2026-09-29 17:50:14.465949+00,KPEDU,antero,HorseDrinker,1790704212,TankPressure_1_HB,16904
3064458,2026-09-29 01:50:14.100585+00,KPEDU,antero,HorseDrinker,1790646612,TankPressure_2_HB,17547
3064459,2026-09-29 01:50:14.100585+00,KPEDU,antero,HorseDrinker,1790646612,BowlPressure_HB,10267
3064648,2026-09-29 02:00:14.160537+00,KPEDU,antero,HorseDrinker,1790647212,TankPressure_1_HB,16933
3064649,2026-09-29 02:00:14.160537+00,KPEDU,antero,HorseDrinker,1790647212,TankPressure_2_HB,17513
3064650,2026-09-29 02:00:14.160537+00,KPEDU,antero,HorseDrinker,1790647212,BowlPressure_HB,10264
3064884,2026-09-29 02:10:14.144038+00,KPEDU,antero,HorseDrinker,1790647812,TankPressure_1_HB,16940
3064885,2026-09-29 02:10:14.144038+00,KPEDU,antero,HorseDrinker,1790647812,TankPressure_2_HB,17514
3064886,2026-09-29 02:10:14.144038+00,KPEDU,antero,HorseDrinker,1790647812,BowlPressure_HB,10267
3065228,2026-09-29 02:20:14.107955+00,KPEDU,antero,HorseDrinker,1790648412,TankPressure_1_HB,16917
3065229,2026-09-29 02:20:14.107955+00,KPEDU,antero,HorseDrinker,1790648412,TankPressure_2_HB,17478
3065230,2026-09-29 02:20:14.107955+00,KPEDU,antero,HorseDrinker,1790648412,BowlPressure_HB,10270
3065399,2026-09-29 02:30:14.033497+00,KPEDU,antero,HorseDrinker,1790649012,TankPressure_1_HB,16985
3065400,2026-09-29 02:30:14.033497+00,KPEDU,antero,HorseDrinker,1790649012,TankPressure_2_HB,17553
3065401,2026-09-29 02:30:14.033497+00,KPEDU,antero,HorseDrinker,1790649012,BowlPressure_HB,10273
3065639,2026-09-29 02:40:14.14133+00,KPEDU,antero,HorseDrinker,1790649612,TankPressure_1_HB,16948
3065640,2026-09-29 02:40:14.14133+00,KPEDU,antero,HorseDrinker,1790649612,TankPressure_2_HB,17546
3065641,2026-09-29 02:40:14.14133+00,KPEDU,antero,HorseDrinker,1790649612,BowlPressure_HB,10271
3065905,2026-09-29 02:50:14.083708+00,KPEDU,antero,HorseDrinker,1790650212,TankPressure_1_HB,16934
3065906,2026-09-29 02:50:14.083708+00,KPEDU,antero,HorseDrinker,1790650212,TankPressure_2_HB,17518
3065907,2026-09-29 02:50:14.083708+00,KPEDU,antero,HorseDrinker,1790650212,BowlPressure_HB,10275
3066150,2026-09-29 03:00:14.00771+00,KPEDU,antero,HorseDrinker,1790650812,TankPressure_1_HB,16966
3066151,2026-09-29 03:00:14.00771+00,KPEDU,antero,HorseDrinker,1790650812,TankPressure_2_HB,17551
3066152,2026-09-29 03:00:14.00771+00,KPEDU,antero,HorseDrinker,1790650812,BowlPressure_HB,10276
3066364,2026-09-29 03:10:14.062738+00,KPEDU,antero,HorseDrinker,1790651412,TankPressure_1_HB,16914
3066365,2026-09-29 03:10:14.062738+00,KPEDU,antero,HorseDrinker,1790651412,TankPressure_2_HB,17479
3066366,2026-09-29 03:10:14.062738+00,KPEDU,antero,HorseDrinker,1790651412,BowlPressure_HB,10272
3066523,2026-09-29 03:20:14.105119+00,KPEDU,antero,HorseDrinker,1790652012,TankPressure_1_HB,16942
3066524,2026-09-29 03:20:14.105119+00,KPEDU,antero,HorseDrinker,1790652012,TankPressure_2_HB,17520
3066525,2026-09-29 03:20:14.105119+00,KPEDU,antero,HorseDrinker,1790652012,BowlPressure_HB,10267
3066707,2026-09-29 03:30:14.310787+00,KPEDU,antero,HorseDrinker,1790652612,TankPressure_1_HB,16962
3066708,2026-09-29 03:30:14.310787+00,KPEDU,antero,HorseDrinker,1790652612,TankPressure_2_HB,17542
3066709,2026-09-29 03:30:14.310787+00,KPEDU,antero,HorseDrinker,1790652612,BowlPressure_HB,10275
3066959,2026-09-29 03:40:14.097912+00,KPEDU,antero,HorseDrinker,1790653212,TankPressure_1_HB,16959
3066960,2026-09-29 03:40:14.097912+00,KPEDU,antero,HorseDrinker,1790653212,TankPressure_2_HB,17537
3066961,2026-09-29 03:40:14.097912+00,KPEDU,antero,HorseDrinker,1790653212,BowlPressure_HB,10275
3067134,2026-09-29 03:50:14.189868+00,KPEDU,antero,HorseDrinker,1790653812,TankPressure_1_HB,16885
3067135,2026-09-29 03:50:14.189868+00,KPEDU,antero,HorseDrinker,1790653812,TankPressure_2_HB,17457
3067136,2026-09-29 03:50:14.189868+00,KPEDU,antero,HorseDrinker,1790653812,BowlPressure_HB,10268
3067470,2026-09-29 04:00:14.123781+00,KPEDU,antero,HorseDrinker,1790654412,TankPressure_1_HB,16942
3067471,2026-09-29 04:00:14.123781+00,KPEDU,antero,HorseDrinker,1790654412,TankPressure_2_HB,17511
3067472,2026-09-29 04:00:14.123781+00,KPEDU,antero,HorseDrinker,1790654412,BowlPressure_HB,10276
3067714,2026-09-29 04:10:14.098421+00,KPEDU,antero,HorseDrinker,1790655012,TankPressure_1_HB,16979
3067715,2026-09-29 04:10:14.098421+00,KPEDU,antero,HorseDrinker,1790655012,TankPressure_2_HB,17540
3067716,2026-09-29 04:10:14.098421+00,KPEDU,antero,HorseDrinker,1790655012,BowlPressure_HB,10271
3067889,2026-09-29 04:20:14.181087+00,KPEDU,antero,HorseDrinker,1790655612,TankPressure_1_HB,16971
3067890,2026-09-29 04:20:14.181087+00,KPEDU,antero,HorseDrinker,1790655612,TankPressure_2_HB,17528
3067891,2026-09-29 04:20:14.181087+00,KPEDU,antero,HorseDrinker,1790655612,BowlPressure_HB,10275
3068086,2026-09-29 04:30:14.133984+00,KPEDU,antero,HorseDrinker,1790656212,TankPressure_1_HB,16926
3068087,2026-09-29 04:30:14.133984+00,KPEDU,antero,HorseDrinker,1790656212,TankPressure_2_HB,17503
3068088,2026-09-29 04:30:14.133984+00,KPEDU,antero,HorseDrinker,1790656212,BowlPressure_HB,10275
3068312,2026-09-29 04:40:14.129813+00,KPEDU,antero,HorseDrinker,1790656812,TankPressure_1_HB,16954
3068313,2026-09-29 04:40:14.129813+00,KPEDU,antero,HorseDrinker,1790656812,TankPressure_2_HB,17524
3068314,2026-09-29 04:40:14.129813+00,KPEDU,antero,HorseDrinker,1790656812,BowlPressure_HB,10279
3068501,2026-09-29 04:50:14.176232+00,KPEDU,antero,HorseDrinker,1790657412,TankPressure_1_HB,16917
3068502,2026-09-29 04:50:14.176232+00,KPEDU,antero,HorseDrinker,1790657412,TankPressure_2_HB,17481
3068503,2026-09-29 04:50:14.176232+00,KPEDU,antero,HorseDrinker,1790657412,BowlPressure_HB,10272
3068681,2026-09-29 05:00:14.159823+00,KPEDU,antero,HorseDrinker,1790658012,TankPressure_1_HB,16965
3068682,2026-09-29 05:00:14.159823+00,KPEDU,antero,HorseDrinker,1790658012,TankPressure_2_HB,17545
3068683,2026-09-29 05:00:14.159823+00,KPEDU,antero,HorseDrinker,1790658012,BowlPressure_HB,10267
3068943,2026-09-29 05:10:14.188269+00,KPEDU,antero,HorseDrinker,1790658612,TankPressure_1_HB,16990
3068944,2026-09-29 05:10:14.188269+00,KPEDU,antero,HorseDrinker,1790658612,TankPressure_2_HB,17564
3068945,2026-09-29 05:10:14.188269+00,KPEDU,antero,HorseDrinker,1790658612,BowlPressure_HB,10269
3069114,2026-09-29 05:20:14.23589+00,KPEDU,antero,HorseDrinker,1790659212,TankPressure_1_HB,16967
3069115,2026-09-29 05:20:14.23589+00,KPEDU,antero,HorseDrinker,1790659212,TankPressure_2_HB,17561
3069116,2026-09-29 05:20:14.23589+00,KPEDU,antero,HorseDrinker,1790659212,BowlPressure_HB,10278
3069306,2026-09-29 05:30:14.194611+00,KPEDU,antero,HorseDrinker,1790659812,TankPressure_1_HB,16933
3069307,2026-09-29 05:30:14.194611+00,KPEDU,antero,HorseDrinker,1790659812,TankPressure_2_HB,17510
3069308,2026-09-29 05:30:14.194611+00,KPEDU,antero,HorseDrinker,1790659812,BowlPressure_HB,10282
3069562,2026-09-29 05:40:14.174868+00,KPEDU,antero,HorseDrinker,1790660412,TankPressure_1_HB,16913
3069563,2026-09-29 05:40:14.174868+00,KPEDU,antero,HorseDrinker,1790660412,TankPressure_2_HB,17499
3069564,2026-09-29 05:40:14.174868+00,KPEDU,antero,HorseDrinker,1790660412,BowlPressure_HB,10274
3069752,2026-09-29 05:50:14.255702+00,KPEDU,antero,HorseDrinker,1790661012,TankPressure_1_HB,16926
3069753,2026-09-29 05:50:14.255702+00,KPEDU,antero,HorseDrinker,1790661012,TankPressure_2_HB,17524
3069754,2026-09-29 05:50:14.255702+00,KPEDU,antero,HorseDrinker,1790661012,BowlPressure_HB,10274
3069935,2026-09-29 06:00:14.181807+00,KPEDU,antero,HorseDrinker,1790661612,TankPressure_1_HB,16948
3069936,2026-09-29 06:00:14.181807+00,KPEDU,antero,HorseDrinker,1790661612,TankPressure_2_HB,17548
3069937,2026-09-29 06:00:14.181807+00,KPEDU,antero,HorseDrinker,1790661612,BowlPressure_HB,10276
3070185,2026-09-29 06:10:14.222618+00,KPEDU,antero,HorseDrinker,1790662212,TankPressure_1_HB,16959
3070186,2026-09-29 06:10:14.222618+00,KPEDU,antero,HorseDrinker,1790662212,TankPressure_2_HB,17552
3070187,2026-09-29 06:10:14.222618+00,KPEDU,antero,HorseDrinker,1790662212,BowlPressure_HB,10278
3070381,2026-09-29 06:20:14.170041+00,KPEDU,antero,HorseDrinker,1790662812,TankPressure_1_HB,16921
3070382,2026-09-29 06:20:14.170041+00,KPEDU,antero,HorseDrinker,1790662812,TankPressure_2_HB,17510
3070383,2026-09-29 06:20:14.170041+00,KPEDU,antero,HorseDrinker,1790662812,BowlPressure_HB,10280
3070560,2026-09-29 06:30:14.21547+00,KPEDU,antero,HorseDrinker,1790663412,TankPressure_1_HB,16928
3070561,2026-09-29 06:30:14.21547+00,KPEDU,antero,HorseDrinker,1790663412,TankPressure_2_HB,17529
3070562,2026-09-29 06:30:14.21547+00,KPEDU,antero,HorseDrinker,1790663412,BowlPressure_HB,10278
3070808,2026-09-29 06:40:14.315825+00,KPEDU,antero,HorseDrinker,1790664012,TankPressure_1_HB,16967
3070809,2026-09-29 06:40:14.315825+00,KPEDU,antero,HorseDrinker,1790664012,TankPressure_2_HB,17561
3070810,2026-09-29 06:40:14.315825+00,KPEDU,antero,HorseDrinker,1790664012,BowlPressure_HB,10274
3071024,2026-09-29 06:50:14.271281+00,KPEDU,antero,HorseDrinker,1790664612,TankPressure_1_HB,16950
3071025,2026-09-29 06:50:14.271281+00,KPEDU,antero,HorseDrinker,1790664612,TankPressure_2_HB,17538
3071026,2026-09-29 06:50:14.271281+00,KPEDU,antero,HorseDrinker,1790664612,BowlPressure_HB,10274
3071199,2026-09-29 07:00:14.070666+00,KPEDU,antero,HorseDrinker,1790665212,TankPressure_1_HB,17007
3071200,2026-09-29 07:00:14.070666+00,KPEDU,antero,HorseDrinker,1790665212,TankPressure_2_HB,17597
3071201,2026-09-29 07:00:14.070666+00,KPEDU,antero,HorseDrinker,1790665212,BowlPressure_HB,10268
3071439,2026-09-29 07:10:14.417019+00,KPEDU,antero,HorseDrinker,1790665812,TankPressure_1_HB,16951
3071440,2026-09-29 07:10:14.417019+00,KPEDU,antero,HorseDrinker,1790665812,TankPressure_2_HB,17556
3071441,2026-09-29 07:10:14.417019+00,KPEDU,antero,HorseDrinker,1790665812,BowlPressure_HB,10267
3071635,2026-09-29 07:20:14.191612+00,KPEDU,antero,HorseDrinker,1790666412,TankPressure_1_HB,16955
3071636,2026-09-29 07:20:14.191612+00,KPEDU,antero,HorseDrinker,1790666412,TankPressure_2_HB,17543
3071637,2026-09-29 07:20:14.191612+00,KPEDU,antero,HorseDrinker,1790666412,BowlPressure_HB,10263
3071818,2026-09-29 07:30:14.288074+00,KPEDU,antero,HorseDrinker,1790667012,TankPressure_1_HB,16970
3071819,2026-09-29 07:30:14.288074+00,KPEDU,antero,HorseDrinker,1790667012,TankPressure_2_HB,17581
3071820,2026-09-29 07:30:14.288074+00,KPEDU,antero,HorseDrinker,1790667012,BowlPressure_HB,10257
3072066,2026-09-29 07:40:14.252123+00,KPEDU,antero,HorseDrinker,1790667612,TankPressure_1_HB,16917
3072067,2026-09-29 07:40:14.252123+00,KPEDU,antero,HorseDrinker,1790667612,TankPressure_2_HB,17527
3072068,2026-09-29 07:40:14.252123+00,KPEDU,antero,HorseDrinker,1790667612,BowlPressure_HB,10266
3072270,2026-09-29 07:50:14.327465+00,KPEDU,antero,HorseDrinker,1790668212,TankPressure_1_HB,17007
3072271,2026-09-29 07:50:14.327465+00,KPEDU,antero,HorseDrinker,1790668212,TankPressure_2_HB,17595
3072272,2026-09-29 07:50:14.327465+00,KPEDU,antero,HorseDrinker,1790668212,BowlPressure_HB,10254
3072453,2026-09-29 08:00:14.315994+00,KPEDU,antero,HorseDrinker,1790668812,TankPressure_1_HB,16924
3072454,2026-09-29 08:00:14.315994+00,KPEDU,antero,HorseDrinker,1790668812,TankPressure_2_HB,17521
3072455,2026-09-29 08:00:14.315994+00,KPEDU,antero,HorseDrinker,1790668812,BowlPressure_HB,10256
3072697,2026-09-29 08:10:14.286837+00,KPEDU,antero,HorseDrinker,1790669412,TankPressure_1_HB,16966
3072698,2026-09-29 08:10:14.286837+00,KPEDU,antero,HorseDrinker,1790669412,TankPressure_2_HB,17527
3072699,2026-09-29 08:10:14.286837+00,KPEDU,antero,HorseDrinker,1790669412,BowlPressure_HB,10256
3072917,2026-09-29 08:20:14.235588+00,KPEDU,antero,HorseDrinker,1790670012,TankPressure_1_HB,16972
3072918,2026-09-29 08:20:14.235588+00,KPEDU,antero,HorseDrinker,1790670012,TankPressure_2_HB,17533
3072919,2026-09-29 08:20:14.235588+00,KPEDU,antero,HorseDrinker,1790670012,BowlPressure_HB,10273
3078726,2026-09-29 13:00:14.311188+00,KPEDU,antero,HorseDrinker,1790686812,TankPressure_1_HB,16998
3078727,2026-09-29 13:00:14.311188+00,KPEDU,antero,HorseDrinker,1790686812,TankPressure_2_HB,17559
3078728,2026-09-29 13:00:14.311188+00,KPEDU,antero,HorseDrinker,1790686812,BowlPressure_HB,10269
3078965,2026-09-29 13:10:14.299161+00,KPEDU,antero,HorseDrinker,1790687412,TankPressure_1_HB,16917
3078966,2026-09-29 13:10:14.299161+00,KPEDU,antero,HorseDrinker,1790687412,TankPressure_2_HB,17485
3078967,2026-09-29 13:10:14.299161+00,KPEDU,antero,HorseDrinker,1790687412,BowlPressure_HB,10265
3079146,2026-09-29 13:20:14.365177+00,KPEDU,antero,HorseDrinker,1790688012,TankPressure_1_HB,16966
3079147,2026-09-29 13:20:14.365177+00,KPEDU,antero,HorseDrinker,1790688012,TankPressure_2_HB,17523
3079148,2026-09-29 13:20:14.365177+00,KPEDU,antero,HorseDrinker,1790688012,BowlPressure_HB,10270
3079335,2026-09-29 13:30:14.343468+00,KPEDU,antero,HorseDrinker,1790688612,TankPressure_1_HB,16901
3079336,2026-09-29 13:30:14.343468+00,KPEDU,antero,HorseDrinker,1790688612,TankPressure_2_HB,17488
3079337,2026-09-29 13:30:14.343468+00,KPEDU,antero,HorseDrinker,1790688612,BowlPressure_HB,10259
3079582,2026-09-29 13:40:14.314112+00,KPEDU,antero,HorseDrinker,1790689212,TankPressure_1_HB,17015
3079583,2026-09-29 13:40:14.314112+00,KPEDU,antero,HorseDrinker,1790689212,TankPressure_2_HB,17598
3079584,2026-09-29 13:40:14.314112+00,KPEDU,antero,HorseDrinker,1790689212,BowlPressure_HB,10261
3079763,2026-09-29 13:50:14.389706+00,KPEDU,antero,HorseDrinker,1790689812,TankPressure_1_HB,17009
3079764,2026-09-29 13:50:14.389706+00,KPEDU,antero,HorseDrinker,1790689812,TankPressure_2_HB,17576
3079765,2026-09-29 13:50:14.389706+00,KPEDU,antero,HorseDrinker,1790689812,BowlPressure_HB,10266
3079940,2026-09-29 14:00:14.390275+00,KPEDU,antero,HorseDrinker,1790690412,TankPressure_1_HB,16968
3079941,2026-09-29 14:00:14.390275+00,KPEDU,antero,HorseDrinker,1790690412,TankPressure_2_HB,17526
3079942,2026-09-29 14:00:14.390275+00,KPEDU,antero,HorseDrinker,1790690412,BowlPressure_HB,10264
3080184,2026-09-29 14:10:14.334775+00,KPEDU,antero,HorseDrinker,1790691012,TankPressure_1_HB,16985
3080185,2026-09-29 14:10:14.334775+00,KPEDU,antero,HorseDrinker,1790691012,TankPressure_2_HB,17555
3080186,2026-09-29 14:10:14.334775+00,KPEDU,antero,HorseDrinker,1790691012,BowlPressure_HB,10260
3080369,2026-09-29 14:20:14.413087+00,KPEDU,antero,HorseDrinker,1790691612,TankPressure_1_HB,16882
3080370,2026-09-29 14:20:14.413087+00,KPEDU,antero,HorseDrinker,1790691612,TankPressure_2_HB,17459
3080371,2026-09-29 14:20:14.413087+00,KPEDU,antero,HorseDrinker,1790691612,BowlPressure_HB,10255
3080542,2026-09-29 14:30:14.385459+00,KPEDU,antero,HorseDrinker,1790692212,TankPressure_1_HB,16967
3080543,2026-09-29 14:30:14.385459+00,KPEDU,antero,HorseDrinker,1790692212,TankPressure_2_HB,17536
3080544,2026-09-29 14:30:14.385459+00,KPEDU,antero,HorseDrinker,1790692212,BowlPressure_HB,10279
3080802,2026-09-29 14:40:14.395203+00,KPEDU,antero,HorseDrinker,1790692812,TankPressure_1_HB,16953
3084850,2026-09-29 17:50:14.465949+00,KPEDU,antero,HorseDrinker,1790704212,TankPressure_2_HB,15968
3084851,2026-09-29 17:50:14.465949+00,KPEDU,antero,HorseDrinker,1790704212,BowlPressure_HB,10261
3085026,2026-09-29 18:00:14.433636+00,KPEDU,antero,HorseDrinker,1790704812,TankPressure_1_HB,16921
3085027,2026-09-29 18:00:14.433636+00,KPEDU,antero,HorseDrinker,1790704812,TankPressure_2_HB,15974
3085028,2026-09-29 18:00:14.433636+00,KPEDU,antero,HorseDrinker,1790704812,BowlPressure_HB,10253
3085282,2026-09-29 18:10:14.405076+00,KPEDU,antero,HorseDrinker,1790705412,TankPressure_1_HB,16923
3085283,2026-09-29 18:10:14.405076+00,KPEDU,antero,HorseDrinker,1790705412,TankPressure_2_HB,15993
3085284,2026-09-29 18:10:14.405076+00,KPEDU,antero,HorseDrinker,1790705412,BowlPressure_HB,10253
3085623,2026-09-29 18:20:14.49739+00,KPEDU,antero,HorseDrinker,1790706012,TankPressure_1_HB,16926
3085624,2026-09-29 18:20:14.49739+00,KPEDU,antero,HorseDrinker,1790706012,TankPressure_2_HB,15991
3085625,2026-09-29 18:20:14.49739+00,KPEDU,antero,HorseDrinker,1790706012,BowlPressure_HB,10255
3085806,2026-09-29 18:30:14.445866+00,KPEDU,antero,HorseDrinker,1790706612,TankPressure_1_HB,16890
3085807,2026-09-29 18:30:14.445866+00,KPEDU,antero,HorseDrinker,1790706612,TankPressure_2_HB,15951
3085808,2026-09-29 18:30:14.445866+00,KPEDU,antero,HorseDrinker,1790706612,BowlPressure_HB,10246
3086044,2026-09-29 18:40:14.38339+00,KPEDU,antero,HorseDrinker,1790707212,TankPressure_1_HB,16887
3086045,2026-09-29 18:40:14.38339+00,KPEDU,antero,HorseDrinker,1790707212,TankPressure_2_HB,15964
3086046,2026-09-29 18:40:14.38339+00,KPEDU,antero,HorseDrinker,1790707212,BowlPressure_HB,10255
3086374,2026-09-29 18:50:14.386932+00,KPEDU,antero,HorseDrinker,1790707812,TankPressure_1_HB,16904
3086375,2026-09-29 18:50:14.386932+00,KPEDU,antero,HorseDrinker,1790707812,TankPressure_2_HB,15968
3086376,2026-09-29 18:50:14.386932+00,KPEDU,antero,HorseDrinker,1790707812,BowlPressure_HB,10248
3086563,2026-09-29 19:00:14.492013+00,KPEDU,antero,HorseDrinker,1790708412,TankPressure_1_HB,16865
3086564,2026-09-29 19:00:14.492013+00,KPEDU,antero,HorseDrinker,1790708412,TankPressure_2_HB,15932
3086565,2026-09-29 19:00:14.492013+00,KPEDU,antero,HorseDrinker,1790708412,BowlPressure_HB,10251
3086819,2026-09-29 19:10:14.408548+00,KPEDU,antero,HorseDrinker,1790709012,TankPressure_1_HB,16886
3086820,2026-09-29 19:10:14.408548+00,KPEDU,antero,HorseDrinker,1790709012,TankPressure_2_HB,15967
3086821,2026-09-29 19:10:14.408548+00,KPEDU,antero,HorseDrinker,1790709012,BowlPressure_HB,10244
3087158,2026-09-29 19:20:14.485886+00,KPEDU,antero,HorseDrinker,1790709612,TankPressure_1_HB,16933
3087159,2026-09-29 19:20:14.485886+00,KPEDU,antero,HorseDrinker,1790709612,TankPressure_2_HB,16003
3087160,2026-09-29 19:20:14.485886+00,KPEDU,antero,HorseDrinker,1790709612,BowlPressure_HB,10248
3087323,2026-09-29 19:30:14.4923+00,KPEDU,antero,HorseDrinker,1790710212,TankPressure_1_HB,16903
3087324,2026-09-29 19:30:14.4923+00,KPEDU,antero,HorseDrinker,1790710212,TankPressure_2_HB,15966
3087325,2026-09-29 19:30:14.4923+00,KPEDU,antero,HorseDrinker,1790710212,BowlPressure_HB,10242
3087582,2026-09-29 19:40:14.460543+00,KPEDU,antero,HorseDrinker,1790710812,TankPressure_1_HB,16905
3087583,2026-09-29 19:40:14.460543+00,KPEDU,antero,HorseDrinker,1790710812,TankPressure_2_HB,15973
3087584,2026-09-29 19:40:14.460543+00,KPEDU,antero,HorseDrinker,1790710812,BowlPressure_HB,10242
3087904,2026-09-29 19:50:14.414874+00,KPEDU,antero,HorseDrinker,1790711412,TankPressure_1_HB,16839
3087905,2026-09-29 19:50:14.414874+00,KPEDU,antero,HorseDrinker,1790711412,TankPressure_2_HB,15926
3087906,2026-09-29 19:50:14.414874+00,KPEDU,antero,HorseDrinker,1790711412,BowlPressure_HB,10253
3088085,2026-09-29 20:00:14.511759+00,KPEDU,antero,HorseDrinker,1790712012,TankPressure_1_HB,16833
3088086,2026-09-29 20:00:14.511759+00,KPEDU,antero,HorseDrinker,1790712012,TankPressure_2_HB,15908
3088087,2026-09-29 20:00:14.511759+00,KPEDU,antero,HorseDrinker,1790712012,BowlPressure_HB,10248
3088335,2026-09-29 20:10:14.483714+00,KPEDU,antero,HorseDrinker,1790712612,TankPressure_1_HB,16865
3088336,2026-09-29 20:10:14.483714+00,KPEDU,antero,HorseDrinker,1790712612,TankPressure_2_HB,15937
3088337,2026-09-29 20:10:14.483714+00,KPEDU,antero,HorseDrinker,1790712612,BowlPressure_HB,10250
3088680,2026-09-29 20:20:14.456801+00,KPEDU,antero,HorseDrinker,1790713212,TankPressure_1_HB,16917
3088681,2026-09-29 20:20:14.456801+00,KPEDU,antero,HorseDrinker,1790713212,TankPressure_2_HB,15977
3088682,2026-09-29 20:20:14.456801+00,KPEDU,antero,HorseDrinker,1790713212,BowlPressure_HB,10246
3088863,2026-09-29 20:30:14.411537+00,KPEDU,antero,HorseDrinker,1790713812,TankPressure_1_HB,16870
3088864,2026-09-29 20:30:14.411537+00,KPEDU,antero,HorseDrinker,1790713812,TankPressure_2_HB,15950
3088865,2026-09-29 20:30:14.411537+00,KPEDU,antero,HorseDrinker,1790713812,BowlPressure_HB,10248
3089113,2026-09-29 20:40:14.48109+00,KPEDU,antero,HorseDrinker,1790714412,TankPressure_1_HB,16903
3089114,2026-09-29 20:40:14.48109+00,KPEDU,antero,HorseDrinker,1790714412,TankPressure_2_HB,15964
3089115,2026-09-29 20:40:14.48109+00,KPEDU,antero,HorseDrinker,1790714412,BowlPressure_HB,10251
3089303,2026-09-29 20:50:14.506535+00,KPEDU,antero,HorseDrinker,1790715012,TankPressure_1_HB,16939
3089304,2026-09-29 20:50:14.506535+00,KPEDU,antero,HorseDrinker,1790715012,TankPressure_2_HB,16004
3089305,2026-09-29 20:50:14.506535+00,KPEDU,antero,HorseDrinker,1790715012,BowlPressure_HB,10248
3089635,2026-09-29 21:00:14.618865+00,KPEDU,antero,HorseDrinker,1790715612,TankPressure_1_HB,16885
3089636,2026-09-29 21:00:14.618865+00,KPEDU,antero,HorseDrinker,1790715612,TankPressure_2_HB,15958
3089637,2026-09-29 21:00:14.618865+00,KPEDU,antero,HorseDrinker,1790715612,BowlPressure_HB,10251
3089865,2026-09-29 21:10:14.492298+00,KPEDU,antero,HorseDrinker,1790716212,TankPressure_1_HB,16901
3089866,2026-09-29 21:10:14.492298+00,KPEDU,antero,HorseDrinker,1790716212,TankPressure_2_HB,15970
3089867,2026-09-29 21:10:14.492298+00,KPEDU,antero,HorseDrinker,1790716212,BowlPressure_HB,10246
3090044,2026-09-29 21:20:14.486233+00,KPEDU,antero,HorseDrinker,1790716812,TankPressure_1_HB,16864
3090045,2026-09-29 21:20:14.486233+00,KPEDU,antero,HorseDrinker,1790716812,TankPressure_2_HB,15933
3090046,2026-09-29 21:20:14.486233+00,KPEDU,antero,HorseDrinker,1790716812,BowlPressure_HB,10249
3090395,2026-09-29 21:30:14.476192+00,KPEDU,antero,HorseDrinker,1790717412,TankPressure_1_HB,16864
3090396,2026-09-29 21:30:14.476192+00,KPEDU,antero,HorseDrinker,1790717412,TankPressure_2_HB,15930
3090397,2026-09-29 21:30:14.476192+00,KPEDU,antero,HorseDrinker,1790717412,BowlPressure_HB,10252
3090650,2026-09-29 21:40:14.434383+00,KPEDU,antero,HorseDrinker,1790718012,TankPressure_1_HB,16891
3090651,2026-09-29 21:40:14.434383+00,KPEDU,antero,HorseDrinker,1790718012,TankPressure_2_HB,15967
3090652,2026-09-29 21:40:14.434383+00,KPEDU,antero,HorseDrinker,1790718012,BowlPressure_HB,10249
3090833,2026-09-29 21:50:14.500716+00,KPEDU,antero,HorseDrinker,1790718612,TankPressure_1_HB,16915
3090834,2026-09-29 21:50:14.500716+00,KPEDU,antero,HorseDrinker,1790718612,TankPressure_2_HB,15993
3090835,2026-09-29 21:50:14.500716+00,KPEDU,antero,HorseDrinker,1790718612,BowlPressure_HB,10244
3091169,2026-09-29 22:00:14.447908+00,KPEDU,antero,HorseDrinker,1790719212,TankPressure_1_HB,16918
3091170,2026-09-29 22:00:14.447908+00,KPEDU,antero,HorseDrinker,1790719212,TankPressure_2_HB,15982
3091171,2026-09-29 22:00:14.447908+00,KPEDU,antero,HorseDrinker,1790719212,BowlPressure_HB,10246
3091403,2026-09-29 22:10:14.463658+00,KPEDU,antero,HorseDrinker,1790719812,TankPressure_1_HB,16863
3091404,2026-09-29 22:10:14.463658+00,KPEDU,antero,HorseDrinker,1790719812,TankPressure_2_HB,15927
3091405,2026-09-29 22:10:14.463658+00,KPEDU,antero,HorseDrinker,1790719812,BowlPressure_HB,10247
3091580,2026-09-29 22:20:14.524504+00,KPEDU,antero,HorseDrinker,1790720412,TankPressure_1_HB,16875
3091581,2026-09-29 22:20:14.524504+00,KPEDU,antero,HorseDrinker,1790720412,TankPressure_2_HB,15951
3091582,2026-09-29 22:20:14.524504+00,KPEDU,antero,HorseDrinker,1790720412,BowlPressure_HB,10239
3091916,2026-09-29 22:30:14.585257+00,KPEDU,antero,HorseDrinker,1790721012,TankPressure_1_HB,16882
3091917,2026-09-29 22:30:14.585257+00,KPEDU,antero,HorseDrinker,1790721012,TankPressure_2_HB,15953
3091918,2026-09-29 22:30:14.585257+00,KPEDU,antero,HorseDrinker,1790721012,BowlPressure_HB,10250
3092161,2026-09-29 22:40:14.459188+00,KPEDU,antero,HorseDrinker,1790721612,TankPressure_1_HB,16857
3092162,2026-09-29 22:40:14.459188+00,KPEDU,antero,HorseDrinker,1790721612,TankPressure_2_HB,15929
3092163,2026-09-29 22:40:14.459188+00,KPEDU,antero,HorseDrinker,1790721612,BowlPressure_HB,10254
3092348,2026-09-29 22:50:14.462879+00,KPEDU,antero,HorseDrinker,1790722212,TankPressure_1_HB,16814
3092349,2026-09-29 22:50:14.462879+00,KPEDU,antero,HorseDrinker,1790722212,TankPressure_2_HB,15881
3092350,2026-09-29 22:50:14.462879+00,KPEDU,antero,HorseDrinker,1790722212,BowlPressure_HB,10251
3097999,2026-09-30 02:30:14.576283+00,KPEDU,antero,HorseDrinker,1790735412,TankPressure_1_HB,16822
3098000,2026-09-30 02:30:14.576283+00,KPEDU,antero,HorseDrinker,1790735412,TankPressure_2_HB,15886
3098001,2026-09-30 02:30:14.576283+00,KPEDU,antero,HorseDrinker,1790735412,BowlPressure_HB,10244
3098403,2026-09-30 02:40:14.508771+00,KPEDU,antero,HorseDrinker,1790736012,TankPressure_1_HB,16839
3098404,2026-09-30 02:40:14.508771+00,KPEDU,antero,HorseDrinker,1790736012,TankPressure_2_HB,15895
3098405,2026-09-30 02:40:14.508771+00,KPEDU,antero,HorseDrinker,1790736012,BowlPressure_HB,10249
3098576,2026-09-30 02:50:14.53976+00,KPEDU,antero,HorseDrinker,1790736612,TankPressure_1_HB,16854
3098577,2026-09-30 02:50:14.53976+00,KPEDU,antero,HorseDrinker,1790736612,TankPressure_2_HB,15924
3098578,2026-09-30 02:50:14.53976+00,KPEDU,antero,HorseDrinker,1790736612,BowlPressure_HB,10246
3098761,2026-09-30 03:00:14.620135+00,KPEDU,antero,HorseDrinker,1790737212,TankPressure_1_HB,16819
3098762,2026-09-30 03:00:14.620135+00,KPEDU,antero,HorseDrinker,1790737212,TankPressure_2_HB,15889
3098763,2026-09-30 03:00:14.620135+00,KPEDU,antero,HorseDrinker,1790737212,BowlPressure_HB,10251
3099000,2026-09-30 03:10:14.589829+00,KPEDU,antero,HorseDrinker,1790737812,TankPressure_1_HB,16836
3099001,2026-09-30 03:10:14.589829+00,KPEDU,antero,HorseDrinker,1790737812,TankPressure_2_HB,15898
3099002,2026-09-30 03:10:14.589829+00,KPEDU,antero,HorseDrinker,1790737812,BowlPressure_HB,10254
3099347,2026-09-30 03:20:14.644117+00,KPEDU,antero,HorseDrinker,1790738412,TankPressure_1_HB,16877
3099348,2026-09-30 03:20:14.644117+00,KPEDU,antero,HorseDrinker,1790738412,TankPressure_2_HB,15935
3099349,2026-09-30 03:20:14.644117+00,KPEDU,antero,HorseDrinker,1790738412,BowlPressure_HB,10252
3099532,2026-09-30 03:30:14.505826+00,KPEDU,antero,HorseDrinker,1790739012,TankPressure_1_HB,16857
3099533,2026-09-30 03:30:14.505826+00,KPEDU,antero,HorseDrinker,1790739012,TankPressure_2_HB,15926
3099534,2026-09-30 03:30:14.505826+00,KPEDU,antero,HorseDrinker,1790739012,BowlPressure_HB,10248
3099773,2026-09-30 03:40:14.588783+00,KPEDU,antero,HorseDrinker,1790739612,TankPressure_1_HB,16847
3099774,2026-09-30 03:40:14.588783+00,KPEDU,antero,HorseDrinker,1790739612,TankPressure_2_HB,15910
3099775,2026-09-30 03:40:14.588783+00,KPEDU,antero,HorseDrinker,1790739612,BowlPressure_HB,10253
3099948,2026-09-30 03:50:14.552657+00,KPEDU,antero,HorseDrinker,1790740212,TankPressure_1_HB,16890
3099949,2026-09-30 03:50:14.552657+00,KPEDU,antero,HorseDrinker,1790740212,TankPressure_2_HB,15924
3099950,2026-09-30 03:50:14.552657+00,KPEDU,antero,HorseDrinker,1790740212,BowlPressure_HB,10256
3100131,2026-09-30 04:00:14.805629+00,KPEDU,antero,HorseDrinker,1790740812,TankPressure_1_HB,16911
3100132,2026-09-30 04:00:14.805629+00,KPEDU,antero,HorseDrinker,1790740812,TankPressure_2_HB,15938
3100133,2026-09-30 04:00:14.805629+00,KPEDU,antero,HorseDrinker,1790740812,BowlPressure_HB,10252
3100377,2026-09-30 04:10:14.623455+00,KPEDU,antero,HorseDrinker,1790741412,TankPressure_1_HB,16876
3100378,2026-09-30 04:10:14.623455+00,KPEDU,antero,HorseDrinker,1790741412,TankPressure_2_HB,15894
3100379,2026-09-30 04:10:14.623455+00,KPEDU,antero,HorseDrinker,1790741412,BowlPressure_HB,10270
3100554,2026-09-30 04:20:14.579979+00,KPEDU,antero,HorseDrinker,1790742012,TankPressure_1_HB,16872
3100555,2026-09-30 04:20:14.579979+00,KPEDU,antero,HorseDrinker,1790742012,TankPressure_2_HB,15894
3100556,2026-09-30 04:20:14.579979+00,KPEDU,antero,HorseDrinker,1790742012,BowlPressure_HB,10257
3109036,2026-09-30 11:31:38.183967+00,KPEDU,antero,HorseDrinker,1790767896,TankPressure_1_HB,18963
3109037,2026-09-30 11:31:38.183967+00,KPEDU,antero,HorseDrinker,1790767896,TankPressure_2_HB,19141
3109038,2026-09-30 11:31:38.183967+00,KPEDU,antero,HorseDrinker,1790767896,BowlPressure_HB,10525
3109494,2026-09-30 11:41:38.135505+00,KPEDU,antero,HorseDrinker,1790768496,TankPressure_1_HB,19018
3109495,2026-09-30 11:41:38.135505+00,KPEDU,antero,HorseDrinker,1790768496,TankPressure_2_HB,19200
3109496,2026-09-30 11:41:38.135505+00,KPEDU,antero,HorseDrinker,1790768496,BowlPressure_HB,10534
3109661,2026-09-30 11:51:38.066228+00,KPEDU,antero,HorseDrinker,1790769096,TankPressure_1_HB,18971
3109662,2026-09-30 11:51:38.066228+00,KPEDU,antero,HorseDrinker,1790769096,TankPressure_2_HB,19142
3109663,2026-09-30 11:51:38.066228+00,KPEDU,antero,HorseDrinker,1790769096,BowlPressure_HB,10529
3109850,2026-09-30 12:01:38.074405+00,KPEDU,antero,HorseDrinker,1790769696,TankPressure_1_HB,19023
3109851,2026-09-30 12:01:38.074405+00,KPEDU,antero,HorseDrinker,1790769696,TankPressure_2_HB,19213
3109852,2026-09-30 12:01:38.074405+00,KPEDU,antero,HorseDrinker,1790769696,BowlPressure_HB,10527
3110155,2026-09-30 12:11:38.145097+00,KPEDU,antero,HorseDrinker,1790770296,TankPressure_1_HB,18973
3110156,2026-09-30 12:11:38.145097+00,KPEDU,antero,HorseDrinker,1790770296,TankPressure_2_HB,19147
3110157,2026-09-30 12:11:38.145097+00,KPEDU,antero,HorseDrinker,1790770296,BowlPressure_HB,10525
3110348,2026-09-30 12:21:38.108359+00,KPEDU,antero,HorseDrinker,1790770896,TankPressure_1_HB,18999
3110349,2026-09-30 12:21:38.108359+00,KPEDU,antero,HorseDrinker,1790770896,TankPressure_2_HB,19184
3110350,2026-09-30 12:21:38.108359+00,KPEDU,antero,HorseDrinker,1790770896,BowlPressure_HB,10528
3110513,2026-09-30 12:31:38.420952+00,KPEDU,antero,HorseDrinker,1790771496,TankPressure_1_HB,18963
3110514,2026-09-30 12:31:38.420952+00,KPEDU,antero,HorseDrinker,1790771496,TankPressure_2_HB,19133
3110515,2026-09-30 12:31:38.420952+00,KPEDU,antero,HorseDrinker,1790771496,BowlPressure_HB,10519
3110855,2026-09-30 12:41:38.160314+00,KPEDU,antero,HorseDrinker,1790772096,TankPressure_1_HB,18932
3110856,2026-09-30 12:41:38.160314+00,KPEDU,antero,HorseDrinker,1790772096,TankPressure_2_HB,19105
3110857,2026-09-30 12:41:38.160314+00,KPEDU,antero,HorseDrinker,1790772096,BowlPressure_HB,10526
3111032,2026-09-30 12:51:38.127169+00,KPEDU,antero,HorseDrinker,1790772696,TankPressure_1_HB,18972
3111033,2026-09-30 12:51:38.127169+00,KPEDU,antero,HorseDrinker,1790772696,TankPressure_2_HB,19128
3111034,2026-09-30 12:51:38.127169+00,KPEDU,antero,HorseDrinker,1790772696,BowlPressure_HB,10528
3111215,2026-09-30 13:01:38.085432+00,KPEDU,antero,HorseDrinker,1790773296,TankPressure_1_HB,18995
3111216,2026-09-30 13:01:38.085432+00,KPEDU,antero,HorseDrinker,1790773296,TankPressure_2_HB,19147
3111217,2026-09-30 13:01:38.085432+00,KPEDU,antero,HorseDrinker,1790773296,BowlPressure_HB,10512
3111447,2026-09-30 13:11:38.08028+00,KPEDU,antero,HorseDrinker,1790773896,TankPressure_1_HB,18972
3111448,2026-09-30 13:11:38.08028+00,KPEDU,antero,HorseDrinker,1790773896,TankPressure_2_HB,19130
3111449,2026-09-30 13:11:38.08028+00,KPEDU,antero,HorseDrinker,1790773896,BowlPressure_HB,10515
3111657,2026-09-30 13:21:38.156697+00,KPEDU,antero,HorseDrinker,1790774496,TankPressure_1_HB,18955
3111658,2026-09-30 13:21:38.156697+00,KPEDU,antero,HorseDrinker,1790774496,TankPressure_2_HB,19138
3111659,2026-09-30 13:21:38.156697+00,KPEDU,antero,HorseDrinker,1790774496,BowlPressure_HB,10512
3114483,2026-09-30 15:41:38.081541+00,KPEDU,antero,HorseDrinker,1790782896,TankPressure_1_HB,19002
3114484,2026-09-30 15:41:38.081541+00,KPEDU,antero,HorseDrinker,1790782896,TankPressure_2_HB,19182
3114485,2026-09-30 15:41:38.081541+00,KPEDU,antero,HorseDrinker,1790782896,BowlPressure_HB,10422
3114667,2026-09-30 15:51:38.155341+00,KPEDU,antero,HorseDrinker,1790783496,TankPressure_1_HB,18989
3114668,2026-09-30 15:51:38.155341+00,KPEDU,antero,HorseDrinker,1790783496,TankPressure_2_HB,19145
3114669,2026-09-30 15:51:38.155341+00,KPEDU,antero,HorseDrinker,1790783496,BowlPressure_HB,10420
3114858,2026-09-30 16:01:38.030177+00,KPEDU,antero,HorseDrinker,1790784096,TankPressure_1_HB,19008
3114859,2026-09-30 16:01:38.030177+00,KPEDU,antero,HorseDrinker,1790784096,TankPressure_2_HB,19172
3114860,2026-09-30 16:01:38.030177+00,KPEDU,antero,HorseDrinker,1790784096,BowlPressure_HB,10413
3115083,2026-09-30 16:11:38.081749+00,KPEDU,antero,HorseDrinker,1790784696,TankPressure_1_HB,19014
3115084,2026-09-30 16:11:38.081749+00,KPEDU,antero,HorseDrinker,1790784696,TankPressure_2_HB,19159
3115085,2026-09-30 16:11:38.081749+00,KPEDU,antero,HorseDrinker,1790784696,BowlPressure_HB,10410
3115270,2026-09-30 16:21:38.097483+00,KPEDU,antero,HorseDrinker,1790785296,TankPressure_1_HB,19002
3115271,2026-09-30 16:21:38.097483+00,KPEDU,antero,HorseDrinker,1790785296,TankPressure_2_HB,19126
3115272,2026-09-30 16:21:38.097483+00,KPEDU,antero,HorseDrinker,1790785296,BowlPressure_HB,10400
3115522,2026-09-30 16:31:38.064625+00,KPEDU,antero,HorseDrinker,1790785896,TankPressure_1_HB,18986
3115523,2026-09-30 16:31:38.064625+00,KPEDU,antero,HorseDrinker,1790785896,TankPressure_2_HB,19116
3115524,2026-09-30 16:31:38.064625+00,KPEDU,antero,HorseDrinker,1790785896,BowlPressure_HB,10404
3115750,2026-09-30 16:41:38.136695+00,KPEDU,antero,HorseDrinker,1790786496,TankPressure_1_HB,18964
3115751,2026-09-30 16:41:38.136695+00,KPEDU,antero,HorseDrinker,1790786496,TankPressure_2_HB,19100
3115752,2026-09-30 16:41:38.136695+00,KPEDU,antero,HorseDrinker,1790786496,BowlPressure_HB,10410
3115933,2026-09-30 16:51:38.258078+00,KPEDU,antero,HorseDrinker,1790787096,TankPressure_1_HB,18985
3115934,2026-09-30 16:51:38.258078+00,KPEDU,antero,HorseDrinker,1790787096,TankPressure_2_HB,19094
3115935,2026-09-30 16:51:38.258078+00,KPEDU,antero,HorseDrinker,1790787096,BowlPressure_HB,10402
3116237,2026-09-30 17:01:38.088621+00,KPEDU,antero,HorseDrinker,1790787696,TankPressure_1_HB,19046
3116238,2026-09-30 17:01:38.088621+00,KPEDU,antero,HorseDrinker,1790787696,TankPressure_2_HB,19141
3116239,2026-09-30 17:01:38.088621+00,KPEDU,antero,HorseDrinker,1790787696,BowlPressure_HB,10409
3116475,2026-09-30 17:11:38.050585+00,KPEDU,antero,HorseDrinker,1790788296,TankPressure_1_HB,19008
3116476,2026-09-30 17:11:38.050585+00,KPEDU,antero,HorseDrinker,1790788296,TankPressure_2_HB,19125
3116477,2026-09-30 17:11:38.050585+00,KPEDU,antero,HorseDrinker,1790788296,BowlPressure_HB,10402
3116660,2026-09-30 17:21:38.126739+00,KPEDU,antero,HorseDrinker,1790788896,TankPressure_1_HB,19000
3116661,2026-09-30 17:21:38.126739+00,KPEDU,antero,HorseDrinker,1790788896,TankPressure_2_HB,19108
3116662,2026-09-30 17:21:38.126739+00,KPEDU,antero,HorseDrinker,1790788896,BowlPressure_HB,10407
3117004,2026-09-30 17:31:38.083304+00,KPEDU,antero,HorseDrinker,1790789496,TankPressure_1_HB,19019
3080803,2026-09-29 14:40:14.395203+00,KPEDU,antero,HorseDrinker,1790692812,TankPressure_2_HB,17511
3080804,2026-09-29 14:40:14.395203+00,KPEDU,antero,HorseDrinker,1790692812,BowlPressure_HB,10272
3080983,2026-09-29 14:50:14.334284+00,KPEDU,antero,HorseDrinker,1790693412,TankPressure_1_HB,16998
3080984,2026-09-29 14:50:14.334284+00,KPEDU,antero,HorseDrinker,1790693412,TankPressure_2_HB,17551
3080985,2026-09-29 14:50:14.334284+00,KPEDU,antero,HorseDrinker,1790693412,BowlPressure_HB,10259
3081160,2026-09-29 15:00:14.38378+00,KPEDU,antero,HorseDrinker,1790693736,TankPressure_1,17296
3081161,2026-09-29 15:00:14.38378+00,KPEDU,antero,HorseDrinker,1790693736,TankPressure_2,16366
3081162,2026-09-29 15:00:14.38378+00,KPEDU,antero,HorseDrinker,1790693736,BowlPressure,10281
3081163,2026-09-29 15:00:14.38378+00,KPEDU,antero,HorseDrinker,1790694012,TankPressure_1_HB,16988
3081164,2026-09-29 15:00:14.38378+00,KPEDU,antero,HorseDrinker,1790694012,TankPressure_2_HB,16093
3081165,2026-09-29 15:00:14.38378+00,KPEDU,antero,HorseDrinker,1790694012,BowlPressure_HB,10269
3081425,2026-09-29 15:10:14.386919+00,KPEDU,antero,HorseDrinker,1790694612,TankPressure_1_HB,16956
3081426,2026-09-29 15:10:14.386919+00,KPEDU,antero,HorseDrinker,1790694612,TankPressure_2_HB,16048
3081427,2026-09-29 15:10:14.386919+00,KPEDU,antero,HorseDrinker,1790694612,BowlPressure_HB,10254
3081596,2026-09-29 15:20:14.358152+00,KPEDU,antero,HorseDrinker,1790695212,TankPressure_1_HB,16965
3081597,2026-09-29 15:20:14.358152+00,KPEDU,antero,HorseDrinker,1790695212,TankPressure_2_HB,16039
3081598,2026-09-29 15:20:14.358152+00,KPEDU,antero,HorseDrinker,1790695212,BowlPressure_HB,10256
3081789,2026-09-29 15:30:14.413729+00,KPEDU,antero,HorseDrinker,1790695812,TankPressure_1_HB,17011
3081790,2026-09-29 15:30:14.413729+00,KPEDU,antero,HorseDrinker,1790695812,TankPressure_2_HB,16062
3081791,2026-09-29 15:30:14.413729+00,KPEDU,antero,HorseDrinker,1790695812,BowlPressure_HB,10248
3082029,2026-09-29 15:40:14.41285+00,KPEDU,antero,HorseDrinker,1790696412,TankPressure_1_HB,17074
3082030,2026-09-29 15:40:14.41285+00,KPEDU,antero,HorseDrinker,1790696412,TankPressure_2_HB,16103
3082031,2026-09-29 15:40:14.41285+00,KPEDU,antero,HorseDrinker,1790696412,BowlPressure_HB,10249
3082267,2026-09-29 15:50:14.601726+00,KPEDU,antero,HorseDrinker,1790697012,TankPressure_1_HB,17005
3082268,2026-09-29 15:50:14.601726+00,KPEDU,antero,HorseDrinker,1790697012,TankPressure_2_HB,16009
3082269,2026-09-29 15:50:14.601726+00,KPEDU,antero,HorseDrinker,1790697012,BowlPressure_HB,10257
3082438,2026-09-29 16:00:14.483016+00,KPEDU,antero,HorseDrinker,1790697612,TankPressure_1_HB,17018
3082439,2026-09-29 16:00:14.483016+00,KPEDU,antero,HorseDrinker,1790697612,TankPressure_2_HB,16023
3082440,2026-09-29 16:00:14.483016+00,KPEDU,antero,HorseDrinker,1790697612,BowlPressure_HB,10244
3082714,2026-09-29 16:10:14.432674+00,KPEDU,antero,HorseDrinker,1790698212,TankPressure_1_HB,16979
3082715,2026-09-29 16:10:14.432674+00,KPEDU,antero,HorseDrinker,1790698212,TankPressure_2_HB,15981
3082716,2026-09-29 16:10:14.432674+00,KPEDU,antero,HorseDrinker,1790698212,BowlPressure_HB,10247
3082908,2026-09-29 16:20:14.363742+00,KPEDU,antero,HorseDrinker,1790698812,TankPressure_1_HB,16971
3082909,2026-09-29 16:20:14.363742+00,KPEDU,antero,HorseDrinker,1790698812,TankPressure_2_HB,15979
3082910,2026-09-29 16:20:14.363742+00,KPEDU,antero,HorseDrinker,1790698812,BowlPressure_HB,10257
3083081,2026-09-29 16:30:14.370464+00,KPEDU,antero,HorseDrinker,1790699412,TankPressure_1_HB,17006
3083082,2026-09-29 16:30:14.370464+00,KPEDU,antero,HorseDrinker,1790699412,TankPressure_2_HB,16030
3083083,2026-09-29 16:30:14.370464+00,KPEDU,antero,HorseDrinker,1790699412,BowlPressure_HB,10252
3083342,2026-09-29 16:40:14.46551+00,KPEDU,antero,HorseDrinker,1790700012,TankPressure_1_HB,16918
3083343,2026-09-29 16:40:14.46551+00,KPEDU,antero,HorseDrinker,1790700012,TankPressure_2_HB,15983
3083344,2026-09-29 16:40:14.46551+00,KPEDU,antero,HorseDrinker,1790700012,BowlPressure_HB,10261
3083513,2026-09-29 16:50:14.411619+00,KPEDU,antero,HorseDrinker,1790700612,TankPressure_1_HB,16945
3083514,2026-09-29 16:50:14.411619+00,KPEDU,antero,HorseDrinker,1790700612,TankPressure_2_HB,16002
3083515,2026-09-29 16:50:14.411619+00,KPEDU,antero,HorseDrinker,1790700612,BowlPressure_HB,10252
3083692,2026-09-29 17:00:14.386389+00,KPEDU,antero,HorseDrinker,1790701212,TankPressure_1_HB,16933
3083693,2026-09-29 17:00:14.386389+00,KPEDU,antero,HorseDrinker,1790701212,TankPressure_2_HB,15982
3083694,2026-09-29 17:00:14.386389+00,KPEDU,antero,HorseDrinker,1790701212,BowlPressure_HB,10251
3083917,2026-09-29 17:10:14.358503+00,KPEDU,antero,HorseDrinker,1790701812,TankPressure_1_HB,16902
3083918,2026-09-29 17:10:14.358503+00,KPEDU,antero,HorseDrinker,1790701812,TankPressure_2_HB,15962
3083919,2026-09-29 17:10:14.358503+00,KPEDU,antero,HorseDrinker,1790701812,BowlPressure_HB,10241
3092683,2026-09-29 23:00:14.668801+00,KPEDU,antero,HorseDrinker,1790722812,TankPressure_1_HB,16873
3092684,2026-09-29 23:00:14.668801+00,KPEDU,antero,HorseDrinker,1790722812,TankPressure_2_HB,15936
3092685,2026-09-29 23:00:14.668801+00,KPEDU,antero,HorseDrinker,1790722812,BowlPressure_HB,10256
3092945,2026-09-29 23:10:14.491108+00,KPEDU,antero,HorseDrinker,1790723412,TankPressure_1_HB,16900
3092946,2026-09-29 23:10:14.491108+00,KPEDU,antero,HorseDrinker,1790723412,TankPressure_2_HB,15964
3092947,2026-09-29 23:10:14.491108+00,KPEDU,antero,HorseDrinker,1790723412,BowlPressure_HB,10252
3093116,2026-09-29 23:20:14.465648+00,KPEDU,antero,HorseDrinker,1790724012,TankPressure_1_HB,16840
3093117,2026-09-29 23:20:14.465648+00,KPEDU,antero,HorseDrinker,1790724012,TankPressure_2_HB,15929
3093118,2026-09-29 23:20:14.465648+00,KPEDU,antero,HorseDrinker,1790724012,BowlPressure_HB,10252
3093456,2026-09-29 23:30:14.520916+00,KPEDU,antero,HorseDrinker,1790724612,TankPressure_1_HB,16877
3093457,2026-09-29 23:30:14.520916+00,KPEDU,antero,HorseDrinker,1790724612,TankPressure_2_HB,15944
3093458,2026-09-29 23:30:14.520916+00,KPEDU,antero,HorseDrinker,1790724612,BowlPressure_HB,10253
3093702,2026-09-29 23:40:14.50633+00,KPEDU,antero,HorseDrinker,1790725212,TankPressure_1_HB,16860
3093703,2026-09-29 23:40:14.50633+00,KPEDU,antero,HorseDrinker,1790725212,TankPressure_2_HB,15935
3093704,2026-09-29 23:40:14.50633+00,KPEDU,antero,HorseDrinker,1790725212,BowlPressure_HB,10245
3093895,2026-09-29 23:50:14.469255+00,KPEDU,antero,HorseDrinker,1790725812,TankPressure_1_HB,16863
3093896,2026-09-29 23:50:14.469255+00,KPEDU,antero,HorseDrinker,1790725812,TankPressure_2_HB,15914
3093897,2026-09-29 23:50:14.469255+00,KPEDU,antero,HorseDrinker,1790725812,BowlPressure_HB,10250
3094071,2026-09-30 00:00:14.538922+00,KPEDU,antero,HorseDrinker,1790726412,TankPressure_1_HB,16843
3094072,2026-09-30 00:00:14.538922+00,KPEDU,antero,HorseDrinker,1790726412,TankPressure_2_HB,15909
3094073,2026-09-30 00:00:14.538922+00,KPEDU,antero,HorseDrinker,1790726412,BowlPressure_HB,10255
3094479,2026-09-30 00:10:14.548901+00,KPEDU,antero,HorseDrinker,1790727012,TankPressure_1_HB,16900
3094480,2026-09-30 00:10:14.548901+00,KPEDU,antero,HorseDrinker,1790727012,TankPressure_2_HB,15959
3094481,2026-09-30 00:10:14.548901+00,KPEDU,antero,HorseDrinker,1790727012,BowlPressure_HB,10248
3094650,2026-09-30 00:20:14.528416+00,KPEDU,antero,HorseDrinker,1790727612,TankPressure_1_HB,16844
3094651,2026-09-30 00:20:14.528416+00,KPEDU,antero,HorseDrinker,1790727612,TankPressure_2_HB,15908
3094652,2026-09-30 00:20:14.528416+00,KPEDU,antero,HorseDrinker,1790727612,BowlPressure_HB,10249
3094839,2026-09-30 00:30:14.473484+00,KPEDU,antero,HorseDrinker,1790728212,TankPressure_1_HB,16810
3094840,2026-09-30 00:30:14.473484+00,KPEDU,antero,HorseDrinker,1790728212,TankPressure_2_HB,15871
3094841,2026-09-30 00:30:14.473484+00,KPEDU,antero,HorseDrinker,1790728212,BowlPressure_HB,10245
3095303,2026-09-30 00:40:14.583572+00,KPEDU,antero,HorseDrinker,1790728812,TankPressure_1_HB,16838
3095304,2026-09-30 00:40:14.583572+00,KPEDU,antero,HorseDrinker,1790728812,TankPressure_2_HB,15900
3095305,2026-09-30 00:40:14.583572+00,KPEDU,antero,HorseDrinker,1790728812,BowlPressure_HB,10244
3095484,2026-09-30 00:50:14.563719+00,KPEDU,antero,HorseDrinker,1790729412,TankPressure_1_HB,16878
3095485,2026-09-30 00:50:14.563719+00,KPEDU,antero,HorseDrinker,1790729412,TankPressure_2_HB,15936
3095486,2026-09-30 00:50:14.563719+00,KPEDU,antero,HorseDrinker,1790729412,BowlPressure_HB,10246
3095675,2026-09-30 01:00:14.506324+00,KPEDU,antero,HorseDrinker,1790730012,TankPressure_1_HB,16891
3095676,2026-09-30 01:00:14.506324+00,KPEDU,antero,HorseDrinker,1790730012,TankPressure_2_HB,15951
3095677,2026-09-30 01:00:14.506324+00,KPEDU,antero,HorseDrinker,1790730012,BowlPressure_HB,10247
3096078,2026-09-30 01:10:14.485408+00,KPEDU,antero,HorseDrinker,1790730612,TankPressure_1_HB,16842
3096079,2026-09-30 01:10:14.485408+00,KPEDU,antero,HorseDrinker,1790730612,TankPressure_2_HB,15919
3096080,2026-09-30 01:10:14.485408+00,KPEDU,antero,HorseDrinker,1790730612,BowlPressure_HB,10247
3096267,2026-09-30 01:20:14.560955+00,KPEDU,antero,HorseDrinker,1790731212,TankPressure_1_HB,16838
3096268,2026-09-30 01:20:14.560955+00,KPEDU,antero,HorseDrinker,1790731212,TankPressure_2_HB,15905
3096269,2026-09-30 01:20:14.560955+00,KPEDU,antero,HorseDrinker,1790731212,BowlPressure_HB,10250
3096436,2026-09-30 01:30:14.515841+00,KPEDU,antero,HorseDrinker,1790731812,TankPressure_1_HB,16829
3096437,2026-09-30 01:30:14.515841+00,KPEDU,antero,HorseDrinker,1790731812,TankPressure_2_HB,15894
3096438,2026-09-30 01:30:14.515841+00,KPEDU,antero,HorseDrinker,1790731812,BowlPressure_HB,10248
3096858,2026-09-30 01:40:14.527082+00,KPEDU,antero,HorseDrinker,1790732412,TankPressure_1_HB,16838
3096859,2026-09-30 01:40:14.527082+00,KPEDU,antero,HorseDrinker,1790732412,TankPressure_2_HB,15892
3096860,2026-09-30 01:40:14.527082+00,KPEDU,antero,HorseDrinker,1790732412,BowlPressure_HB,10250
3097043,2026-09-30 01:50:14.559427+00,KPEDU,antero,HorseDrinker,1790733012,TankPressure_1_HB,16876
3097044,2026-09-30 01:50:14.559427+00,KPEDU,antero,HorseDrinker,1790733012,TankPressure_2_HB,15936
3097045,2026-09-30 01:50:14.559427+00,KPEDU,antero,HorseDrinker,1790733012,BowlPressure_HB,10243
3097222,2026-09-30 02:00:14.554253+00,KPEDU,antero,HorseDrinker,1790733612,TankPressure_1_HB,16830
3097223,2026-09-30 02:00:14.554253+00,KPEDU,antero,HorseDrinker,1790733612,TankPressure_2_HB,15887
3097224,2026-09-30 02:00:14.554253+00,KPEDU,antero,HorseDrinker,1790733612,BowlPressure_HB,10245
3097635,2026-09-30 02:10:14.554401+00,KPEDU,antero,HorseDrinker,1790734212,TankPressure_1_HB,16875
3097636,2026-09-30 02:10:14.554401+00,KPEDU,antero,HorseDrinker,1790734212,TankPressure_2_HB,15944
3097637,2026-09-30 02:10:14.554401+00,KPEDU,antero,HorseDrinker,1790734212,BowlPressure_HB,10247
3097820,2026-09-30 02:20:14.620668+00,KPEDU,antero,HorseDrinker,1790734812,TankPressure_1_HB,16842
3097821,2026-09-30 02:20:14.620668+00,KPEDU,antero,HorseDrinker,1790734812,TankPressure_2_HB,15910
3097822,2026-09-30 02:20:14.620668+00,KPEDU,antero,HorseDrinker,1790734812,BowlPressure_HB,10245
3100729,2026-09-30 04:30:14.62836+00,KPEDU,antero,HorseDrinker,1790742612,TankPressure_1_HB,16882
3100730,2026-09-30 04:30:14.62836+00,KPEDU,antero,HorseDrinker,1790742612,TankPressure_2_HB,15925
3100731,2026-09-30 04:30:14.62836+00,KPEDU,antero,HorseDrinker,1790742612,BowlPressure_HB,10260
3100999,2026-09-30 04:40:14.627561+00,KPEDU,antero,HorseDrinker,1790743212,TankPressure_1_HB,16922
3101000,2026-09-30 04:40:14.627561+00,KPEDU,antero,HorseDrinker,1790743212,TankPressure_2_HB,15963
3101001,2026-09-30 04:40:14.627561+00,KPEDU,antero,HorseDrinker,1790743212,BowlPressure_HB,10263
3101180,2026-09-30 04:50:14.669208+00,KPEDU,antero,HorseDrinker,1790743812,TankPressure_1_HB,16888
3101181,2026-09-30 04:50:14.669208+00,KPEDU,antero,HorseDrinker,1790743812,TankPressure_2_HB,15923
3101182,2026-09-30 04:50:14.669208+00,KPEDU,antero,HorseDrinker,1790743812,BowlPressure_HB,10263
3101357,2026-09-30 05:00:14.83773+00,KPEDU,antero,HorseDrinker,1790744412,TankPressure_1_HB,16875
3101358,2026-09-30 05:00:14.83773+00,KPEDU,antero,HorseDrinker,1790744412,TankPressure_2_HB,15918
3101359,2026-09-30 05:00:14.83773+00,KPEDU,antero,HorseDrinker,1790744412,BowlPressure_HB,10252
3101591,2026-09-30 05:10:14.648722+00,KPEDU,antero,HorseDrinker,1790745012,TankPressure_1_HB,16873
3101592,2026-09-30 05:10:14.648722+00,KPEDU,antero,HorseDrinker,1790745012,TankPressure_2_HB,15904
3101593,2026-09-30 05:10:14.648722+00,KPEDU,antero,HorseDrinker,1790745012,BowlPressure_HB,10248
3101768,2026-09-30 05:20:14.694588+00,KPEDU,antero,HorseDrinker,1790745612,TankPressure_1_HB,16913
3101769,2026-09-30 05:20:14.694588+00,KPEDU,antero,HorseDrinker,1790745612,TankPressure_2_HB,15945
3101770,2026-09-30 05:20:14.694588+00,KPEDU,antero,HorseDrinker,1790745612,BowlPressure_HB,10246
3101955,2026-09-30 05:30:14.589062+00,KPEDU,antero,HorseDrinker,1790746212,TankPressure_1_HB,16893
3101956,2026-09-30 05:30:14.589062+00,KPEDU,antero,HorseDrinker,1790746212,TankPressure_2_HB,15908
3101957,2026-09-30 05:30:14.589062+00,KPEDU,antero,HorseDrinker,1790746212,BowlPressure_HB,10252
3102203,2026-09-30 05:40:14.56978+00,KPEDU,antero,HorseDrinker,1790746812,TankPressure_1_HB,16859
3102204,2026-09-30 05:40:14.56978+00,KPEDU,antero,HorseDrinker,1790746812,TankPressure_2_HB,15897
3102205,2026-09-30 05:40:14.56978+00,KPEDU,antero,HorseDrinker,1790746812,BowlPressure_HB,10243
3102382,2026-09-30 05:50:14.818088+00,KPEDU,antero,HorseDrinker,1790747412,TankPressure_1_HB,16904
3102383,2026-09-30 05:50:14.818088+00,KPEDU,antero,HorseDrinker,1790747412,TankPressure_2_HB,15936
3102384,2026-09-30 05:50:14.818088+00,KPEDU,antero,HorseDrinker,1790747412,BowlPressure_HB,10245
3102569,2026-09-30 06:00:14.692827+00,KPEDU,antero,HorseDrinker,1790748012,TankPressure_1_HB,16912
3102570,2026-09-30 06:00:14.692827+00,KPEDU,antero,HorseDrinker,1790748012,TankPressure_2_HB,15929
3102571,2026-09-30 06:00:14.692827+00,KPEDU,antero,HorseDrinker,1790748012,BowlPressure_HB,10247
3102815,2026-09-30 06:10:14.584472+00,KPEDU,antero,HorseDrinker,1790748612,TankPressure_1_HB,16927
3102816,2026-09-30 06:10:14.584472+00,KPEDU,antero,HorseDrinker,1790748612,TankPressure_2_HB,15943
3102817,2026-09-30 06:10:14.584472+00,KPEDU,antero,HorseDrinker,1790748612,BowlPressure_HB,10263
3102988,2026-09-30 06:20:14.670353+00,KPEDU,antero,HorseDrinker,1790749212,TankPressure_1_HB,16910
3102989,2026-09-30 06:20:14.670353+00,KPEDU,antero,HorseDrinker,1790749212,TankPressure_2_HB,15930
3102990,2026-09-30 06:20:14.670353+00,KPEDU,antero,HorseDrinker,1790749212,BowlPressure_HB,10270
3103173,2026-09-30 06:30:14.604183+00,KPEDU,antero,HorseDrinker,1790749812,TankPressure_1_HB,16902
3103174,2026-09-30 06:30:14.604183+00,KPEDU,antero,HorseDrinker,1790749812,TankPressure_2_HB,15933
3103175,2026-09-30 06:30:14.604183+00,KPEDU,antero,HorseDrinker,1790749812,BowlPressure_HB,10263
3103418,2026-09-30 06:40:14.718437+00,KPEDU,antero,HorseDrinker,1790750412,TankPressure_1_HB,16862
3103419,2026-09-30 06:40:14.718437+00,KPEDU,antero,HorseDrinker,1790750412,TankPressure_2_HB,15899
3103420,2026-09-30 06:40:14.718437+00,KPEDU,antero,HorseDrinker,1790750412,BowlPressure_HB,10272
3103597,2026-09-30 06:50:14.597548+00,KPEDU,antero,HorseDrinker,1790751012,TankPressure_1_HB,16864
3103598,2026-09-30 06:50:14.597548+00,KPEDU,antero,HorseDrinker,1790751012,TankPressure_2_HB,15885
3103599,2026-09-30 06:50:14.597548+00,KPEDU,antero,HorseDrinker,1790751012,BowlPressure_HB,10265
3103782,2026-09-30 07:00:14.654906+00,KPEDU,antero,HorseDrinker,1790751612,TankPressure_1_HB,16910
3103783,2026-09-30 07:00:14.654906+00,KPEDU,antero,HorseDrinker,1790751612,TankPressure_2_HB,15969
3103784,2026-09-30 07:00:14.654906+00,KPEDU,antero,HorseDrinker,1790751612,BowlPressure_HB,10267
3104023,2026-09-30 07:10:14.639868+00,KPEDU,antero,HorseDrinker,1790752212,TankPressure_1_HB,16889
3104024,2026-09-30 07:10:14.639868+00,KPEDU,antero,HorseDrinker,1790752212,TankPressure_2_HB,15943
3104025,2026-09-30 07:10:14.639868+00,KPEDU,antero,HorseDrinker,1790752212,BowlPressure_HB,10271
3104214,2026-09-30 07:20:14.572984+00,KPEDU,antero,HorseDrinker,1790752812,TankPressure_1_HB,16896
3104215,2026-09-30 07:20:14.572984+00,KPEDU,antero,HorseDrinker,1790752812,TankPressure_2_HB,15951
3104216,2026-09-30 07:20:14.572984+00,KPEDU,antero,HorseDrinker,1790752812,BowlPressure_HB,10258
3104379,2026-09-30 07:30:14.676887+00,KPEDU,antero,HorseDrinker,1790753412,TankPressure_1_HB,16859
3104380,2026-09-30 07:30:14.676887+00,KPEDU,antero,HorseDrinker,1790753412,TankPressure_2_HB,15913
3104381,2026-09-30 07:30:14.676887+00,KPEDU,antero,HorseDrinker,1790753412,BowlPressure_HB,10268
3104645,2026-09-30 07:40:14.632969+00,KPEDU,antero,HorseDrinker,1790754012,TankPressure_1_HB,16899
3104646,2026-09-30 07:40:14.632969+00,KPEDU,antero,HorseDrinker,1790754012,TankPressure_2_HB,15949
3104647,2026-09-30 07:40:14.632969+00,KPEDU,antero,HorseDrinker,1790754012,BowlPressure_HB,10265
3104808,2026-09-30 07:50:14.720552+00,KPEDU,antero,HorseDrinker,1790754612,TankPressure_1_HB,16896
3104809,2026-09-30 07:50:14.720552+00,KPEDU,antero,HorseDrinker,1790754612,TankPressure_2_HB,15941
3104810,2026-09-30 07:50:14.720552+00,KPEDU,antero,HorseDrinker,1790754612,BowlPressure_HB,10262
3104989,2026-09-30 08:00:14.733813+00,KPEDU,antero,HorseDrinker,1790755212,TankPressure_1_HB,16907
3104990,2026-09-30 08:00:14.733813+00,KPEDU,antero,HorseDrinker,1790755212,TankPressure_2_HB,15947
3104991,2026-09-30 08:00:14.733813+00,KPEDU,antero,HorseDrinker,1790755212,BowlPressure_HB,10270
3105207,2026-09-30 08:10:14.664291+00,KPEDU,antero,HorseDrinker,1790755812,TankPressure_1_HB,16907
3105208,2026-09-30 08:10:14.664291+00,KPEDU,antero,HorseDrinker,1790755812,TankPressure_2_HB,15964
3105209,2026-09-30 08:10:14.664291+00,KPEDU,antero,HorseDrinker,1790755812,BowlPressure_HB,10268
3105380,2026-09-30 08:20:14.648765+00,KPEDU,antero,HorseDrinker,1790756412,TankPressure_1_HB,16854
3105381,2026-09-30 08:20:14.648765+00,KPEDU,antero,HorseDrinker,1790756412,TankPressure_2_HB,15923
3105382,2026-09-30 08:20:14.648765+00,KPEDU,antero,HorseDrinker,1790756412,BowlPressure_HB,10274
3105553,2026-09-30 08:30:14.710701+00,KPEDU,antero,HorseDrinker,1790757012,TankPressure_1_HB,16880
3105554,2026-09-30 08:30:14.710701+00,KPEDU,antero,HorseDrinker,1790757012,TankPressure_2_HB,15950
3105555,2026-09-30 08:30:14.710701+00,KPEDU,antero,HorseDrinker,1790757012,BowlPressure_HB,10266
3105761,2026-09-30 08:40:14.687572+00,KPEDU,antero,HorseDrinker,1790757612,TankPressure_1_HB,16892
3105762,2026-09-30 08:40:14.687572+00,KPEDU,antero,HorseDrinker,1790757612,TankPressure_2_HB,15947
3105763,2026-09-30 08:40:14.687572+00,KPEDU,antero,HorseDrinker,1790757612,BowlPressure_HB,10259
3105928,2026-09-30 08:50:14.671618+00,KPEDU,antero,HorseDrinker,1790758212,TankPressure_1_HB,16908
3105929,2026-09-30 08:50:14.671618+00,KPEDU,antero,HorseDrinker,1790758212,TankPressure_2_HB,15979
3105930,2026-09-30 08:50:14.671618+00,KPEDU,antero,HorseDrinker,1790758212,BowlPressure_HB,10265
3106087,2026-09-30 09:00:14.728464+00,KPEDU,antero,HorseDrinker,1790758812,TankPressure_1_HB,16880
3106088,2026-09-30 09:00:14.728464+00,KPEDU,antero,HorseDrinker,1790758812,TankPressure_2_HB,15961
3106089,2026-09-30 09:00:14.728464+00,KPEDU,antero,HorseDrinker,1790758812,BowlPressure_HB,10261
3106331,2026-09-30 09:10:14.696328+00,KPEDU,antero,HorseDrinker,1790759412,TankPressure_1_HB,16867
3106332,2026-09-30 09:10:14.696328+00,KPEDU,antero,HorseDrinker,1790759412,TankPressure_2_HB,15958
3106333,2026-09-30 09:10:14.696328+00,KPEDU,antero,HorseDrinker,1790759412,BowlPressure_HB,10268
3106494,2026-09-30 09:20:14.684156+00,KPEDU,antero,HorseDrinker,1790760012,TankPressure_1_HB,16880
3106495,2026-09-30 09:20:14.684156+00,KPEDU,antero,HorseDrinker,1790760012,TankPressure_2_HB,15960
3106496,2026-09-30 09:20:14.684156+00,KPEDU,antero,HorseDrinker,1790760012,BowlPressure_HB,10257
3106679,2026-09-30 09:30:14.769178+00,KPEDU,antero,HorseDrinker,1790760612,TankPressure_1_HB,16924
3106680,2026-09-30 09:30:14.769178+00,KPEDU,antero,HorseDrinker,1790760612,TankPressure_2_HB,16000
3106681,2026-09-30 09:30:14.769178+00,KPEDU,antero,HorseDrinker,1790760612,BowlPressure_HB,10259
3106899,2026-09-30 09:40:14.706891+00,KPEDU,antero,HorseDrinker,1790761212,TankPressure_1_HB,16882
3106900,2026-09-30 09:40:14.706891+00,KPEDU,antero,HorseDrinker,1790761212,TankPressure_2_HB,15944
3106901,2026-09-30 09:40:14.706891+00,KPEDU,antero,HorseDrinker,1790761212,BowlPressure_HB,10258
3107280,2026-09-30 10:01:38.167394+00,KPEDU,antero,HorseDrinker,1790762496,TankPressure_1_HB,18961
3107281,2026-09-30 10:01:38.167394+00,KPEDU,antero,HorseDrinker,1790762496,TankPressure_2_HB,19044
3107282,2026-09-30 10:01:38.167394+00,KPEDU,antero,HorseDrinker,1790762496,BowlPressure_HB,10535
3107498,2026-09-30 10:11:38.166785+00,KPEDU,antero,HorseDrinker,1790763096,TankPressure_1_HB,18943
3107499,2026-09-30 10:11:38.166785+00,KPEDU,antero,HorseDrinker,1790763096,TankPressure_2_HB,19050
3107500,2026-09-30 10:11:38.166785+00,KPEDU,antero,HorseDrinker,1790763096,BowlPressure_HB,10534
3107677,2026-09-30 10:21:38.29848+00,KPEDU,antero,HorseDrinker,1790763696,TankPressure_1_HB,18979
3107678,2026-09-30 10:21:38.29848+00,KPEDU,antero,HorseDrinker,1790763696,TankPressure_2_HB,19109
3107679,2026-09-30 10:21:38.29848+00,KPEDU,antero,HorseDrinker,1790763696,BowlPressure_HB,10527
3107854,2026-09-30 10:31:38.108099+00,KPEDU,antero,HorseDrinker,1790764296,TankPressure_1_HB,18994
3107855,2026-09-30 10:31:38.108099+00,KPEDU,antero,HorseDrinker,1790764296,TankPressure_2_HB,19125
3107856,2026-09-30 10:31:38.108099+00,KPEDU,antero,HorseDrinker,1790764296,BowlPressure_HB,10529
3108084,2026-09-30 10:41:37.942313+00,KPEDU,antero,HorseDrinker,1790764896,TankPressure_1_HB,18995
3108085,2026-09-30 10:41:37.942313+00,KPEDU,antero,HorseDrinker,1790764896,TankPressure_2_HB,19154
3108086,2026-09-30 10:41:37.942313+00,KPEDU,antero,HorseDrinker,1790764896,BowlPressure_HB,10532
3108263,2026-09-30 10:51:38.151878+00,KPEDU,antero,HorseDrinker,1790765496,TankPressure_1_HB,18925
3108264,2026-09-30 10:51:38.151878+00,KPEDU,antero,HorseDrinker,1790765496,TankPressure_2_HB,19111
3108265,2026-09-30 10:51:38.151878+00,KPEDU,antero,HorseDrinker,1790765496,BowlPressure_HB,10525
3108442,2026-09-30 11:01:38.1209+00,KPEDU,antero,HorseDrinker,1790766096,TankPressure_1_HB,18939
3108443,2026-09-30 11:01:38.1209+00,KPEDU,antero,HorseDrinker,1790766096,TankPressure_2_HB,19117
3108444,2026-09-30 11:01:38.1209+00,KPEDU,antero,HorseDrinker,1790766096,BowlPressure_HB,10528
3108678,2026-09-30 11:11:38.119977+00,KPEDU,antero,HorseDrinker,1790766696,TankPressure_1_HB,18955
3108679,2026-09-30 11:11:38.119977+00,KPEDU,antero,HorseDrinker,1790766696,TankPressure_2_HB,19130
3108680,2026-09-30 11:11:38.119977+00,KPEDU,antero,HorseDrinker,1790766696,BowlPressure_HB,10522
3108861,2026-09-30 11:21:38.205247+00,KPEDU,antero,HorseDrinker,1790767296,TankPressure_1_HB,18952
3108862,2026-09-30 11:21:38.205247+00,KPEDU,antero,HorseDrinker,1790767296,TankPressure_2_HB,19138
3108863,2026-09-30 11:21:38.205247+00,KPEDU,antero,HorseDrinker,1790767296,BowlPressure_HB,10527
3111849,2026-09-30 13:31:38.106618+00,KPEDU,antero,HorseDrinker,1790775096,TankPressure_1_HB,18960
3111850,2026-09-30 13:31:38.106618+00,KPEDU,antero,HorseDrinker,1790775096,TankPressure_2_HB,19103
3111851,2026-09-30 13:31:38.106618+00,KPEDU,antero,HorseDrinker,1790775096,BowlPressure_HB,10522
3112069,2026-09-30 13:41:38.105307+00,KPEDU,antero,HorseDrinker,1790775696,TankPressure_1_HB,19002
3112070,2026-09-30 13:41:38.105307+00,KPEDU,antero,HorseDrinker,1790775696,TankPressure_2_HB,19179
3112071,2026-09-30 13:41:38.105307+00,KPEDU,antero,HorseDrinker,1790775696,BowlPressure_HB,10515
3112258,2026-09-30 13:51:38.106831+00,KPEDU,antero,HorseDrinker,1790776296,TankPressure_1_HB,18943
3112259,2026-09-30 13:51:38.106831+00,KPEDU,antero,HorseDrinker,1790776296,TankPressure_2_HB,19117
3112260,2026-09-30 13:51:38.106831+00,KPEDU,antero,HorseDrinker,1790776296,BowlPressure_HB,10514
3112431,2026-09-30 14:01:38.150321+00,KPEDU,antero,HorseDrinker,1790776896,TankPressure_1_HB,18982
3112432,2026-09-30 14:01:38.150321+00,KPEDU,antero,HorseDrinker,1790776896,TankPressure_2_HB,19153
3112433,2026-09-30 14:01:38.150321+00,KPEDU,antero,HorseDrinker,1790776896,BowlPressure_HB,10519
3112667,2026-09-30 14:11:38.092791+00,KPEDU,antero,HorseDrinker,1790777496,TankPressure_1_HB,18927
3112668,2026-09-30 14:11:38.092791+00,KPEDU,antero,HorseDrinker,1790777496,TankPressure_2_HB,19100
3112669,2026-09-30 14:11:38.092791+00,KPEDU,antero,HorseDrinker,1790777496,BowlPressure_HB,10508
3112860,2026-09-30 14:21:38.096287+00,KPEDU,antero,HorseDrinker,1790778096,TankPressure_1_HB,18994
3112861,2026-09-30 14:21:38.096287+00,KPEDU,antero,HorseDrinker,1790778096,TankPressure_2_HB,19187
3112862,2026-09-30 14:21:38.096287+00,KPEDU,antero,HorseDrinker,1790778096,BowlPressure_HB,10512
3113045,2026-09-30 14:31:38.176446+00,KPEDU,antero,HorseDrinker,1790778696,TankPressure_1_HB,18973
3113046,2026-09-30 14:31:38.176446+00,KPEDU,antero,HorseDrinker,1790778696,TankPressure_2_HB,19172
3113047,2026-09-30 14:31:38.176446+00,KPEDU,antero,HorseDrinker,1790778696,BowlPressure_HB,10438
3113268,2026-09-30 14:41:38.074361+00,KPEDU,antero,HorseDrinker,1790779296,TankPressure_1_HB,18962
3113269,2026-09-30 14:41:38.074361+00,KPEDU,antero,HorseDrinker,1790779296,TankPressure_2_HB,19154
3113270,2026-09-30 14:41:38.074361+00,KPEDU,antero,HorseDrinker,1790779296,BowlPressure_HB,10433
3113451,2026-09-30 14:51:38.099365+00,KPEDU,antero,HorseDrinker,1790779896,TankPressure_1_HB,18967
3113452,2026-09-30 14:51:38.099365+00,KPEDU,antero,HorseDrinker,1790779896,TankPressure_2_HB,19149
3113453,2026-09-30 14:51:38.099365+00,KPEDU,antero,HorseDrinker,1790779896,BowlPressure_HB,10433
3113632,2026-09-30 15:01:38.106998+00,KPEDU,antero,HorseDrinker,1790780496,TankPressure_1_HB,18950
3113633,2026-09-30 15:01:38.106998+00,KPEDU,antero,HorseDrinker,1790780496,TankPressure_2_HB,19121
3113634,2026-09-30 15:01:38.106998+00,KPEDU,antero,HorseDrinker,1790780496,BowlPressure_HB,10428
3113842,2026-09-30 15:11:38.152131+00,KPEDU,antero,HorseDrinker,1790781096,TankPressure_1_HB,18956
3113843,2026-09-30 15:11:38.152131+00,KPEDU,antero,HorseDrinker,1790781096,TankPressure_2_HB,19157
3113844,2026-09-30 15:11:38.152131+00,KPEDU,antero,HorseDrinker,1790781096,BowlPressure_HB,10429
3114074,2026-09-30 15:21:38.121975+00,KPEDU,antero,HorseDrinker,1790781696,TankPressure_1_HB,18977
3114075,2026-09-30 15:21:38.121975+00,KPEDU,antero,HorseDrinker,1790781696,TankPressure_2_HB,19173
3114076,2026-09-30 15:21:38.121975+00,KPEDU,antero,HorseDrinker,1790781696,BowlPressure_HB,10433
3114253,2026-09-30 15:31:38.118438+00,KPEDU,antero,HorseDrinker,1790782296,TankPressure_1_HB,18948
3114254,2026-09-30 15:31:38.118438+00,KPEDU,antero,HorseDrinker,1790782296,TankPressure_2_HB,19146
3114255,2026-09-30 15:31:38.118438+00,KPEDU,antero,HorseDrinker,1790782296,BowlPressure_HB,10417
3122817,2026-09-30 21:11:38.0946+00,KPEDU,antero,HorseDrinker,1790802696,TankPressure_1_HB,18977
3122818,2026-09-30 21:11:38.0946+00,KPEDU,antero,HorseDrinker,1790802696,TankPressure_2_HB,19094
3122819,2026-09-30 21:11:38.0946+00,KPEDU,antero,HorseDrinker,1790802696,BowlPressure_HB,10417
3123014,2026-09-30 21:21:38.09451+00,KPEDU,antero,HorseDrinker,1790803296,TankPressure_1_HB,18952
3123015,2026-09-30 21:21:38.09451+00,KPEDU,antero,HorseDrinker,1790803296,TankPressure_2_HB,19066
3123016,2026-09-30 21:21:38.09451+00,KPEDU,antero,HorseDrinker,1790803296,BowlPressure_HB,10412
3123199,2026-09-30 21:31:38.068117+00,KPEDU,antero,HorseDrinker,1790803896,TankPressure_1_HB,18971
3123200,2026-09-30 21:31:38.068117+00,KPEDU,antero,HorseDrinker,1790803896,TankPressure_2_HB,19069
3123201,2026-09-30 21:31:38.068117+00,KPEDU,antero,HorseDrinker,1790803896,BowlPressure_HB,10407
3123417,2026-09-30 21:41:38.060298+00,KPEDU,antero,HorseDrinker,1790804496,TankPressure_1_HB,19006
3123418,2026-09-30 21:41:38.060298+00,KPEDU,antero,HorseDrinker,1790804496,TankPressure_2_HB,19115
3123419,2026-09-30 21:41:38.060298+00,KPEDU,antero,HorseDrinker,1790804496,BowlPressure_HB,10410
3123827,2026-09-30 21:51:37.988396+00,KPEDU,antero,HorseDrinker,1790805096,TankPressure_1_HB,19030
3123828,2026-09-30 21:51:37.988396+00,KPEDU,antero,HorseDrinker,1790805096,TankPressure_2_HB,19140
3123829,2026-09-30 21:51:37.988396+00,KPEDU,antero,HorseDrinker,1790805096,BowlPressure_HB,10405
3124002,2026-09-30 22:01:38.095587+00,KPEDU,antero,HorseDrinker,1790805696,TankPressure_1_HB,18965
3124003,2026-09-30 22:01:38.095587+00,KPEDU,antero,HorseDrinker,1790805696,TankPressure_2_HB,19045
3124004,2026-09-30 22:01:38.095587+00,KPEDU,antero,HorseDrinker,1790805696,BowlPressure_HB,10404
3124238,2026-09-30 22:11:38.065223+00,KPEDU,antero,HorseDrinker,1790806296,TankPressure_1_HB,19011
3124239,2026-09-30 22:11:38.065223+00,KPEDU,antero,HorseDrinker,1790806296,TankPressure_2_HB,19089
3124240,2026-09-30 22:11:38.065223+00,KPEDU,antero,HorseDrinker,1790806296,BowlPressure_HB,10407
3124633,2026-09-30 22:21:38.204669+00,KPEDU,antero,HorseDrinker,1790806896,TankPressure_1_HB,18986
3124634,2026-09-30 22:21:38.204669+00,KPEDU,antero,HorseDrinker,1790806896,TankPressure_2_HB,19016
3124635,2026-09-30 22:21:38.204669+00,KPEDU,antero,HorseDrinker,1790806896,BowlPressure_HB,10414
3124818,2026-09-30 22:31:38.096865+00,KPEDU,antero,HorseDrinker,1790807496,TankPressure_1_HB,18996
3117005,2026-09-30 17:31:38.083304+00,KPEDU,antero,HorseDrinker,1790789496,TankPressure_2_HB,19129
3117006,2026-09-30 17:31:38.083304+00,KPEDU,antero,HorseDrinker,1790789496,BowlPressure_HB,10401
3117233,2026-09-30 17:41:38.052846+00,KPEDU,antero,HorseDrinker,1790790096,TankPressure_1_HB,19011
3117234,2026-09-30 17:41:38.052846+00,KPEDU,antero,HorseDrinker,1790790096,TankPressure_2_HB,19119
3117235,2026-09-30 17:41:38.052846+00,KPEDU,antero,HorseDrinker,1790790096,BowlPressure_HB,10400
3117404,2026-09-30 17:51:38.147974+00,KPEDU,antero,HorseDrinker,1790790696,TankPressure_1_HB,18998
3117405,2026-09-30 17:51:38.147974+00,KPEDU,antero,HorseDrinker,1790790696,TankPressure_2_HB,19108
3117406,2026-09-30 17:51:38.147974+00,KPEDU,antero,HorseDrinker,1790790696,BowlPressure_HB,10407
3117794,2026-09-30 18:01:38.107639+00,KPEDU,antero,HorseDrinker,1790791296,TankPressure_1_HB,18992
3117795,2026-09-30 18:01:38.107639+00,KPEDU,antero,HorseDrinker,1790791296,TankPressure_2_HB,19104
3117796,2026-09-30 18:01:38.107639+00,KPEDU,antero,HorseDrinker,1790791296,BowlPressure_HB,10411
3118020,2026-09-30 18:11:38.109447+00,KPEDU,antero,HorseDrinker,1790791896,TankPressure_1_HB,19026
3118021,2026-09-30 18:11:38.109447+00,KPEDU,antero,HorseDrinker,1790791896,TankPressure_2_HB,19125
3118022,2026-09-30 18:11:38.109447+00,KPEDU,antero,HorseDrinker,1790791896,BowlPressure_HB,10409
3118209,2026-09-30 18:21:38.039648+00,KPEDU,antero,HorseDrinker,1790792496,TankPressure_1_HB,18974
3118210,2026-09-30 18:21:38.039648+00,KPEDU,antero,HorseDrinker,1790792496,TankPressure_2_HB,19108
3118211,2026-09-30 18:21:38.039648+00,KPEDU,antero,HorseDrinker,1790792496,BowlPressure_HB,10408
3118614,2026-09-30 18:31:38.012097+00,KPEDU,antero,HorseDrinker,1790793096,TankPressure_1_HB,19016
3118615,2026-09-30 18:31:38.012097+00,KPEDU,antero,HorseDrinker,1790793096,TankPressure_2_HB,19141
3118616,2026-09-30 18:31:38.012097+00,KPEDU,antero,HorseDrinker,1790793096,BowlPressure_HB,10408
3118854,2026-09-30 18:41:38.146832+00,KPEDU,antero,HorseDrinker,1790793696,TankPressure_1_HB,18984
3118855,2026-09-30 18:41:38.146832+00,KPEDU,antero,HorseDrinker,1790793696,TankPressure_2_HB,19114
3118856,2026-09-30 18:41:38.146832+00,KPEDU,antero,HorseDrinker,1790793696,BowlPressure_HB,10408
3119025,2026-09-30 18:51:38.053794+00,KPEDU,antero,HorseDrinker,1790794296,TankPressure_1_HB,19028
3119026,2026-09-30 18:51:38.053794+00,KPEDU,antero,HorseDrinker,1790794296,TankPressure_2_HB,19162
3119027,2026-09-30 18:51:38.053794+00,KPEDU,antero,HorseDrinker,1790794296,BowlPressure_HB,10408
3119212,2026-09-30 19:01:38.084132+00,KPEDU,antero,HorseDrinker,1790794896,TankPressure_1_HB,19005
3119213,2026-09-30 19:01:38.084132+00,KPEDU,antero,HorseDrinker,1790794896,TankPressure_2_HB,19128
3119214,2026-09-30 19:01:38.084132+00,KPEDU,antero,HorseDrinker,1790794896,BowlPressure_HB,10403
3119630,2026-09-30 19:11:38.022921+00,KPEDU,antero,HorseDrinker,1790795496,TankPressure_1_HB,18995
3119631,2026-09-30 19:11:38.022921+00,KPEDU,antero,HorseDrinker,1790795496,TankPressure_2_HB,19147
3119632,2026-09-30 19:11:38.022921+00,KPEDU,antero,HorseDrinker,1790795496,BowlPressure_HB,10410
3119813,2026-09-30 19:21:38.147147+00,KPEDU,antero,HorseDrinker,1790796096,TankPressure_1_HB,19033
3119814,2026-09-30 19:21:38.147147+00,KPEDU,antero,HorseDrinker,1790796096,TankPressure_2_HB,19153
3119815,2026-09-30 19:21:38.147147+00,KPEDU,antero,HorseDrinker,1790796096,BowlPressure_HB,10424
3119992,2026-09-30 19:31:38.079436+00,KPEDU,antero,HorseDrinker,1790796696,TankPressure_1_HB,18969
3119993,2026-09-30 19:31:38.079436+00,KPEDU,antero,HorseDrinker,1790796696,TankPressure_2_HB,19099
3119994,2026-09-30 19:31:38.079436+00,KPEDU,antero,HorseDrinker,1790796696,BowlPressure_HB,10419
3120436,2026-09-30 19:41:38.165448+00,KPEDU,antero,HorseDrinker,1790797296,TankPressure_1_HB,18973
3120437,2026-09-30 19:41:38.165448+00,KPEDU,antero,HorseDrinker,1790797296,TankPressure_2_HB,19101
3120438,2026-09-30 19:41:38.165448+00,KPEDU,antero,HorseDrinker,1790797296,BowlPressure_HB,10415
3120621,2026-09-30 19:51:38.124236+00,KPEDU,antero,HorseDrinker,1790797896,TankPressure_1_HB,18945
3120622,2026-09-30 19:51:38.124236+00,KPEDU,antero,HorseDrinker,1790797896,TankPressure_2_HB,19066
3120623,2026-09-30 19:51:38.124236+00,KPEDU,antero,HorseDrinker,1790797896,BowlPressure_HB,10426
3120794,2026-09-30 20:01:38.078414+00,KPEDU,antero,HorseDrinker,1790798496,TankPressure_1_HB,18982
3120795,2026-09-30 20:01:38.078414+00,KPEDU,antero,HorseDrinker,1790798496,TankPressure_2_HB,19102
3120796,2026-09-30 20:01:38.078414+00,KPEDU,antero,HorseDrinker,1790798496,BowlPressure_HB,10409
3121269,2026-09-30 20:11:38.099382+00,KPEDU,antero,HorseDrinker,1790799096,TankPressure_1_HB,19027
3121270,2026-09-30 20:11:38.099382+00,KPEDU,antero,HorseDrinker,1790799096,TankPressure_2_HB,19153
3121271,2026-09-30 20:11:38.099382+00,KPEDU,antero,HorseDrinker,1790799096,BowlPressure_HB,10415
3121446,2026-09-30 20:21:38.321761+00,KPEDU,antero,HorseDrinker,1790799696,TankPressure_1_HB,18996
3121447,2026-09-30 20:21:38.321761+00,KPEDU,antero,HorseDrinker,1790799696,TankPressure_2_HB,19112
3121448,2026-09-30 20:21:38.321761+00,KPEDU,antero,HorseDrinker,1790799696,BowlPressure_HB,10410
3121631,2026-09-30 20:31:38.140584+00,KPEDU,antero,HorseDrinker,1790800296,TankPressure_1_HB,18992
3121632,2026-09-30 20:31:38.140584+00,KPEDU,antero,HorseDrinker,1790800296,TankPressure_2_HB,19095
3121633,2026-09-30 20:31:38.140584+00,KPEDU,antero,HorseDrinker,1790800296,BowlPressure_HB,10416
3122037,2026-09-30 20:41:38.132091+00,KPEDU,antero,HorseDrinker,1790800896,TankPressure_1_HB,19008
3122038,2026-09-30 20:41:38.132091+00,KPEDU,antero,HorseDrinker,1790800896,TankPressure_2_HB,19134
3122039,2026-09-30 20:41:38.132091+00,KPEDU,antero,HorseDrinker,1790800896,BowlPressure_HB,10410
3122224,2026-09-30 20:51:38.054716+00,KPEDU,antero,HorseDrinker,1790801496,TankPressure_1_HB,19041
3122225,2026-09-30 20:51:38.054716+00,KPEDU,antero,HorseDrinker,1790801496,TankPressure_2_HB,19146
3122226,2026-09-30 20:51:38.054716+00,KPEDU,antero,HorseDrinker,1790801496,BowlPressure_HB,10408
3122397,2026-09-30 21:01:38.037528+00,KPEDU,antero,HorseDrinker,1790802096,TankPressure_1_HB,18983
3122398,2026-09-30 21:01:38.037528+00,KPEDU,antero,HorseDrinker,1790802096,TankPressure_2_HB,19100
3122399,2026-09-30 21:01:38.037528+00,KPEDU,antero,HorseDrinker,1790802096,BowlPressure_HB,10410
3133461,2026-10-01 04:01:38.02374+00,KPEDU,antero,HorseDrinker,1790827296,TankPressure_1_HB,19014
3133462,2026-10-01 04:01:38.02374+00,KPEDU,antero,HorseDrinker,1790827296,TankPressure_2_HB,19004
3133463,2026-10-01 04:01:38.02374+00,KPEDU,antero,HorseDrinker,1790827296,BowlPressure_HB,10402
3133899,2026-10-01 04:11:37.999472+00,KPEDU,antero,HorseDrinker,1790827896,TankPressure_1_HB,19044
3133900,2026-10-01 04:11:37.999472+00,KPEDU,antero,HorseDrinker,1790827896,TankPressure_2_HB,19042
3133901,2026-10-01 04:11:37.999472+00,KPEDU,antero,HorseDrinker,1790827896,BowlPressure_HB,10400
3134090,2026-10-01 04:21:37.979639+00,KPEDU,antero,HorseDrinker,1790828496,TankPressure_1_HB,18991
3134091,2026-10-01 04:21:37.979639+00,KPEDU,antero,HorseDrinker,1790828496,TankPressure_2_HB,18990
3134092,2026-10-01 04:21:37.979639+00,KPEDU,antero,HorseDrinker,1790828496,BowlPressure_HB,10431
3134263,2026-10-01 04:31:38.054717+00,KPEDU,antero,HorseDrinker,1790829096,TankPressure_1_HB,18960
3134264,2026-10-01 04:31:38.054717+00,KPEDU,antero,HorseDrinker,1790829096,TankPressure_2_HB,18955
3134265,2026-10-01 04:31:38.054717+00,KPEDU,antero,HorseDrinker,1790829096,BowlPressure_HB,10430
3134660,2026-10-01 04:41:38.001523+00,KPEDU,antero,HorseDrinker,1790829696,TankPressure_1_HB,19033
3134661,2026-10-01 04:41:38.001523+00,KPEDU,antero,HorseDrinker,1790829696,TankPressure_2_HB,19036
3134662,2026-10-01 04:41:38.001523+00,KPEDU,antero,HorseDrinker,1790829696,BowlPressure_HB,10422
3134939,2026-10-01 04:51:37.993321+00,KPEDU,antero,HorseDrinker,1790830296,TankPressure_1_HB,19002
3134940,2026-10-01 04:51:37.993321+00,KPEDU,antero,HorseDrinker,1790830296,TankPressure_2_HB,19007
3134941,2026-10-01 04:51:37.993321+00,KPEDU,antero,HorseDrinker,1790830296,BowlPressure_HB,10429
3135116,2026-10-01 05:01:37.968373+00,KPEDU,antero,HorseDrinker,1790830896,TankPressure_1_HB,18978
3135117,2026-10-01 05:01:37.968373+00,KPEDU,antero,HorseDrinker,1790830896,TankPressure_2_HB,18974
3135118,2026-10-01 05:01:37.968373+00,KPEDU,antero,HorseDrinker,1790830896,BowlPressure_HB,10426
3135354,2026-10-01 05:11:38.044776+00,KPEDU,antero,HorseDrinker,1790831496,TankPressure_1_HB,19008
3135355,2026-10-01 05:11:38.044776+00,KPEDU,antero,HorseDrinker,1790831496,TankPressure_2_HB,19006
3135356,2026-10-01 05:11:38.044776+00,KPEDU,antero,HorseDrinker,1790831496,BowlPressure_HB,10431
3135760,2026-10-01 05:21:38.040149+00,KPEDU,antero,HorseDrinker,1790832096,TankPressure_1_HB,19044
3135761,2026-10-01 05:21:38.040149+00,KPEDU,antero,HorseDrinker,1790832096,TankPressure_2_HB,19030
3135762,2026-10-01 05:21:38.040149+00,KPEDU,antero,HorseDrinker,1790832096,BowlPressure_HB,10416
3135947,2026-10-01 05:31:38.011742+00,KPEDU,antero,HorseDrinker,1790832696,TankPressure_1_HB,19027
3135948,2026-10-01 05:31:38.011742+00,KPEDU,antero,HorseDrinker,1790832696,TankPressure_2_HB,19033
3135949,2026-10-01 05:31:38.011742+00,KPEDU,antero,HorseDrinker,1790832696,BowlPressure_HB,10415
3136157,2026-10-01 05:41:38.212849+00,KPEDU,antero,HorseDrinker,1790833296,TankPressure_1_HB,19031
3136158,2026-10-01 05:41:38.212849+00,KPEDU,antero,HorseDrinker,1790833296,TankPressure_2_HB,19043
3136159,2026-10-01 05:41:38.212849+00,KPEDU,antero,HorseDrinker,1790833296,BowlPressure_HB,10407
3136571,2026-10-01 05:51:38.035728+00,KPEDU,antero,HorseDrinker,1790833896,TankPressure_1_HB,19021
3136572,2026-10-01 05:51:38.035728+00,KPEDU,antero,HorseDrinker,1790833896,TankPressure_2_HB,19024
3136573,2026-10-01 05:51:38.035728+00,KPEDU,antero,HorseDrinker,1790833896,BowlPressure_HB,10414
3136740,2026-10-01 06:01:37.99866+00,KPEDU,antero,HorseDrinker,1790834496,TankPressure_1_HB,19005
3136741,2026-10-01 06:01:37.99866+00,KPEDU,antero,HorseDrinker,1790834496,TankPressure_2_HB,19004
3136742,2026-10-01 06:01:37.99866+00,KPEDU,antero,HorseDrinker,1790834496,BowlPressure_HB,10410
3136980,2026-10-01 06:11:37.967544+00,KPEDU,antero,HorseDrinker,1790835096,TankPressure_1_HB,18990
3136981,2026-10-01 06:11:37.967544+00,KPEDU,antero,HorseDrinker,1790835096,TankPressure_2_HB,18989
3136982,2026-10-01 06:11:37.967544+00,KPEDU,antero,HorseDrinker,1790835096,BowlPressure_HB,10412
3137379,2026-10-01 06:21:38.074501+00,KPEDU,antero,HorseDrinker,1790835696,TankPressure_1_HB,19001
3137380,2026-10-01 06:21:38.074501+00,KPEDU,antero,HorseDrinker,1790835696,TankPressure_2_HB,18984
3137381,2026-10-01 06:21:38.074501+00,KPEDU,antero,HorseDrinker,1790835696,BowlPressure_HB,10418
3137576,2026-10-01 06:31:37.934711+00,KPEDU,antero,HorseDrinker,1790836296,TankPressure_1_HB,18983
3137577,2026-10-01 06:31:37.934711+00,KPEDU,antero,HorseDrinker,1790836296,TankPressure_2_HB,18966
3137578,2026-10-01 06:31:37.934711+00,KPEDU,antero,HorseDrinker,1790836296,BowlPressure_HB,10420
3137812,2026-10-01 06:41:38.006638+00,KPEDU,antero,HorseDrinker,1790836896,TankPressure_1_HB,18968
3137813,2026-10-01 06:41:38.006638+00,KPEDU,antero,HorseDrinker,1790836896,TankPressure_2_HB,18955
3137814,2026-10-01 06:41:38.006638+00,KPEDU,antero,HorseDrinker,1790836896,BowlPressure_HB,10415
3138188,2026-10-01 06:51:37.943627+00,KPEDU,antero,HorseDrinker,1790837496,TankPressure_1_HB,18974
3138189,2026-10-01 06:51:37.943627+00,KPEDU,antero,HorseDrinker,1790837496,TankPressure_2_HB,18967
3138190,2026-10-01 06:51:37.943627+00,KPEDU,antero,HorseDrinker,1790837496,BowlPressure_HB,10428
3138369,2026-10-01 07:01:38.032571+00,KPEDU,antero,HorseDrinker,1790838096,TankPressure_1_HB,18981
3124819,2026-09-30 22:31:38.096865+00,KPEDU,antero,HorseDrinker,1790807496,TankPressure_2_HB,19035
3124820,2026-09-30 22:31:38.096865+00,KPEDU,antero,HorseDrinker,1790807496,BowlPressure_HB,10411
3125039,2026-09-30 22:41:38.084972+00,KPEDU,antero,HorseDrinker,1790808096,TankPressure_1_HB,19007
3125040,2026-09-30 22:41:38.084972+00,KPEDU,antero,HorseDrinker,1790808096,TankPressure_2_HB,19030
3125041,2026-09-30 22:41:38.084972+00,KPEDU,antero,HorseDrinker,1790808096,BowlPressure_HB,10403
3125456,2026-09-30 22:51:38.064974+00,KPEDU,antero,HorseDrinker,1790808696,TankPressure_1_HB,19008
3125457,2026-09-30 22:51:38.064974+00,KPEDU,antero,HorseDrinker,1790808696,TankPressure_2_HB,19022
3125458,2026-09-30 22:51:38.064974+00,KPEDU,antero,HorseDrinker,1790808696,BowlPressure_HB,10410
3125631,2026-09-30 23:01:38.121047+00,KPEDU,antero,HorseDrinker,1790809296,TankPressure_1_HB,19011
3125632,2026-09-30 23:01:38.121047+00,KPEDU,antero,HorseDrinker,1790809296,TankPressure_2_HB,19002
3125633,2026-09-30 23:01:38.121047+00,KPEDU,antero,HorseDrinker,1790809296,BowlPressure_HB,10407
3125865,2026-09-30 23:11:38.123542+00,KPEDU,antero,HorseDrinker,1790809896,TankPressure_1_HB,18975
3125866,2026-09-30 23:11:38.123542+00,KPEDU,antero,HorseDrinker,1790809896,TankPressure_2_HB,18961
3125867,2026-09-30 23:11:38.123542+00,KPEDU,antero,HorseDrinker,1790809896,BowlPressure_HB,10400
3126222,2026-09-30 23:21:38.080453+00,KPEDU,antero,HorseDrinker,1790810496,TankPressure_1_HB,19000
3126223,2026-09-30 23:21:38.080453+00,KPEDU,antero,HorseDrinker,1790810496,TankPressure_2_HB,18964
3126224,2026-09-30 23:21:38.080453+00,KPEDU,antero,HorseDrinker,1790810496,BowlPressure_HB,10403
3126401,2026-09-30 23:31:38.042193+00,KPEDU,antero,HorseDrinker,1790811096,TankPressure_1_HB,19015
3126402,2026-09-30 23:31:38.042193+00,KPEDU,antero,HorseDrinker,1790811096,TankPressure_2_HB,18980
3126403,2026-09-30 23:31:38.042193+00,KPEDU,antero,HorseDrinker,1790811096,BowlPressure_HB,10401
3126631,2026-09-30 23:41:38.127673+00,KPEDU,antero,HorseDrinker,1790811696,TankPressure_1_HB,19061
3126632,2026-09-30 23:41:38.127673+00,KPEDU,antero,HorseDrinker,1790811696,TankPressure_2_HB,19026
3126633,2026-09-30 23:41:38.127673+00,KPEDU,antero,HorseDrinker,1790811696,BowlPressure_HB,10402
3126903,2026-09-30 23:51:37.973508+00,KPEDU,antero,HorseDrinker,1790812296,TankPressure_1_HB,19011
3126904,2026-09-30 23:51:37.973508+00,KPEDU,antero,HorseDrinker,1790812296,TankPressure_2_HB,18969
3126905,2026-09-30 23:51:37.973508+00,KPEDU,antero,HorseDrinker,1790812296,BowlPressure_HB,10399
3127205,2026-10-01 00:01:38.093116+00,KPEDU,antero,HorseDrinker,1790812896,TankPressure_1_HB,18980
3127206,2026-10-01 00:01:38.093116+00,KPEDU,antero,HorseDrinker,1790812896,TankPressure_2_HB,18934
3127207,2026-10-01 00:01:38.093116+00,KPEDU,antero,HorseDrinker,1790812896,BowlPressure_HB,10404
3127439,2026-10-01 00:11:38.034261+00,KPEDU,antero,HorseDrinker,1790813496,TankPressure_1_HB,19048
3127440,2026-10-01 00:11:38.034261+00,KPEDU,antero,HorseDrinker,1790813496,TankPressure_2_HB,18980
3127441,2026-10-01 00:11:38.034261+00,KPEDU,antero,HorseDrinker,1790813496,BowlPressure_HB,10400
3127616,2026-10-01 00:21:38.013329+00,KPEDU,antero,HorseDrinker,1790814096,TankPressure_1_HB,19027
3127617,2026-10-01 00:21:38.013329+00,KPEDU,antero,HorseDrinker,1790814096,TankPressure_2_HB,18954
3127618,2026-10-01 00:21:38.013329+00,KPEDU,antero,HorseDrinker,1790814096,BowlPressure_HB,10406
3128019,2026-10-01 00:31:38.088894+00,KPEDU,antero,HorseDrinker,1790814696,TankPressure_1_HB,19003
3128020,2026-10-01 00:31:38.088894+00,KPEDU,antero,HorseDrinker,1790814696,TankPressure_2_HB,18917
3128021,2026-10-01 00:31:38.088894+00,KPEDU,antero,HorseDrinker,1790814696,BowlPressure_HB,10402
3128241,2026-10-01 00:41:38.229159+00,KPEDU,antero,HorseDrinker,1790815296,TankPressure_1_HB,18956
3128242,2026-10-01 00:41:38.229159+00,KPEDU,antero,HorseDrinker,1790815296,TankPressure_2_HB,18877
3128243,2026-10-01 00:41:38.229159+00,KPEDU,antero,HorseDrinker,1790815296,BowlPressure_HB,10400
3128428,2026-10-01 00:51:38.010513+00,KPEDU,antero,HorseDrinker,1790815896,TankPressure_1_HB,19032
3128429,2026-10-01 00:51:38.010513+00,KPEDU,antero,HorseDrinker,1790815896,TankPressure_2_HB,18936
3128430,2026-10-01 00:51:38.010513+00,KPEDU,antero,HorseDrinker,1790815896,BowlPressure_HB,10400
3128815,2026-10-01 01:01:38.125237+00,KPEDU,antero,HorseDrinker,1790816496,TankPressure_1_HB,18943
3128816,2026-10-01 01:01:38.125237+00,KPEDU,antero,HorseDrinker,1790816496,TankPressure_2_HB,18870
3128817,2026-10-01 01:01:38.125237+00,KPEDU,antero,HorseDrinker,1790816496,BowlPressure_HB,10402
3129059,2026-10-01 01:11:38.055486+00,KPEDU,antero,HorseDrinker,1790817096,TankPressure_1_HB,18983
3129060,2026-10-01 01:11:38.055486+00,KPEDU,antero,HorseDrinker,1790817096,TankPressure_2_HB,18998
3129061,2026-10-01 01:11:38.055486+00,KPEDU,antero,HorseDrinker,1790817096,BowlPressure_HB,10398
3129234,2026-10-01 01:21:38.071965+00,KPEDU,antero,HorseDrinker,1790817696,TankPressure_1_HB,19003
3129235,2026-10-01 01:21:38.071965+00,KPEDU,antero,HorseDrinker,1790817696,TankPressure_2_HB,19021
3129236,2026-10-01 01:21:38.071965+00,KPEDU,antero,HorseDrinker,1790817696,BowlPressure_HB,10406
3129615,2026-10-01 01:31:38.03554+00,KPEDU,antero,HorseDrinker,1790818296,TankPressure_1_HB,18964
3129616,2026-10-01 01:31:38.03554+00,KPEDU,antero,HorseDrinker,1790818296,TankPressure_2_HB,18968
3129617,2026-10-01 01:31:38.03554+00,KPEDU,antero,HorseDrinker,1790818296,BowlPressure_HB,10400
3129851,2026-10-01 01:41:37.963282+00,KPEDU,antero,HorseDrinker,1790818896,TankPressure_1_HB,18997
3129852,2026-10-01 01:41:37.963282+00,KPEDU,antero,HorseDrinker,1790818896,TankPressure_2_HB,19033
3129853,2026-10-01 01:41:37.963282+00,KPEDU,antero,HorseDrinker,1790818896,BowlPressure_HB,10410
3130018,2026-10-01 01:51:38.079024+00,KPEDU,antero,HorseDrinker,1790819496,TankPressure_1_HB,19043
3130019,2026-10-01 01:51:38.079024+00,KPEDU,antero,HorseDrinker,1790819496,TankPressure_2_HB,19045
3130020,2026-10-01 01:51:38.079024+00,KPEDU,antero,HorseDrinker,1790819496,BowlPressure_HB,10407
3130416,2026-10-01 02:01:38.01279+00,KPEDU,antero,HorseDrinker,1790820096,TankPressure_1_HB,18993
3130417,2026-10-01 02:01:38.01279+00,KPEDU,antero,HorseDrinker,1790820096,TankPressure_2_HB,19006
3130418,2026-10-01 02:01:38.01279+00,KPEDU,antero,HorseDrinker,1790820096,BowlPressure_HB,10400
3130622,2026-10-01 02:11:38.127939+00,KPEDU,antero,HorseDrinker,1790820696,TankPressure_1_HB,19005
3130623,2026-10-01 02:11:38.127939+00,KPEDU,antero,HorseDrinker,1790820696,TankPressure_2_HB,19023
3130624,2026-10-01 02:11:38.127939+00,KPEDU,antero,HorseDrinker,1790820696,BowlPressure_HB,10405
3130805,2026-10-01 02:21:38.239336+00,KPEDU,antero,HorseDrinker,1790821296,TankPressure_1_HB,18955
3130806,2026-10-01 02:21:38.239336+00,KPEDU,antero,HorseDrinker,1790821296,TankPressure_2_HB,18973
3130807,2026-10-01 02:21:38.239336+00,KPEDU,antero,HorseDrinker,1790821296,BowlPressure_HB,10406
3131007,2026-10-01 02:31:38.064846+00,KPEDU,antero,HorseDrinker,1790821896,TankPressure_1_HB,18994
3131008,2026-10-01 02:31:38.064846+00,KPEDU,antero,HorseDrinker,1790821896,TankPressure_2_HB,19017
3131009,2026-10-01 02:31:38.064846+00,KPEDU,antero,HorseDrinker,1790821896,BowlPressure_HB,10399
3131433,2026-10-01 02:41:38.041519+00,KPEDU,antero,HorseDrinker,1790822496,TankPressure_1_HB,18993
3131434,2026-10-01 02:41:38.041519+00,KPEDU,antero,HorseDrinker,1790822496,TankPressure_2_HB,19001
3131435,2026-10-01 02:41:38.041519+00,KPEDU,antero,HorseDrinker,1790822496,BowlPressure_HB,10404
3131622,2026-10-01 02:51:37.98476+00,KPEDU,antero,HorseDrinker,1790823096,TankPressure_1_HB,18969
3131623,2026-10-01 02:51:37.98476+00,KPEDU,antero,HorseDrinker,1790823096,TankPressure_2_HB,18967
3131624,2026-10-01 02:51:37.98476+00,KPEDU,antero,HorseDrinker,1790823096,BowlPressure_HB,10411
3131795,2026-10-01 03:01:38.101474+00,KPEDU,antero,HorseDrinker,1790823696,TankPressure_1_HB,18911
3131796,2026-10-01 03:01:38.101474+00,KPEDU,antero,HorseDrinker,1790823696,TankPressure_2_HB,18924
3131797,2026-10-01 03:01:38.101474+00,KPEDU,antero,HorseDrinker,1790823696,BowlPressure_HB,10405
3132269,2026-10-01 03:11:37.976391+00,KPEDU,antero,HorseDrinker,1790824296,TankPressure_1_HB,18941
3132270,2026-10-01 03:11:37.976391+00,KPEDU,antero,HorseDrinker,1790824296,TankPressure_2_HB,18949
3132271,2026-10-01 03:11:37.976391+00,KPEDU,antero,HorseDrinker,1790824296,BowlPressure_HB,10405
3132454,2026-10-01 03:21:38.002903+00,KPEDU,antero,HorseDrinker,1790824896,TankPressure_1_HB,18972
3132455,2026-10-01 03:21:38.002903+00,KPEDU,antero,HorseDrinker,1790824896,TankPressure_2_HB,18981
3132456,2026-10-01 03:21:38.002903+00,KPEDU,antero,HorseDrinker,1790824896,BowlPressure_HB,10406
3132627,2026-10-01 03:31:37.982876+00,KPEDU,antero,HorseDrinker,1790825496,TankPressure_1_HB,19012
3132628,2026-10-01 03:31:37.982876+00,KPEDU,antero,HorseDrinker,1790825496,TankPressure_2_HB,19004
3132629,2026-10-01 03:31:37.982876+00,KPEDU,antero,HorseDrinker,1790825496,BowlPressure_HB,10403
3133103,2026-10-01 03:41:37.992704+00,KPEDU,antero,HorseDrinker,1790826096,TankPressure_1_HB,19038
3133104,2026-10-01 03:41:37.992704+00,KPEDU,antero,HorseDrinker,1790826096,TankPressure_2_HB,19023
3133105,2026-10-01 03:41:37.992704+00,KPEDU,antero,HorseDrinker,1790826096,BowlPressure_HB,10406
3133276,2026-10-01 03:51:38.193245+00,KPEDU,antero,HorseDrinker,1790826696,TankPressure_1_HB,19034
3133277,2026-10-01 03:51:38.193245+00,KPEDU,antero,HorseDrinker,1790826696,TankPressure_2_HB,19019
3133278,2026-10-01 03:51:38.193245+00,KPEDU,antero,HorseDrinker,1790826696,BowlPressure_HB,10412
3149626,2026-10-01 15:41:38.127215+00,KPEDU,antero,HorseDrinker,1790869296,TankPressure_1_HB,18971
3149627,2026-10-01 15:41:38.127215+00,KPEDU,antero,HorseDrinker,1790869296,TankPressure_2_HB,19139
3149628,2026-10-01 15:41:38.127215+00,KPEDU,antero,HorseDrinker,1790869296,BowlPressure_HB,9547
3149858,2026-10-01 15:51:37.878034+00,KPEDU,antero,HorseDrinker,1790869896,TankPressure_1_HB,19006
3149859,2026-10-01 15:51:37.878034+00,KPEDU,antero,HorseDrinker,1790869896,TankPressure_2_HB,19160
3149860,2026-10-01 15:51:37.878034+00,KPEDU,antero,HorseDrinker,1790869896,BowlPressure_HB,9555
3150079,2026-10-01 16:01:37.953445+00,KPEDU,antero,HorseDrinker,1790870496,TankPressure_1_HB,18969
3150080,2026-10-01 16:01:37.953445+00,KPEDU,antero,HorseDrinker,1790870496,TankPressure_2_HB,19133
3150081,2026-10-01 16:01:37.953445+00,KPEDU,antero,HorseDrinker,1790870496,BowlPressure_HB,9549
3150375,2026-10-01 16:11:37.956624+00,KPEDU,antero,HorseDrinker,1790871096,TankPressure_1_HB,19006
3150376,2026-10-01 16:11:37.956624+00,KPEDU,antero,HorseDrinker,1790871096,TankPressure_2_HB,19154
3150377,2026-10-01 16:11:37.956624+00,KPEDU,antero,HorseDrinker,1790871096,BowlPressure_HB,9552
3150607,2026-10-01 16:21:37.905473+00,KPEDU,antero,HorseDrinker,1790871696,TankPressure_1_HB,18964
3150608,2026-10-01 16:21:37.905473+00,KPEDU,antero,HorseDrinker,1790871696,TankPressure_2_HB,19120
3150609,2026-10-01 16:21:37.905473+00,KPEDU,antero,HorseDrinker,1790871696,BowlPressure_HB,9537
3150786,2026-10-01 16:31:37.884315+00,KPEDU,antero,HorseDrinker,1790872296,TankPressure_1_HB,19000
3150787,2026-10-01 16:31:37.884315+00,KPEDU,antero,HorseDrinker,1790872296,TankPressure_2_HB,19162
3150788,2026-10-01 16:31:37.884315+00,KPEDU,antero,HorseDrinker,1790872296,BowlPressure_HB,9543
3151016,2026-10-01 16:41:37.923097+00,KPEDU,antero,HorseDrinker,1790872896,TankPressure_1_HB,18956
3151017,2026-10-01 16:41:37.923097+00,KPEDU,antero,HorseDrinker,1790872896,TankPressure_2_HB,19112
3151018,2026-10-01 16:41:37.923097+00,KPEDU,antero,HorseDrinker,1790872896,BowlPressure_HB,9548
3151460,2026-10-01 16:51:37.89285+00,KPEDU,antero,HorseDrinker,1790873496,TankPressure_1_HB,18990
3151461,2026-10-01 16:51:37.89285+00,KPEDU,antero,HorseDrinker,1790873496,TankPressure_2_HB,19152
3151462,2026-10-01 16:51:37.89285+00,KPEDU,antero,HorseDrinker,1790873496,BowlPressure_HB,9551
3151639,2026-10-01 17:01:38.053204+00,KPEDU,antero,HorseDrinker,1790874096,TankPressure_1_HB,19005
3151640,2026-10-01 17:01:38.053204+00,KPEDU,antero,HorseDrinker,1790874096,TankPressure_2_HB,19155
3151641,2026-10-01 17:01:38.053204+00,KPEDU,antero,HorseDrinker,1790874096,BowlPressure_HB,9539
3151859,2026-10-01 17:11:37.876185+00,KPEDU,antero,HorseDrinker,1790874696,TankPressure_1_HB,18958
3151860,2026-10-01 17:11:37.876185+00,KPEDU,antero,HorseDrinker,1790874696,TankPressure_2_HB,19118
3151861,2026-10-01 17:11:37.876185+00,KPEDU,antero,HorseDrinker,1790874696,BowlPressure_HB,9543
3152302,2026-10-01 17:21:37.958683+00,KPEDU,antero,HorseDrinker,1790875296,TankPressure_1_HB,18975
3152303,2026-10-01 17:21:37.958683+00,KPEDU,antero,HorseDrinker,1790875296,TankPressure_2_HB,19120
3152304,2026-10-01 17:21:37.958683+00,KPEDU,antero,HorseDrinker,1790875296,BowlPressure_HB,9544
3152469,2026-10-01 17:31:37.937717+00,KPEDU,antero,HorseDrinker,1790875896,TankPressure_1_HB,18955
3152470,2026-10-01 17:31:37.937717+00,KPEDU,antero,HorseDrinker,1790875896,TankPressure_2_HB,19127
3152471,2026-10-01 17:31:37.937717+00,KPEDU,antero,HorseDrinker,1790875896,BowlPressure_HB,9533
3152705,2026-10-01 17:41:37.895431+00,KPEDU,antero,HorseDrinker,1790876496,TankPressure_1_HB,19007
3152706,2026-10-01 17:41:37.895431+00,KPEDU,antero,HorseDrinker,1790876496,TankPressure_2_HB,19158
3152707,2026-10-01 17:41:37.895431+00,KPEDU,antero,HorseDrinker,1790876496,BowlPressure_HB,9537
3153090,2026-10-01 17:51:37.974942+00,KPEDU,antero,HorseDrinker,1790877096,TankPressure_1_HB,18921
3153091,2026-10-01 17:51:37.974942+00,KPEDU,antero,HorseDrinker,1790877096,TankPressure_2_HB,19079
3153092,2026-10-01 17:51:37.974942+00,KPEDU,antero,HorseDrinker,1790877096,BowlPressure_HB,9542
3153273,2026-10-01 18:01:37.950354+00,KPEDU,antero,HorseDrinker,1790877696,TankPressure_1_HB,19012
3153274,2026-10-01 18:01:37.950354+00,KPEDU,antero,HorseDrinker,1790877696,TankPressure_2_HB,19147
3153275,2026-10-01 18:01:37.950354+00,KPEDU,antero,HorseDrinker,1790877696,BowlPressure_HB,9539
3153499,2026-10-01 18:11:37.92613+00,KPEDU,antero,HorseDrinker,1790878296,TankPressure_1_HB,18939
3153500,2026-10-01 18:11:37.92613+00,KPEDU,antero,HorseDrinker,1790878296,TankPressure_2_HB,19085
3153501,2026-10-01 18:11:37.92613+00,KPEDU,antero,HorseDrinker,1790878296,BowlPressure_HB,9535
3153795,2026-10-01 18:21:37.905944+00,KPEDU,antero,HorseDrinker,1790878896,TankPressure_1_HB,18974
3153796,2026-10-01 18:21:37.905944+00,KPEDU,antero,HorseDrinker,1790878896,TankPressure_2_HB,19123
3153797,2026-10-01 18:21:37.905944+00,KPEDU,antero,HorseDrinker,1790878896,BowlPressure_HB,9540
3154061,2026-10-01 18:31:37.956603+00,KPEDU,antero,HorseDrinker,1790879496,TankPressure_1_HB,18910
3138370,2026-10-01 07:01:38.032571+00,KPEDU,antero,HorseDrinker,1790838096,TankPressure_2_HB,18975
3138371,2026-10-01 07:01:38.032571+00,KPEDU,antero,HorseDrinker,1790838096,BowlPressure_HB,10431
3138594,2026-10-01 07:11:38.160061+00,KPEDU,antero,HorseDrinker,1790838696,TankPressure_1_HB,18993
3138595,2026-10-01 07:11:38.160061+00,KPEDU,antero,HorseDrinker,1790838696,TankPressure_2_HB,18992
3138596,2026-10-01 07:11:38.160061+00,KPEDU,antero,HorseDrinker,1790838696,BowlPressure_HB,10423
3138915,2026-10-01 07:21:37.965195+00,KPEDU,antero,HorseDrinker,1790839296,TankPressure_1_HB,18966
3138916,2026-10-01 07:21:37.965195+00,KPEDU,antero,HorseDrinker,1790839296,TankPressure_2_HB,18971
3138917,2026-10-01 07:21:37.965195+00,KPEDU,antero,HorseDrinker,1790839296,BowlPressure_HB,10425
3139190,2026-10-01 07:31:38.058724+00,KPEDU,antero,HorseDrinker,1790839896,TankPressure_1_HB,19058
3139191,2026-10-01 07:31:38.058724+00,KPEDU,antero,HorseDrinker,1790839896,TankPressure_2_HB,19060
3139192,2026-10-01 07:31:38.058724+00,KPEDU,antero,HorseDrinker,1790839896,BowlPressure_HB,10428
3139432,2026-10-01 07:41:37.929909+00,KPEDU,antero,HorseDrinker,1790840496,TankPressure_1_HB,18943
3139433,2026-10-01 07:41:37.929909+00,KPEDU,antero,HorseDrinker,1790840496,TankPressure_2_HB,18946
3139434,2026-10-01 07:41:37.929909+00,KPEDU,antero,HorseDrinker,1790840496,BowlPressure_HB,10429
3139621,2026-10-01 07:51:37.988553+00,KPEDU,antero,HorseDrinker,1790841096,TankPressure_1_HB,19106
3139622,2026-10-01 07:51:37.988553+00,KPEDU,antero,HorseDrinker,1790841096,TankPressure_2_HB,19081
3139623,2026-10-01 07:51:37.988553+00,KPEDU,antero,HorseDrinker,1790841096,BowlPressure_HB,10429
3139833,2026-10-01 08:01:37.946662+00,KPEDU,antero,HorseDrinker,1790841696,TankPressure_1_HB,18978
3139834,2026-10-01 08:01:37.946662+00,KPEDU,antero,HorseDrinker,1790841696,TankPressure_2_HB,19000
3139835,2026-10-01 08:01:37.946662+00,KPEDU,antero,HorseDrinker,1790841696,BowlPressure_HB,10433
3140057,2026-10-01 08:11:37.940669+00,KPEDU,antero,HorseDrinker,1790842296,TankPressure_1_HB,18979
3140058,2026-10-01 08:11:37.940669+00,KPEDU,antero,HorseDrinker,1790842296,TankPressure_2_HB,18997
3140059,2026-10-01 08:11:37.940669+00,KPEDU,antero,HorseDrinker,1790842296,BowlPressure_HB,10433
3140260,2026-10-01 08:21:38.035948+00,KPEDU,antero,HorseDrinker,1790842896,TankPressure_1_HB,19005
3140261,2026-10-01 08:21:38.035948+00,KPEDU,antero,HorseDrinker,1790842896,TankPressure_2_HB,19018
3140262,2026-10-01 08:21:38.035948+00,KPEDU,antero,HorseDrinker,1790842896,BowlPressure_HB,10430
3140570,2026-10-01 08:31:37.993888+00,KPEDU,antero,HorseDrinker,1790843496,TankPressure_1_HB,19013
3140571,2026-10-01 08:31:37.993888+00,KPEDU,antero,HorseDrinker,1790843496,TankPressure_2_HB,19026
3140572,2026-10-01 08:31:37.993888+00,KPEDU,antero,HorseDrinker,1790843496,BowlPressure_HB,10427
3140804,2026-10-01 08:41:37.965582+00,KPEDU,antero,HorseDrinker,1790844096,TankPressure_1_HB,18988
3140805,2026-10-01 08:41:37.965582+00,KPEDU,antero,HorseDrinker,1790844096,TankPressure_2_HB,19026
3140806,2026-10-01 08:41:37.965582+00,KPEDU,antero,HorseDrinker,1790844096,BowlPressure_HB,10437
3140991,2026-10-01 08:51:37.895988+00,KPEDU,antero,HorseDrinker,1790844696,TankPressure_1_HB,19003
3140992,2026-10-01 08:51:37.895988+00,KPEDU,antero,HorseDrinker,1790844696,TankPressure_2_HB,19037
3140993,2026-10-01 08:51:37.895988+00,KPEDU,antero,HorseDrinker,1790844696,BowlPressure_HB,10430
3141197,2026-10-01 09:01:38.000387+00,KPEDU,antero,HorseDrinker,1790845296,TankPressure_1_HB,19025
3141198,2026-10-01 09:01:38.000387+00,KPEDU,antero,HorseDrinker,1790845296,TankPressure_2_HB,19044
3141199,2026-10-01 09:01:38.000387+00,KPEDU,antero,HorseDrinker,1790845296,BowlPressure_HB,10437
3141435,2026-10-01 09:11:37.95846+00,KPEDU,antero,HorseDrinker,1790845896,TankPressure_1_HB,18996
3141436,2026-10-01 09:11:37.95846+00,KPEDU,antero,HorseDrinker,1790845896,TankPressure_2_HB,19046
3141437,2026-10-01 09:11:37.95846+00,KPEDU,antero,HorseDrinker,1790845896,BowlPressure_HB,10435
3141622,2026-10-01 09:21:37.913991+00,KPEDU,antero,HorseDrinker,1790846496,TankPressure_1_HB,18987
3141623,2026-10-01 09:21:37.913991+00,KPEDU,antero,HorseDrinker,1790846496,TankPressure_2_HB,19044
3141624,2026-10-01 09:21:37.913991+00,KPEDU,antero,HorseDrinker,1790846496,BowlPressure_HB,10434
3141849,2026-10-01 09:31:37.916828+00,KPEDU,antero,HorseDrinker,1790847096,TankPressure_1_HB,18965
3141850,2026-10-01 09:31:37.916828+00,KPEDU,antero,HorseDrinker,1790847096,TankPressure_2_HB,19010
3141851,2026-10-01 09:31:37.916828+00,KPEDU,antero,HorseDrinker,1790847096,BowlPressure_HB,10427
3142075,2026-10-01 09:41:38.023513+00,KPEDU,antero,HorseDrinker,1790847696,TankPressure_1_HB,18974
3142076,2026-10-01 09:41:38.023513+00,KPEDU,antero,HorseDrinker,1790847696,TankPressure_2_HB,19024
3142077,2026-10-01 09:41:38.023513+00,KPEDU,antero,HorseDrinker,1790847696,BowlPressure_HB,10425
3142274,2026-10-01 09:51:37.97415+00,KPEDU,antero,HorseDrinker,1790848296,TankPressure_1_HB,18972
3142275,2026-10-01 09:51:37.97415+00,KPEDU,antero,HorseDrinker,1790848296,TankPressure_2_HB,19049
3142276,2026-10-01 09:51:37.97415+00,KPEDU,antero,HorseDrinker,1790848296,BowlPressure_HB,10430
3142490,2026-10-01 10:01:37.936646+00,KPEDU,antero,HorseDrinker,1790848896,TankPressure_1_HB,19013
3142491,2026-10-01 10:01:37.936646+00,KPEDU,antero,HorseDrinker,1790848896,TankPressure_2_HB,19095
3142492,2026-10-01 10:01:37.936646+00,KPEDU,antero,HorseDrinker,1790848896,BowlPressure_HB,10430
3142716,2026-10-01 10:11:37.986317+00,KPEDU,antero,HorseDrinker,1790849496,TankPressure_1_HB,18956
3142717,2026-10-01 10:11:37.986317+00,KPEDU,antero,HorseDrinker,1790849496,TankPressure_2_HB,19033
3142718,2026-10-01 10:11:37.986317+00,KPEDU,antero,HorseDrinker,1790849496,BowlPressure_HB,10428
3142917,2026-10-01 10:21:37.983574+00,KPEDU,antero,HorseDrinker,1790850096,TankPressure_1_HB,19007
3142918,2026-10-01 10:21:37.983574+00,KPEDU,antero,HorseDrinker,1790850096,TankPressure_2_HB,19102
3142919,2026-10-01 10:21:37.983574+00,KPEDU,antero,HorseDrinker,1790850096,BowlPressure_HB,10425
3143123,2026-10-01 10:31:37.946926+00,KPEDU,antero,HorseDrinker,1790850696,TankPressure_1_HB,18978
3143124,2026-10-01 10:31:37.946926+00,KPEDU,antero,HorseDrinker,1790850696,TankPressure_2_HB,19065
3143125,2026-10-01 10:31:37.946926+00,KPEDU,antero,HorseDrinker,1790850696,BowlPressure_HB,10433
3143353,2026-10-01 10:41:38.030308+00,KPEDU,antero,HorseDrinker,1790851296,TankPressure_1_HB,19031
3143354,2026-10-01 10:41:38.030308+00,KPEDU,antero,HorseDrinker,1790851296,TankPressure_2_HB,19122
3143355,2026-10-01 10:41:38.030308+00,KPEDU,antero,HorseDrinker,1790851296,BowlPressure_HB,10433
3143548,2026-10-01 10:51:38.001147+00,KPEDU,antero,HorseDrinker,1790851896,TankPressure_1_HB,19024
3143549,2026-10-01 10:51:38.001147+00,KPEDU,antero,HorseDrinker,1790851896,TankPressure_2_HB,19144
3143550,2026-10-01 10:51:38.001147+00,KPEDU,antero,HorseDrinker,1790851896,BowlPressure_HB,10430
3143750,2026-10-01 11:01:37.977532+00,KPEDU,antero,HorseDrinker,1790852496,TankPressure_1_HB,19015
3143751,2026-10-01 11:01:37.977532+00,KPEDU,antero,HorseDrinker,1790852496,TankPressure_2_HB,19120
3143752,2026-10-01 11:01:37.977532+00,KPEDU,antero,HorseDrinker,1790852496,BowlPressure_HB,10431
3143986,2026-10-01 11:11:37.91789+00,KPEDU,antero,HorseDrinker,1790853096,TankPressure_1_HB,19016
3143987,2026-10-01 11:11:37.91789+00,KPEDU,antero,HorseDrinker,1790853096,TankPressure_2_HB,19160
3143988,2026-10-01 11:11:37.91789+00,KPEDU,antero,HorseDrinker,1790853096,BowlPressure_HB,10431
3144175,2026-10-01 11:21:37.888582+00,KPEDU,antero,HorseDrinker,1790853696,TankPressure_1_HB,19009
3144176,2026-10-01 11:21:37.888582+00,KPEDU,antero,HorseDrinker,1790853696,TankPressure_2_HB,19138
3144177,2026-10-01 11:21:37.888582+00,KPEDU,antero,HorseDrinker,1790853696,BowlPressure_HB,10438
3144373,2026-10-01 11:31:37.990686+00,KPEDU,antero,HorseDrinker,1790854296,TankPressure_1_HB,18954
3144374,2026-10-01 11:31:37.990686+00,KPEDU,antero,HorseDrinker,1790854296,TankPressure_2_HB,19099
3144375,2026-10-01 11:31:37.990686+00,KPEDU,antero,HorseDrinker,1790854296,BowlPressure_HB,10429
3144619,2026-10-01 11:41:37.96838+00,KPEDU,antero,HorseDrinker,1790854896,TankPressure_1_HB,19009
3144620,2026-10-01 11:41:37.96838+00,KPEDU,antero,HorseDrinker,1790854896,TankPressure_2_HB,19168
3144621,2026-10-01 11:41:37.96838+00,KPEDU,antero,HorseDrinker,1790854896,BowlPressure_HB,10429
3144804,2026-10-01 11:51:37.928064+00,KPEDU,antero,HorseDrinker,1790855496,TankPressure_1_HB,18944
3144805,2026-10-01 11:51:37.928064+00,KPEDU,antero,HorseDrinker,1790855496,TankPressure_2_HB,19105
3144806,2026-10-01 11:51:37.928064+00,KPEDU,antero,HorseDrinker,1790855496,BowlPressure_HB,10433
3144997,2026-10-01 12:01:37.917341+00,KPEDU,antero,HorseDrinker,1790856096,TankPressure_1_HB,18974
3144998,2026-10-01 12:01:37.917341+00,KPEDU,antero,HorseDrinker,1790856096,TankPressure_2_HB,19103
3144999,2026-10-01 12:01:37.917341+00,KPEDU,antero,HorseDrinker,1790856096,BowlPressure_HB,10431
3145213,2026-10-01 12:11:37.849086+00,KPEDU,antero,HorseDrinker,1790856696,TankPressure_1_HB,18999
3145214,2026-10-01 12:11:37.849086+00,KPEDU,antero,HorseDrinker,1790856696,TankPressure_2_HB,19153
3145215,2026-10-01 12:11:37.849086+00,KPEDU,antero,HorseDrinker,1790856696,BowlPressure_HB,10435
3145455,2026-10-01 12:21:37.979028+00,KPEDU,antero,HorseDrinker,1790857296,TankPressure_1_HB,18985
3145456,2026-10-01 12:21:37.979028+00,KPEDU,antero,HorseDrinker,1790857296,TankPressure_2_HB,19140
3145457,2026-10-01 12:21:37.979028+00,KPEDU,antero,HorseDrinker,1790857296,BowlPressure_HB,10433
3145644,2026-10-01 12:31:37.94919+00,KPEDU,antero,HorseDrinker,1790857896,TankPressure_1_HB,19032
3145645,2026-10-01 12:31:37.94919+00,KPEDU,antero,HorseDrinker,1790857896,TankPressure_2_HB,19191
3145646,2026-10-01 12:31:37.94919+00,KPEDU,antero,HorseDrinker,1790857896,BowlPressure_HB,10431
3145866,2026-10-01 12:41:37.90804+00,KPEDU,antero,HorseDrinker,1790858496,TankPressure_1_HB,18993
3145867,2026-10-01 12:41:37.90804+00,KPEDU,antero,HorseDrinker,1790858496,TankPressure_2_HB,19134
3145868,2026-10-01 12:41:37.90804+00,KPEDU,antero,HorseDrinker,1790858496,BowlPressure_HB,10438
3146065,2026-10-01 12:51:37.974281+00,KPEDU,antero,HorseDrinker,1790859096,TankPressure_1_HB,18981
3146066,2026-10-01 12:51:37.974281+00,KPEDU,antero,HorseDrinker,1790859096,TankPressure_2_HB,19118
3146067,2026-10-01 12:51:37.974281+00,KPEDU,antero,HorseDrinker,1790859096,BowlPressure_HB,10432
3146271,2026-10-01 13:01:37.950374+00,KPEDU,antero,HorseDrinker,1790859696,TankPressure_1_HB,18984
3146272,2026-10-01 13:01:37.950374+00,KPEDU,antero,HorseDrinker,1790859696,TankPressure_2_HB,19152
3146273,2026-10-01 13:01:37.950374+00,KPEDU,antero,HorseDrinker,1790859696,BowlPressure_HB,10438
3146490,2026-10-01 13:11:37.925337+00,KPEDU,antero,HorseDrinker,1790860296,TankPressure_1_HB,18989
3146491,2026-10-01 13:11:37.925337+00,KPEDU,antero,HorseDrinker,1790860296,TankPressure_2_HB,19141
3146492,2026-10-01 13:11:37.925337+00,KPEDU,antero,HorseDrinker,1790860296,BowlPressure_HB,10428
3146701,2026-10-01 13:21:37.996987+00,KPEDU,antero,HorseDrinker,1790860896,TankPressure_1_HB,18938
3146702,2026-10-01 13:21:37.996987+00,KPEDU,antero,HorseDrinker,1790860896,TankPressure_2_HB,19068
3146703,2026-10-01 13:21:37.996987+00,KPEDU,antero,HorseDrinker,1790860896,BowlPressure_HB,10440
3146881,2026-10-01 13:31:37.96531+00,KPEDU,antero,HorseDrinker,1790861496,TankPressure_1_HB,19004
3146882,2026-10-01 13:31:37.96531+00,KPEDU,antero,HorseDrinker,1790861496,TankPressure_2_HB,19119
3146883,2026-10-01 13:31:37.96531+00,KPEDU,antero,HorseDrinker,1790861496,BowlPressure_HB,10427
3147119,2026-10-01 13:41:37.903131+00,KPEDU,antero,HorseDrinker,1790862096,TankPressure_1_HB,18990
3147120,2026-10-01 13:41:37.903131+00,KPEDU,antero,HorseDrinker,1790862096,TankPressure_2_HB,19118
3147121,2026-10-01 13:41:37.903131+00,KPEDU,antero,HorseDrinker,1790862096,BowlPressure_HB,10438
3147306,2026-10-01 13:51:37.922834+00,KPEDU,antero,HorseDrinker,1790862696,TankPressure_1_HB,18960
3154062,2026-10-01 18:31:37.956603+00,KPEDU,antero,HorseDrinker,1790879496,TankPressure_2_HB,19051
3154063,2026-10-01 18:31:37.956603+00,KPEDU,antero,HorseDrinker,1790879496,BowlPressure_HB,9538
3154294,2026-10-01 18:41:37.942652+00,KPEDU,antero,HorseDrinker,1790880096,TankPressure_1_HB,18975
3154295,2026-10-01 18:41:37.942652+00,KPEDU,antero,HorseDrinker,1790880096,TankPressure_2_HB,19117
3154296,2026-10-01 18:41:37.942652+00,KPEDU,antero,HorseDrinker,1790880096,BowlPressure_HB,9532
3154507,2026-10-01 18:51:37.789775+00,KPEDU,antero,HorseDrinker,1790880696,TankPressure_1_HB,18973
3154508,2026-10-01 18:51:37.789775+00,KPEDU,antero,HorseDrinker,1790880696,TankPressure_2_HB,19117
3154509,2026-10-01 18:51:37.789775+00,KPEDU,antero,HorseDrinker,1790880696,BowlPressure_HB,9533
3154912,2026-10-01 19:01:37.904231+00,KPEDU,antero,HorseDrinker,1790881296,TankPressure_1_HB,18886
3154913,2026-10-01 19:01:37.904231+00,KPEDU,antero,HorseDrinker,1790881296,TankPressure_2_HB,19024
3154914,2026-10-01 19:01:37.904231+00,KPEDU,antero,HorseDrinker,1790881296,BowlPressure_HB,9537
3155130,2026-10-01 19:11:37.980548+00,KPEDU,antero,HorseDrinker,1790881896,TankPressure_1_HB,18961
3155131,2026-10-01 19:11:37.980548+00,KPEDU,antero,HorseDrinker,1790881896,TankPressure_2_HB,19092
3155132,2026-10-01 19:11:37.980548+00,KPEDU,antero,HorseDrinker,1790881896,BowlPressure_HB,9530
3155357,2026-10-01 19:21:38.030607+00,KPEDU,antero,HorseDrinker,1790882496,TankPressure_1_HB,18939
3155358,2026-10-01 19:21:38.030607+00,KPEDU,antero,HorseDrinker,1790882496,TankPressure_2_HB,19061
3155359,2026-10-01 19:21:38.030607+00,KPEDU,antero,HorseDrinker,1790882496,BowlPressure_HB,9529
3155755,2026-10-01 19:31:37.907318+00,KPEDU,antero,HorseDrinker,1790883096,TankPressure_1_HB,18910
3155756,2026-10-01 19:31:37.907318+00,KPEDU,antero,HorseDrinker,1790883096,TankPressure_2_HB,19043
3155757,2026-10-01 19:31:37.907318+00,KPEDU,antero,HorseDrinker,1790883096,BowlPressure_HB,9528
3155985,2026-10-01 19:41:38.00049+00,KPEDU,antero,HorseDrinker,1790883696,TankPressure_1_HB,18970
3155986,2026-10-01 19:41:38.00049+00,KPEDU,antero,HorseDrinker,1790883696,TankPressure_2_HB,19105
3155987,2026-10-01 19:41:38.00049+00,KPEDU,antero,HorseDrinker,1790883696,BowlPressure_HB,9534
3156174,2026-10-01 19:51:37.952879+00,KPEDU,antero,HorseDrinker,1790884296,TankPressure_1_HB,18918
3156175,2026-10-01 19:51:37.952879+00,KPEDU,antero,HorseDrinker,1790884296,TankPressure_2_HB,19048
3156176,2026-10-01 19:51:37.952879+00,KPEDU,antero,HorseDrinker,1790884296,BowlPressure_HB,9536
3156555,2026-10-01 20:01:37.935418+00,KPEDU,antero,HorseDrinker,1790884896,TankPressure_1_HB,18959
3156556,2026-10-01 20:01:37.935418+00,KPEDU,antero,HorseDrinker,1790884896,TankPressure_2_HB,19088
3156557,2026-10-01 20:01:37.935418+00,KPEDU,antero,HorseDrinker,1790884896,BowlPressure_HB,9533
3156793,2026-10-01 20:11:37.997415+00,KPEDU,antero,HorseDrinker,1790885496,TankPressure_1_HB,18975
3156794,2026-10-01 20:11:37.997415+00,KPEDU,antero,HorseDrinker,1790885496,TankPressure_2_HB,19112
3156795,2026-10-01 20:11:37.997415+00,KPEDU,antero,HorseDrinker,1790885496,BowlPressure_HB,9534
3157004,2026-10-01 20:21:37.946475+00,KPEDU,antero,HorseDrinker,1790886096,TankPressure_1_HB,18910
3157005,2026-10-01 20:21:37.946475+00,KPEDU,antero,HorseDrinker,1790886096,TankPressure_2_HB,19034
3157006,2026-10-01 20:21:37.946475+00,KPEDU,antero,HorseDrinker,1790886096,BowlPressure_HB,9536
3157398,2026-10-01 20:31:37.923664+00,KPEDU,antero,HorseDrinker,1790886696,TankPressure_1_HB,18957
3157399,2026-10-01 20:31:37.923664+00,KPEDU,antero,HorseDrinker,1790886696,TankPressure_2_HB,19095
3157400,2026-10-01 20:31:37.923664+00,KPEDU,antero,HorseDrinker,1790886696,BowlPressure_HB,9537
3157612,2026-10-01 20:41:37.933142+00,KPEDU,antero,HorseDrinker,1790887296,TankPressure_1_HB,18976
3157613,2026-10-01 20:41:37.933142+00,KPEDU,antero,HorseDrinker,1790887296,TankPressure_2_HB,19111
3157614,2026-10-01 20:41:37.933142+00,KPEDU,antero,HorseDrinker,1790887296,BowlPressure_HB,9532
3157847,2026-10-01 20:51:37.903011+00,KPEDU,antero,HorseDrinker,1790887896,TankPressure_1_HB,18895
3157848,2026-10-01 20:51:37.903011+00,KPEDU,antero,HorseDrinker,1790887896,TankPressure_2_HB,19022
3157849,2026-10-01 20:51:37.903011+00,KPEDU,antero,HorseDrinker,1790887896,BowlPressure_HB,9524
3158056,2026-10-01 21:01:37.879608+00,KPEDU,antero,HorseDrinker,1790888496,TankPressure_1_HB,18949
3158057,2026-10-01 21:01:37.879608+00,KPEDU,antero,HorseDrinker,1790888496,TankPressure_2_HB,19072
3158058,2026-10-01 21:01:37.879608+00,KPEDU,antero,HorseDrinker,1790888496,BowlPressure_HB,9525
3158439,2026-10-01 21:11:37.826855+00,KPEDU,antero,HorseDrinker,1790889096,TankPressure_1_HB,18956
3158440,2026-10-01 21:11:37.826855+00,KPEDU,antero,HorseDrinker,1790889096,TankPressure_2_HB,19087
3158441,2026-10-01 21:11:37.826855+00,KPEDU,antero,HorseDrinker,1790889096,BowlPressure_HB,9535
3158652,2026-10-01 21:21:37.931797+00,KPEDU,antero,HorseDrinker,1790889696,TankPressure_1_HB,18973
3158653,2026-10-01 21:21:37.931797+00,KPEDU,antero,HorseDrinker,1790889696,TankPressure_2_HB,19100
3158654,2026-10-01 21:21:37.931797+00,KPEDU,antero,HorseDrinker,1790889696,BowlPressure_HB,9529
3158837,2026-10-01 21:31:37.900517+00,KPEDU,antero,HorseDrinker,1790890296,TankPressure_1_HB,18891
3158838,2026-10-01 21:31:37.900517+00,KPEDU,antero,HorseDrinker,1790890296,TankPressure_2_HB,19034
3158839,2026-10-01 21:31:37.900517+00,KPEDU,antero,HorseDrinker,1790890296,BowlPressure_HB,9534
3159316,2026-10-01 21:41:37.86896+00,KPEDU,antero,HorseDrinker,1790890896,TankPressure_1_HB,18939
3159317,2026-10-01 21:41:37.86896+00,KPEDU,antero,HorseDrinker,1790890896,TankPressure_2_HB,19056
3159318,2026-10-01 21:41:37.86896+00,KPEDU,antero,HorseDrinker,1790890896,BowlPressure_HB,9535
3159511,2026-10-01 21:51:37.848177+00,KPEDU,antero,HorseDrinker,1790891496,TankPressure_1_HB,18944
3159512,2026-10-01 21:51:37.848177+00,KPEDU,antero,HorseDrinker,1790891496,TankPressure_2_HB,19082
3159513,2026-10-01 21:51:37.848177+00,KPEDU,antero,HorseDrinker,1790891496,BowlPressure_HB,9534
3159698,2026-10-01 22:01:37.915872+00,KPEDU,antero,HorseDrinker,1790892096,TankPressure_1_HB,18949
3159699,2026-10-01 22:01:37.915872+00,KPEDU,antero,HorseDrinker,1790892096,TankPressure_2_HB,19050
3159700,2026-10-01 22:01:37.915872+00,KPEDU,antero,HorseDrinker,1790892096,BowlPressure_HB,9532
3160145,2026-10-01 22:11:37.898253+00,KPEDU,antero,HorseDrinker,1790892696,TankPressure_1_HB,18896
3160146,2026-10-01 22:11:37.898253+00,KPEDU,antero,HorseDrinker,1790892696,TankPressure_2_HB,19027
3160147,2026-10-01 22:11:37.898253+00,KPEDU,antero,HorseDrinker,1790892696,BowlPressure_HB,9535
3160372,2026-10-01 22:21:37.873084+00,KPEDU,antero,HorseDrinker,1790893296,TankPressure_1_HB,18919
3160373,2026-10-01 22:21:37.873084+00,KPEDU,antero,HorseDrinker,1790893296,TankPressure_2_HB,19036
3160374,2026-10-01 22:21:37.873084+00,KPEDU,antero,HorseDrinker,1790893296,BowlPressure_HB,9537
3160543,2026-10-01 22:31:37.915363+00,KPEDU,antero,HorseDrinker,1790893896,TankPressure_1_HB,18951
3160544,2026-10-01 22:31:37.915363+00,KPEDU,antero,HorseDrinker,1790893896,TankPressure_2_HB,19088
3160545,2026-10-01 22:31:37.915363+00,KPEDU,antero,HorseDrinker,1790893896,BowlPressure_HB,9533
3160947,2026-10-01 22:41:37.913071+00,KPEDU,antero,HorseDrinker,1790894496,TankPressure_1_HB,18899
3160948,2026-10-01 22:41:37.913071+00,KPEDU,antero,HorseDrinker,1790894496,TankPressure_2_HB,19018
3160949,2026-10-01 22:41:37.913071+00,KPEDU,antero,HorseDrinker,1790894496,BowlPressure_HB,9527
3161164,2026-10-01 22:51:37.855098+00,KPEDU,antero,HorseDrinker,1790895096,TankPressure_1_HB,18910
3161165,2026-10-01 22:51:37.855098+00,KPEDU,antero,HorseDrinker,1790895096,TankPressure_2_HB,19036
3161166,2026-10-01 22:51:37.855098+00,KPEDU,antero,HorseDrinker,1790895096,BowlPressure_HB,9524
3161345,2026-10-01 23:01:38.015651+00,KPEDU,antero,HorseDrinker,1790895696,TankPressure_1_HB,18917
3161346,2026-10-01 23:01:38.015651+00,KPEDU,antero,HorseDrinker,1790895696,TankPressure_2_HB,19042
3161347,2026-10-01 23:01:38.015651+00,KPEDU,antero,HorseDrinker,1790895696,BowlPressure_HB,9529
3161807,2026-10-01 23:11:37.902073+00,KPEDU,antero,HorseDrinker,1790896296,TankPressure_1_HB,18985
3161808,2026-10-01 23:11:37.902073+00,KPEDU,antero,HorseDrinker,1790896296,TankPressure_2_HB,19101
3161809,2026-10-01 23:11:37.902073+00,KPEDU,antero,HorseDrinker,1790896296,BowlPressure_HB,9533
3162064,2026-10-01 23:21:37.910551+00,KPEDU,antero,HorseDrinker,1790896896,TankPressure_1_HB,18910
3162065,2026-10-01 23:21:37.910551+00,KPEDU,antero,HorseDrinker,1790896896,TankPressure_2_HB,19021
3162066,2026-10-01 23:21:37.910551+00,KPEDU,antero,HorseDrinker,1790896896,BowlPressure_HB,9531
3162249,2026-10-01 23:31:37.881588+00,KPEDU,antero,HorseDrinker,1790897496,TankPressure_1_HB,18953
3162250,2026-10-01 23:31:37.881588+00,KPEDU,antero,HorseDrinker,1790897496,TankPressure_2_HB,19076
3162251,2026-10-01 23:31:37.881588+00,KPEDU,antero,HorseDrinker,1790897496,BowlPressure_HB,9536
3162473,2026-10-01 23:41:37.834151+00,KPEDU,antero,HorseDrinker,1790898096,TankPressure_1_HB,18950
3162474,2026-10-01 23:41:37.834151+00,KPEDU,antero,HorseDrinker,1790898096,TankPressure_2_HB,19081
3162475,2026-10-01 23:41:37.834151+00,KPEDU,antero,HorseDrinker,1790898096,BowlPressure_HB,9527
3162920,2026-10-01 23:51:37.924205+00,KPEDU,antero,HorseDrinker,1790898696,TankPressure_1_HB,18972
3162921,2026-10-01 23:51:37.924205+00,KPEDU,antero,HorseDrinker,1790898696,TankPressure_2_HB,19083
3162922,2026-10-01 23:51:37.924205+00,KPEDU,antero,HorseDrinker,1790898696,BowlPressure_HB,9537
3163095,2026-10-02 00:01:37.89848+00,KPEDU,antero,HorseDrinker,1790899296,TankPressure_1_HB,18919
3163096,2026-10-02 00:01:37.89848+00,KPEDU,antero,HorseDrinker,1790899296,TankPressure_2_HB,19044
3163097,2026-10-02 00:01:37.89848+00,KPEDU,antero,HorseDrinker,1790899296,BowlPressure_HB,9539
3163331,2026-10-02 00:11:37.848089+00,KPEDU,antero,HorseDrinker,1790899896,TankPressure_1_HB,18931
3163332,2026-10-02 00:11:37.848089+00,KPEDU,antero,HorseDrinker,1790899896,TankPressure_2_HB,19052
3163333,2026-10-02 00:11:37.848089+00,KPEDU,antero,HorseDrinker,1790899896,BowlPressure_HB,9530
3163730,2026-10-02 00:21:37.861889+00,KPEDU,antero,HorseDrinker,1790900496,TankPressure_1_HB,18973
3163731,2026-10-02 00:21:37.861889+00,KPEDU,antero,HorseDrinker,1790900496,TankPressure_2_HB,19093
3163732,2026-10-02 00:21:37.861889+00,KPEDU,antero,HorseDrinker,1790900496,BowlPressure_HB,9535
3163917,2026-10-02 00:31:37.924262+00,KPEDU,antero,HorseDrinker,1790901096,TankPressure_1_HB,18888
3163918,2026-10-02 00:31:37.924262+00,KPEDU,antero,HorseDrinker,1790901096,TankPressure_2_HB,19007
3163919,2026-10-02 00:31:37.924262+00,KPEDU,antero,HorseDrinker,1790901096,BowlPressure_HB,9527
3164133,2026-10-02 00:41:37.897183+00,KPEDU,antero,HorseDrinker,1790901696,TankPressure_1_HB,18953
3164134,2026-10-02 00:41:37.897183+00,KPEDU,antero,HorseDrinker,1790901696,TankPressure_2_HB,19080
3164135,2026-10-02 00:41:37.897183+00,KPEDU,antero,HorseDrinker,1790901696,BowlPressure_HB,9527
3164560,2026-10-02 00:51:38.080118+00,KPEDU,antero,HorseDrinker,1790902296,TankPressure_1_HB,18960
3164561,2026-10-02 00:51:38.080118+00,KPEDU,antero,HorseDrinker,1790902296,TankPressure_2_HB,19085
3164562,2026-10-02 00:51:38.080118+00,KPEDU,antero,HorseDrinker,1790902296,BowlPressure_HB,9541
3164733,2026-10-02 01:01:37.812939+00,KPEDU,antero,HorseDrinker,1790902895,TankPressure_1_HB,18887
3164734,2026-10-02 01:01:37.812939+00,KPEDU,antero,HorseDrinker,1790902895,TankPressure_2_HB,19016
3164735,2026-10-02 01:01:37.812939+00,KPEDU,antero,HorseDrinker,1790902895,BowlPressure_HB,9537
3164965,2026-10-02 01:11:37.905035+00,KPEDU,antero,HorseDrinker,1790903495,TankPressure_1_HB,18953
3164966,2026-10-02 01:11:37.905035+00,KPEDU,antero,HorseDrinker,1790903495,TankPressure_2_HB,19085
3164967,2026-10-02 01:11:37.905035+00,KPEDU,antero,HorseDrinker,1790903495,BowlPressure_HB,9531
3165402,2026-10-02 01:21:37.887419+00,KPEDU,antero,HorseDrinker,1790904095,TankPressure_1_HB,18951
3165403,2026-10-02 01:21:37.887419+00,KPEDU,antero,HorseDrinker,1790904095,TankPressure_2_HB,19072
3165404,2026-10-02 01:21:37.887419+00,KPEDU,antero,HorseDrinker,1790904095,BowlPressure_HB,9529
3165573,2026-10-02 01:31:37.872334+00,KPEDU,antero,HorseDrinker,1790904695,TankPressure_1_HB,18914
3165574,2026-10-02 01:31:37.872334+00,KPEDU,antero,HorseDrinker,1790904695,TankPressure_2_HB,19056
3165575,2026-10-02 01:31:37.872334+00,KPEDU,antero,HorseDrinker,1790904695,BowlPressure_HB,9527
3165806,2026-10-02 01:41:37.839624+00,KPEDU,antero,HorseDrinker,1790905295,TankPressure_1_HB,18941
3165807,2026-10-02 01:41:37.839624+00,KPEDU,antero,HorseDrinker,1790905295,TankPressure_2_HB,19069
3165808,2026-10-02 01:41:37.839624+00,KPEDU,antero,HorseDrinker,1790905295,BowlPressure_HB,9531
3166110,2026-10-02 01:51:37.786739+00,KPEDU,antero,HorseDrinker,1790905895,TankPressure_1_HB,18930
3166111,2026-10-02 01:51:37.786739+00,KPEDU,antero,HorseDrinker,1790905895,TankPressure_2_HB,19049
3166112,2026-10-02 01:51:37.786739+00,KPEDU,antero,HorseDrinker,1790905895,BowlPressure_HB,9530
3166423,2026-10-02 02:01:37.862896+00,KPEDU,antero,HorseDrinker,1790906495,TankPressure_1_HB,18914
3166424,2026-10-02 02:01:37.862896+00,KPEDU,antero,HorseDrinker,1790906495,TankPressure_2_HB,19047
3166425,2026-10-02 02:01:37.862896+00,KPEDU,antero,HorseDrinker,1790906495,BowlPressure_HB,9530
3166653,2026-10-02 02:11:37.863591+00,KPEDU,antero,HorseDrinker,1790907095,TankPressure_1_HB,18923
3166654,2026-10-02 02:11:37.863591+00,KPEDU,antero,HorseDrinker,1790907095,TankPressure_2_HB,19059
3166655,2026-10-02 02:11:37.863591+00,KPEDU,antero,HorseDrinker,1790907095,BowlPressure_HB,9532
3166884,2026-10-02 02:21:37.804002+00,KPEDU,antero,HorseDrinker,1790907695,TankPressure_1_HB,18964
3166885,2026-10-02 02:21:37.804002+00,KPEDU,antero,HorseDrinker,1790907695,TankPressure_2_HB,19073
3166886,2026-10-02 02:21:37.804002+00,KPEDU,antero,HorseDrinker,1790907695,BowlPressure_HB,9538
3167273,2026-10-02 02:31:37.818248+00,KPEDU,antero,HorseDrinker,1790908295,TankPressure_1_HB,18910
3167274,2026-10-02 02:31:37.818248+00,KPEDU,antero,HorseDrinker,1790908295,TankPressure_2_HB,19040
3167275,2026-10-02 02:31:37.818248+00,KPEDU,antero,HorseDrinker,1790908295,BowlPressure_HB,9536
3167503,2026-10-02 02:41:37.8658+00,KPEDU,antero,HorseDrinker,1790908895,TankPressure_1_HB,18938
3167504,2026-10-02 02:41:37.8658+00,KPEDU,antero,HorseDrinker,1790908895,TankPressure_2_HB,19056
3167505,2026-10-02 02:41:37.8658+00,KPEDU,antero,HorseDrinker,1790908895,BowlPressure_HB,9531
3167730,2026-10-02 02:51:37.853287+00,KPEDU,antero,HorseDrinker,1790909495,TankPressure_1_HB,18963
3147307,2026-10-01 13:51:37.922834+00,KPEDU,antero,HorseDrinker,1790862696,TankPressure_2_HB,19101
3147308,2026-10-01 13:51:37.922834+00,KPEDU,antero,HorseDrinker,1790862696,BowlPressure_HB,10429
3147497,2026-10-01 14:01:37.8816+00,KPEDU,antero,HorseDrinker,1790863296,TankPressure_1_HB,18943
3147498,2026-10-01 14:01:37.8816+00,KPEDU,antero,HorseDrinker,1790863296,TankPressure_2_HB,19077
3147499,2026-10-01 14:01:37.8816+00,KPEDU,antero,HorseDrinker,1790863296,BowlPressure_HB,10427
3147725,2026-10-01 14:11:37.967812+00,KPEDU,antero,HorseDrinker,1790863896,TankPressure_1_HB,18988
3147726,2026-10-01 14:11:37.967812+00,KPEDU,antero,HorseDrinker,1790863896,TankPressure_2_HB,19137
3147727,2026-10-01 14:11:37.967812+00,KPEDU,antero,HorseDrinker,1790863896,BowlPressure_HB,10425
3147944,2026-10-01 14:21:37.918286+00,KPEDU,antero,HorseDrinker,1790864496,TankPressure_1_HB,18956
3147945,2026-10-01 14:21:37.918286+00,KPEDU,antero,HorseDrinker,1790864496,TankPressure_2_HB,19097
3147946,2026-10-01 14:21:37.918286+00,KPEDU,antero,HorseDrinker,1790864496,BowlPressure_HB,10431
3148115,2026-10-01 14:31:37.904056+00,KPEDU,antero,HorseDrinker,1790865096,TankPressure_1_HB,18977
3148116,2026-10-01 14:31:37.904056+00,KPEDU,antero,HorseDrinker,1790865096,TankPressure_2_HB,19131
3148117,2026-10-01 14:31:37.904056+00,KPEDU,antero,HorseDrinker,1790865096,BowlPressure_HB,9545
3148349,2026-10-01 14:41:37.992135+00,KPEDU,antero,HorseDrinker,1790865696,TankPressure_1_HB,18999
3148350,2026-10-01 14:41:37.992135+00,KPEDU,antero,HorseDrinker,1790865696,TankPressure_2_HB,19145
3148351,2026-10-01 14:41:37.992135+00,KPEDU,antero,HorseDrinker,1790865696,BowlPressure_HB,9547
3148585,2026-10-01 14:51:37.942328+00,KPEDU,antero,HorseDrinker,1790866296,TankPressure_1_HB,19004
3148586,2026-10-01 14:51:37.942328+00,KPEDU,antero,HorseDrinker,1790866296,TankPressure_2_HB,19151
3148587,2026-10-01 14:51:37.942328+00,KPEDU,antero,HorseDrinker,1790866296,BowlPressure_HB,9539
3148756,2026-10-01 15:01:37.920206+00,KPEDU,antero,HorseDrinker,1790866896,TankPressure_1_HB,19023
3148757,2026-10-01 15:01:37.920206+00,KPEDU,antero,HorseDrinker,1790866896,TankPressure_2_HB,19171
3148758,2026-10-01 15:01:37.920206+00,KPEDU,antero,HorseDrinker,1790866896,BowlPressure_HB,9540
3149000,2026-10-01 15:11:37.889599+00,KPEDU,antero,HorseDrinker,1790867496,TankPressure_1_HB,19002
3149001,2026-10-01 15:11:37.889599+00,KPEDU,antero,HorseDrinker,1790867496,TankPressure_2_HB,19144
3149002,2026-10-01 15:11:37.889599+00,KPEDU,antero,HorseDrinker,1790867496,BowlPressure_HB,9554
3149217,2026-10-01 15:21:37.972635+00,KPEDU,antero,HorseDrinker,1790868096,TankPressure_1_HB,18974
3149218,2026-10-01 15:21:37.972635+00,KPEDU,antero,HorseDrinker,1790868096,TankPressure_2_HB,19110
3149219,2026-10-01 15:21:37.972635+00,KPEDU,antero,HorseDrinker,1790868096,BowlPressure_HB,9560
3149394,2026-10-01 15:31:37.946032+00,KPEDU,antero,HorseDrinker,1790868696,TankPressure_1_HB,18979
3149395,2026-10-01 15:31:37.946032+00,KPEDU,antero,HorseDrinker,1790868696,TankPressure_2_HB,19136
3149396,2026-10-01 15:31:37.946032+00,KPEDU,antero,HorseDrinker,1790868696,BowlPressure_HB,9553
3168985,2026-10-02 03:41:37.814394+00,KPEDU,antero,HorseDrinker,1790912495,TankPressure_1_HB,18894
3168986,2026-10-02 03:41:37.814394+00,KPEDU,antero,HorseDrinker,1790912495,TankPressure_2_HB,19021
3168987,2026-10-02 03:41:37.814394+00,KPEDU,antero,HorseDrinker,1790912495,BowlPressure_HB,9536
3169212,2026-10-02 03:51:37.907703+00,KPEDU,antero,HorseDrinker,1790913095,TankPressure_1_HB,18923
3169213,2026-10-02 03:51:37.907703+00,KPEDU,antero,HorseDrinker,1790913095,TankPressure_2_HB,19051
3169214,2026-10-02 03:51:37.907703+00,KPEDU,antero,HorseDrinker,1790913095,BowlPressure_HB,9537
3169387,2026-10-02 04:01:37.841841+00,KPEDU,antero,HorseDrinker,1790913695,TankPressure_1_HB,18956
3169388,2026-10-02 04:01:37.841841+00,KPEDU,antero,HorseDrinker,1790913695,TankPressure_2_HB,19062
3169389,2026-10-02 04:01:37.841841+00,KPEDU,antero,HorseDrinker,1790913695,BowlPressure_HB,9532
3169621,2026-10-02 04:11:37.862367+00,KPEDU,antero,HorseDrinker,1790914295,TankPressure_1_HB,18863
3169622,2026-10-02 04:11:37.862367+00,KPEDU,antero,HorseDrinker,1790914295,TankPressure_2_HB,19010
3169623,2026-10-02 04:11:37.862367+00,KPEDU,antero,HorseDrinker,1790914295,BowlPressure_HB,9532
3169826,2026-10-02 04:21:37.830323+00,KPEDU,antero,HorseDrinker,1790914895,TankPressure_1_HB,18895
3169827,2026-10-02 04:21:37.830323+00,KPEDU,antero,HorseDrinker,1790914895,TankPressure_2_HB,19046
3169828,2026-10-02 04:21:37.830323+00,KPEDU,antero,HorseDrinker,1790914895,BowlPressure_HB,9542
3170003,2026-10-02 04:31:37.899867+00,KPEDU,antero,HorseDrinker,1790915495,TankPressure_1_HB,18906
3170004,2026-10-02 04:31:37.899867+00,KPEDU,antero,HorseDrinker,1790915495,TankPressure_2_HB,19068
3170005,2026-10-02 04:31:37.899867+00,KPEDU,antero,HorseDrinker,1790915495,BowlPressure_HB,9548
3170235,2026-10-02 04:41:37.858847+00,KPEDU,antero,HorseDrinker,1790916095,TankPressure_1_HB,18971
3170236,2026-10-02 04:41:37.858847+00,KPEDU,antero,HorseDrinker,1790916095,TankPressure_2_HB,19134
3170237,2026-10-02 04:41:37.858847+00,KPEDU,antero,HorseDrinker,1790916095,BowlPressure_HB,9554
3170450,2026-10-02 04:51:37.846508+00,KPEDU,antero,HorseDrinker,1790916695,TankPressure_1_HB,18879
3170451,2026-10-02 04:51:37.846508+00,KPEDU,antero,HorseDrinker,1790916695,TankPressure_2_HB,19039
3170452,2026-10-02 04:51:37.846508+00,KPEDU,antero,HorseDrinker,1790916695,BowlPressure_HB,9274
3170631,2026-10-02 05:01:37.818226+00,KPEDU,antero,HorseDrinker,1790917295,TankPressure_1_HB,18881
3170632,2026-10-02 05:01:37.818226+00,KPEDU,antero,HorseDrinker,1790917295,TankPressure_2_HB,19034
3170633,2026-10-02 05:01:37.818226+00,KPEDU,antero,HorseDrinker,1790917295,BowlPressure_HB,9267
3170859,2026-10-02 05:11:37.98305+00,KPEDU,antero,HorseDrinker,1790917895,TankPressure_1_HB,18953
3170860,2026-10-02 05:11:37.98305+00,KPEDU,antero,HorseDrinker,1790917895,TankPressure_2_HB,19101
3170861,2026-10-02 05:11:37.98305+00,KPEDU,antero,HorseDrinker,1790917895,BowlPressure_HB,9322
3171086,2026-10-02 05:21:37.835638+00,KPEDU,antero,HorseDrinker,1790918495,TankPressure_1_HB,18919
3171087,2026-10-02 05:21:37.835638+00,KPEDU,antero,HorseDrinker,1790918495,TankPressure_2_HB,19079
3171088,2026-10-02 05:21:37.835638+00,KPEDU,antero,HorseDrinker,1790918495,BowlPressure_HB,9324
3171257,2026-10-02 05:31:37.802507+00,KPEDU,antero,HorseDrinker,1790919095,TankPressure_1_HB,18938
3171258,2026-10-02 05:31:37.802507+00,KPEDU,antero,HorseDrinker,1790919095,TankPressure_2_HB,19080
3171259,2026-10-02 05:31:37.802507+00,KPEDU,antero,HorseDrinker,1790919095,BowlPressure_HB,9325
3171535,2026-10-02 05:41:37.914588+00,KPEDU,antero,HorseDrinker,1790919695,TankPressure_1_HB,18923
3171536,2026-10-02 05:41:37.914588+00,KPEDU,antero,HorseDrinker,1790919695,TankPressure_2_HB,19079
3171537,2026-10-02 05:41:37.914588+00,KPEDU,antero,HorseDrinker,1790919695,BowlPressure_HB,9333
3171746,2026-10-02 05:51:37.892125+00,KPEDU,antero,HorseDrinker,1790920295,TankPressure_1_HB,18874
3171747,2026-10-02 05:51:37.892125+00,KPEDU,antero,HorseDrinker,1790920295,TankPressure_2_HB,19022
3171748,2026-10-02 05:51:37.892125+00,KPEDU,antero,HorseDrinker,1790920295,BowlPressure_HB,9325
3171931,2026-10-02 06:01:37.840609+00,KPEDU,antero,HorseDrinker,1790920895,TankPressure_1_HB,18930
3171932,2026-10-02 06:01:37.840609+00,KPEDU,antero,HorseDrinker,1790920895,TankPressure_2_HB,19086
3171933,2026-10-02 06:01:37.840609+00,KPEDU,antero,HorseDrinker,1790920895,BowlPressure_HB,9329
3172155,2026-10-02 06:11:37.836099+00,KPEDU,antero,HorseDrinker,1790921495,TankPressure_1_HB,18910
3172156,2026-10-02 06:11:37.836099+00,KPEDU,antero,HorseDrinker,1790921495,TankPressure_2_HB,19064
3172157,2026-10-02 06:11:37.836099+00,KPEDU,antero,HorseDrinker,1790921495,BowlPressure_HB,9334
3172382,2026-10-02 06:21:37.783712+00,KPEDU,antero,HorseDrinker,1790922095,TankPressure_1_HB,18873
3172383,2026-10-02 06:21:37.783712+00,KPEDU,antero,HorseDrinker,1790922095,TankPressure_2_HB,19024
3172384,2026-10-02 06:21:37.783712+00,KPEDU,antero,HorseDrinker,1790922095,BowlPressure_HB,9323
3172551,2026-10-02 06:31:37.842579+00,KPEDU,antero,HorseDrinker,1790922695,TankPressure_1_HB,18880
3172552,2026-10-02 06:31:37.842579+00,KPEDU,antero,HorseDrinker,1790922695,TankPressure_2_HB,19038
3172553,2026-10-02 06:31:37.842579+00,KPEDU,antero,HorseDrinker,1790922695,BowlPressure_HB,9316
3172793,2026-10-02 06:41:37.845439+00,KPEDU,antero,HorseDrinker,1790923295,TankPressure_1_HB,18925
3172794,2026-10-02 06:41:37.845439+00,KPEDU,antero,HorseDrinker,1790923295,TankPressure_2_HB,19080
3172795,2026-10-02 06:41:37.845439+00,KPEDU,antero,HorseDrinker,1790923295,BowlPressure_HB,9318
3173010,2026-10-02 06:51:37.801546+00,KPEDU,antero,HorseDrinker,1790923895,TankPressure_1_HB,18973
3173011,2026-10-02 06:51:37.801546+00,KPEDU,antero,HorseDrinker,1790923895,TankPressure_2_HB,19113
3173012,2026-10-02 06:51:37.801546+00,KPEDU,antero,HorseDrinker,1790923895,BowlPressure_HB,9313
3173189,2026-10-02 07:01:37.897679+00,KPEDU,antero,HorseDrinker,1790924495,TankPressure_1_HB,18967
3173190,2026-10-02 07:01:37.897679+00,KPEDU,antero,HorseDrinker,1790924495,TankPressure_2_HB,19123
3173191,2026-10-02 07:01:37.897679+00,KPEDU,antero,HorseDrinker,1790924495,BowlPressure_HB,9314
3173419,2026-10-02 07:11:37.860368+00,KPEDU,antero,HorseDrinker,1790925095,TankPressure_1_HB,18956
3173420,2026-10-02 07:11:37.860368+00,KPEDU,antero,HorseDrinker,1790925095,TankPressure_2_HB,19107
3173421,2026-10-02 07:11:37.860368+00,KPEDU,antero,HorseDrinker,1790925095,BowlPressure_HB,9312
3173640,2026-10-02 07:21:37.844061+00,KPEDU,antero,HorseDrinker,1790925695,TankPressure_1_HB,18950
3173641,2026-10-02 07:21:37.844061+00,KPEDU,antero,HorseDrinker,1790925695,TankPressure_2_HB,19085
3173642,2026-10-02 07:21:37.844061+00,KPEDU,antero,HorseDrinker,1790925695,BowlPressure_HB,9314
3173823,2026-10-02 07:31:37.888296+00,KPEDU,antero,HorseDrinker,1790926295,TankPressure_1_HB,18873
3173824,2026-10-02 07:31:37.888296+00,KPEDU,antero,HorseDrinker,1790926295,TankPressure_2_HB,19004
3173825,2026-10-02 07:31:37.888296+00,KPEDU,antero,HorseDrinker,1790926295,BowlPressure_HB,9316
3174931,2026-10-02 08:21:37.447404+00,KPEDU,antero,HorseDrinker,1790926895,TankPressure_1_HB,18865
3174932,2026-10-02 08:21:37.447404+00,KPEDU,antero,HorseDrinker,1790926895,TankPressure_2_HB,18993
3174933,2026-10-02 08:21:37.447404+00,KPEDU,antero,HorseDrinker,1790926895,BowlPressure_HB,9301
3174934,2026-10-02 08:21:37.447404+00,KPEDU,antero,HorseDrinker,1790927495,TankPressure_1_HB,18917
3174935,2026-10-02 08:21:37.447404+00,KPEDU,antero,HorseDrinker,1790927495,TankPressure_2_HB,19041
3174936,2026-10-02 08:21:37.447404+00,KPEDU,antero,HorseDrinker,1790927495,BowlPressure_HB,9315
3174937,2026-10-02 08:21:37.447404+00,KPEDU,antero,HorseDrinker,1790928095,TankPressure_1_HB,18866
3174938,2026-10-02 08:21:37.447404+00,KPEDU,antero,HorseDrinker,1790928095,TankPressure_2_HB,19003
3174939,2026-10-02 08:21:37.447404+00,KPEDU,antero,HorseDrinker,1790928095,BowlPressure_HB,9330
3174940,2026-10-02 08:21:37.447404+00,KPEDU,antero,HorseDrinker,1790928695,TankPressure_1_HB,18837
3174941,2026-10-02 08:21:37.447404+00,KPEDU,antero,HorseDrinker,1790928695,TankPressure_2_HB,18963
3174942,2026-10-02 08:21:37.447404+00,KPEDU,antero,HorseDrinker,1790928695,BowlPressure_HB,9319
3174943,2026-10-02 08:21:37.447404+00,KPEDU,antero,HorseDrinker,1790929295,TankPressure_1_HB,18863
3174944,2026-10-02 08:21:37.447404+00,KPEDU,antero,HorseDrinker,1790929295,TankPressure_2_HB,18993
3174945,2026-10-02 08:21:37.447404+00,KPEDU,antero,HorseDrinker,1790929295,BowlPressure_HB,9330
3175120,2026-10-02 08:31:37.415608+00,KPEDU,antero,HorseDrinker,1790929895,TankPressure_1_HB,18915
3175121,2026-10-02 08:31:37.415608+00,KPEDU,antero,HorseDrinker,1790929895,TankPressure_2_HB,19028
3175122,2026-10-02 08:31:37.415608+00,KPEDU,antero,HorseDrinker,1790929895,BowlPressure_HB,9321
3175382,2026-10-02 08:41:37.253478+00,KPEDU,antero,HorseDrinker,1790930495,TankPressure_1_HB,18953
3175383,2026-10-02 08:41:37.253478+00,KPEDU,antero,HorseDrinker,1790930495,TankPressure_2_HB,19079
3175384,2026-10-02 08:41:37.253478+00,KPEDU,antero,HorseDrinker,1790930495,BowlPressure_HB,9331
3175563,2026-10-02 08:51:37.356382+00,KPEDU,antero,HorseDrinker,1790931095,TankPressure_1_HB,18937
3175564,2026-10-02 08:51:37.356382+00,KPEDU,antero,HorseDrinker,1790931095,TankPressure_2_HB,19088
3175565,2026-10-02 08:51:37.356382+00,KPEDU,antero,HorseDrinker,1790931095,BowlPressure_HB,9320
3175740,2026-10-02 09:01:37.188859+00,KPEDU,antero,HorseDrinker,1790931695,TankPressure_1_HB,18921
3175741,2026-10-02 09:01:37.188859+00,KPEDU,antero,HorseDrinker,1790931695,TankPressure_2_HB,19056
3175742,2026-10-02 09:01:37.188859+00,KPEDU,antero,HorseDrinker,1790931695,BowlPressure_HB,9325
3176020,2026-10-02 09:11:37.113712+00,KPEDU,antero,HorseDrinker,1790932295,TankPressure_1_HB,18903
3176021,2026-10-02 09:11:37.113712+00,KPEDU,antero,HorseDrinker,1790932295,TankPressure_2_HB,19054
3176022,2026-10-02 09:11:37.113712+00,KPEDU,antero,HorseDrinker,1790932295,BowlPressure_HB,9334
3176195,2026-10-02 09:21:37.278126+00,KPEDU,antero,HorseDrinker,1790932895,TankPressure_1_HB,18914
3176196,2026-10-02 09:21:37.278126+00,KPEDU,antero,HorseDrinker,1790932895,TankPressure_2_HB,19062
3176197,2026-10-02 09:21:37.278126+00,KPEDU,antero,HorseDrinker,1790932895,BowlPressure_HB,9335
3176372,2026-10-02 09:31:37.465866+00,KPEDU,antero,HorseDrinker,1790933495,TankPressure_1_HB,18926
3176373,2026-10-02 09:31:37.465866+00,KPEDU,antero,HorseDrinker,1790933495,TankPressure_2_HB,19077
3176374,2026-10-02 09:31:37.465866+00,KPEDU,antero,HorseDrinker,1790933495,BowlPressure_HB,9336
3176648,2026-10-02 09:41:37.104033+00,KPEDU,antero,HorseDrinker,1790934095,TankPressure_1_HB,18913
3176649,2026-10-02 09:41:37.104033+00,KPEDU,antero,HorseDrinker,1790934095,TankPressure_2_HB,19055
3176650,2026-10-02 09:41:37.104033+00,KPEDU,antero,HorseDrinker,1790934095,BowlPressure_HB,9340
3176825,2026-10-02 09:51:37.254554+00,KPEDU,antero,HorseDrinker,1790934695,TankPressure_1_HB,18942
3176826,2026-10-02 09:51:37.254554+00,KPEDU,antero,HorseDrinker,1790934695,TankPressure_2_HB,19086
3176827,2026-10-02 09:51:37.254554+00,KPEDU,antero,HorseDrinker,1790934695,BowlPressure_HB,9332
3177006,2026-10-02 10:01:37.128753+00,KPEDU,antero,HorseDrinker,1790935295,TankPressure_1_HB,18955
3177007,2026-10-02 10:01:37.128753+00,KPEDU,antero,HorseDrinker,1790935295,TankPressure_2_HB,19105
3177008,2026-10-02 10:01:37.128753+00,KPEDU,antero,HorseDrinker,1790935295,BowlPressure_HB,9340
3188290,2026-10-02 18:41:37.16529+00,KPEDU,antero,HorseDrinker,1790966495,TankPressure_1_HB,18893
3188291,2026-10-02 18:41:37.16529+00,KPEDU,antero,HorseDrinker,1790966495,TankPressure_2_HB,18996
3188292,2026-10-02 18:41:37.16529+00,KPEDU,antero,HorseDrinker,1790966495,BowlPressure_HB,9310
3188475,2026-10-02 18:51:37.443726+00,KPEDU,antero,HorseDrinker,1790967095,TankPressure_1_HB,18925
3188476,2026-10-02 18:51:37.443726+00,KPEDU,antero,HorseDrinker,1790967095,TankPressure_2_HB,19035
3188477,2026-10-02 18:51:37.443726+00,KPEDU,antero,HorseDrinker,1790967095,BowlPressure_HB,9303
3188700,2026-10-02 19:01:37.241121+00,KPEDU,antero,HorseDrinker,1790967695,TankPressure_1_HB,18905
3188701,2026-10-02 19:01:37.241121+00,KPEDU,antero,HorseDrinker,1790967695,TankPressure_2_HB,18986
3188702,2026-10-02 19:01:37.241121+00,KPEDU,antero,HorseDrinker,1790967695,BowlPressure_HB,9312
3189154,2026-10-02 19:11:37.304364+00,KPEDU,antero,HorseDrinker,1790968295,TankPressure_1_HB,18928
3189155,2026-10-02 19:11:37.304364+00,KPEDU,antero,HorseDrinker,1790968295,TankPressure_2_HB,19018
3189156,2026-10-02 19:11:37.304364+00,KPEDU,antero,HorseDrinker,1790968295,BowlPressure_HB,9304
3189325,2026-10-02 19:21:37.258309+00,KPEDU,antero,HorseDrinker,1790968895,TankPressure_1_HB,18940
3189326,2026-10-02 19:21:37.258309+00,KPEDU,antero,HorseDrinker,1790968895,TankPressure_2_HB,19041
3189327,2026-10-02 19:21:37.258309+00,KPEDU,antero,HorseDrinker,1790968895,BowlPressure_HB,9307
3189552,2026-10-02 19:31:37.097824+00,KPEDU,antero,HorseDrinker,1790969495,TankPressure_1_HB,18884
3189553,2026-10-02 19:31:37.097824+00,KPEDU,antero,HorseDrinker,1790969495,TankPressure_2_HB,18956
3189554,2026-10-02 19:31:37.097824+00,KPEDU,antero,HorseDrinker,1790969495,BowlPressure_HB,9311
3189892,2026-10-02 19:41:37.236887+00,KPEDU,antero,HorseDrinker,1790970095,TankPressure_1_HB,18921
3189893,2026-10-02 19:41:37.236887+00,KPEDU,antero,HorseDrinker,1790970095,TankPressure_2_HB,19012
3189894,2026-10-02 19:41:37.236887+00,KPEDU,antero,HorseDrinker,1790970095,BowlPressure_HB,9307
3190157,2026-10-02 19:51:37.34359+00,KPEDU,antero,HorseDrinker,1790970695,TankPressure_1_HB,18931
3190158,2026-10-02 19:51:37.34359+00,KPEDU,antero,HorseDrinker,1790970695,TankPressure_2_HB,19019
3190159,2026-10-02 19:51:37.34359+00,KPEDU,antero,HorseDrinker,1790970695,BowlPressure_HB,9306
3190372,2026-10-02 20:01:37.29598+00,KPEDU,antero,HorseDrinker,1790971295,TankPressure_1_HB,18953
3167731,2026-10-02 02:51:37.853287+00,KPEDU,antero,HorseDrinker,1790909495,TankPressure_2_HB,19087
3167732,2026-10-02 02:51:37.853287+00,KPEDU,antero,HorseDrinker,1790909495,BowlPressure_HB,9533
3168121,2026-10-02 03:01:37.909785+00,KPEDU,antero,HorseDrinker,1790910095,TankPressure_1_HB,18884
3168122,2026-10-02 03:01:37.909785+00,KPEDU,antero,HorseDrinker,1790910095,TankPressure_2_HB,19007
3168123,2026-10-02 03:01:37.909785+00,KPEDU,antero,HorseDrinker,1790910095,BowlPressure_HB,9530
3168355,2026-10-02 03:11:37.787007+00,KPEDU,antero,HorseDrinker,1790910695,TankPressure_1_HB,18946
3168356,2026-10-02 03:11:37.787007+00,KPEDU,antero,HorseDrinker,1790910695,TankPressure_2_HB,19074
3168357,2026-10-02 03:11:37.787007+00,KPEDU,antero,HorseDrinker,1790910695,BowlPressure_HB,9533
3168570,2026-10-02 03:21:37.868936+00,KPEDU,antero,HorseDrinker,1790911295,TankPressure_1_HB,18953
3168571,2026-10-02 03:21:37.868936+00,KPEDU,antero,HorseDrinker,1790911295,TankPressure_2_HB,19081
3168572,2026-10-02 03:21:37.868936+00,KPEDU,antero,HorseDrinker,1790911295,BowlPressure_HB,9533
3168751,2026-10-02 03:31:37.873776+00,KPEDU,antero,HorseDrinker,1790911895,TankPressure_1_HB,18892
3168752,2026-10-02 03:31:37.873776+00,KPEDU,antero,HorseDrinker,1790911895,TankPressure_2_HB,19006
3168753,2026-10-02 03:31:37.873776+00,KPEDU,antero,HorseDrinker,1790911895,BowlPressure_HB,9538
3177290,2026-10-02 10:11:37.344812+00,KPEDU,antero,HorseDrinker,1790935895,TankPressure_1_HB,18903
3177291,2026-10-02 10:11:37.344812+00,KPEDU,antero,HorseDrinker,1790935895,TankPressure_2_HB,19035
3177292,2026-10-02 10:11:37.344812+00,KPEDU,antero,HorseDrinker,1790935895,BowlPressure_HB,9333
3177521,2026-10-02 10:21:37.155679+00,KPEDU,antero,HorseDrinker,1790936495,TankPressure_1_HB,18875
3177522,2026-10-02 10:21:37.155679+00,KPEDU,antero,HorseDrinker,1790936495,TankPressure_2_HB,19009
3177523,2026-10-02 10:21:37.155679+00,KPEDU,antero,HorseDrinker,1790936495,BowlPressure_HB,9337
3177700,2026-10-02 10:31:37.256213+00,KPEDU,antero,HorseDrinker,1790937095,TankPressure_1_HB,18866
3177701,2026-10-02 10:31:37.256213+00,KPEDU,antero,HorseDrinker,1790937095,TankPressure_2_HB,19005
3177702,2026-10-02 10:31:37.256213+00,KPEDU,antero,HorseDrinker,1790937095,BowlPressure_HB,9338
3177932,2026-10-02 10:41:37.110056+00,KPEDU,antero,HorseDrinker,1790937695,TankPressure_1_HB,18938
3177933,2026-10-02 10:41:37.110056+00,KPEDU,antero,HorseDrinker,1790937695,TankPressure_2_HB,19070
3177934,2026-10-02 10:41:37.110056+00,KPEDU,antero,HorseDrinker,1790937695,BowlPressure_HB,9343
3178159,2026-10-02 10:51:37.137957+00,KPEDU,antero,HorseDrinker,1790938295,TankPressure_1_HB,18903
3178160,2026-10-02 10:51:37.137957+00,KPEDU,antero,HorseDrinker,1790938295,TankPressure_2_HB,19045
3178161,2026-10-02 10:51:37.137957+00,KPEDU,antero,HorseDrinker,1790938295,BowlPressure_HB,9339
3178338,2026-10-02 11:01:37.253683+00,KPEDU,antero,HorseDrinker,1790938895,TankPressure_1_HB,18920
3178339,2026-10-02 11:01:37.253683+00,KPEDU,antero,HorseDrinker,1790938895,TankPressure_2_HB,19062
3178340,2026-10-02 11:01:37.253683+00,KPEDU,antero,HorseDrinker,1790938895,BowlPressure_HB,9340
3178568,2026-10-02 11:11:37.208619+00,KPEDU,antero,HorseDrinker,1790939495,TankPressure_1_HB,18922
3178569,2026-10-02 11:11:37.208619+00,KPEDU,antero,HorseDrinker,1790939495,TankPressure_2_HB,19073
3178570,2026-10-02 11:11:37.208619+00,KPEDU,antero,HorseDrinker,1790939495,BowlPressure_HB,9343
3178755,2026-10-02 11:21:37.368591+00,KPEDU,antero,HorseDrinker,1790940095,TankPressure_1_HB,18893
3178756,2026-10-02 11:21:37.368591+00,KPEDU,antero,HorseDrinker,1790940095,TankPressure_2_HB,19016
3178757,2026-10-02 11:21:37.368591+00,KPEDU,antero,HorseDrinker,1790940095,BowlPressure_HB,9346
3178934,2026-10-02 11:31:37.337143+00,KPEDU,antero,HorseDrinker,1790940695,TankPressure_1_HB,18910
3178935,2026-10-02 11:31:37.337143+00,KPEDU,antero,HorseDrinker,1790940695,TankPressure_2_HB,19044
3178936,2026-10-02 11:31:37.337143+00,KPEDU,antero,HorseDrinker,1790940695,BowlPressure_HB,9341
3179191,2026-10-02 11:41:37.267106+00,KPEDU,antero,HorseDrinker,1790941295,TankPressure_1_HB,18947
3179192,2026-10-02 11:41:37.267106+00,KPEDU,antero,HorseDrinker,1790941295,TankPressure_2_HB,19080
3179193,2026-10-02 11:41:37.267106+00,KPEDU,antero,HorseDrinker,1790941295,BowlPressure_HB,9335
3179364,2026-10-02 11:51:37.30686+00,KPEDU,antero,HorseDrinker,1790941895,TankPressure_1_HB,18882
3179365,2026-10-02 11:51:37.30686+00,KPEDU,antero,HorseDrinker,1790941895,TankPressure_2_HB,19016
3179366,2026-10-02 11:51:37.30686+00,KPEDU,antero,HorseDrinker,1790941895,BowlPressure_HB,9341
3179549,2026-10-02 12:01:37.401068+00,KPEDU,antero,HorseDrinker,1790942495,TankPressure_1_HB,18929
3179550,2026-10-02 12:01:37.401068+00,KPEDU,antero,HorseDrinker,1790942495,TankPressure_2_HB,19062
3179551,2026-10-02 12:01:37.401068+00,KPEDU,antero,HorseDrinker,1790942495,BowlPressure_HB,9338
3179829,2026-10-02 12:11:39.265165+00,KPEDU,antero,HorseDrinker,1790943095,TankPressure_1_HB,18943
3179830,2026-10-02 12:11:39.265165+00,KPEDU,antero,HorseDrinker,1790943095,TankPressure_2_HB,19076
3179831,2026-10-02 12:11:39.265165+00,KPEDU,antero,HorseDrinker,1790943095,BowlPressure_HB,9337
3180014,2026-10-02 12:21:37.15238+00,KPEDU,antero,HorseDrinker,1790943695,TankPressure_1_HB,18947
3180015,2026-10-02 12:21:37.15238+00,KPEDU,antero,HorseDrinker,1790943695,TankPressure_2_HB,19084
3180016,2026-10-02 12:21:37.15238+00,KPEDU,antero,HorseDrinker,1790943695,BowlPressure_HB,9339
3180193,2026-10-02 12:31:37.485577+00,KPEDU,antero,HorseDrinker,1790944295,TankPressure_1_HB,18948
3180194,2026-10-02 12:31:37.485577+00,KPEDU,antero,HorseDrinker,1790944295,TankPressure_2_HB,19078
3180195,2026-10-02 12:31:37.485577+00,KPEDU,antero,HorseDrinker,1790944295,BowlPressure_HB,9334
3180475,2026-10-02 12:41:37.265277+00,KPEDU,antero,HorseDrinker,1790944895,TankPressure_1_HB,18883
3180476,2026-10-02 12:41:37.265277+00,KPEDU,antero,HorseDrinker,1790944895,TankPressure_2_HB,19014
3180477,2026-10-02 12:41:37.265277+00,KPEDU,antero,HorseDrinker,1790944895,BowlPressure_HB,9337
3180656,2026-10-02 12:51:37.235302+00,KPEDU,antero,HorseDrinker,1790945495,TankPressure_1_HB,18949
3180657,2026-10-02 12:51:37.235302+00,KPEDU,antero,HorseDrinker,1790945495,TankPressure_2_HB,19104
3180658,2026-10-02 12:51:37.235302+00,KPEDU,antero,HorseDrinker,1790945495,BowlPressure_HB,9343
3180835,2026-10-02 13:01:37.337062+00,KPEDU,antero,HorseDrinker,1790946095,TankPressure_1_HB,18933
3180836,2026-10-02 13:01:37.337062+00,KPEDU,antero,HorseDrinker,1790946095,TankPressure_2_HB,19087
3180837,2026-10-02 13:01:37.337062+00,KPEDU,antero,HorseDrinker,1790946095,BowlPressure_HB,9337
3181099,2026-10-02 13:11:37.164095+00,KPEDU,antero,HorseDrinker,1790946695,TankPressure_1_HB,18899
3181100,2026-10-02 13:11:37.164095+00,KPEDU,antero,HorseDrinker,1790946695,TankPressure_2_HB,19054
3181101,2026-10-02 13:11:37.164095+00,KPEDU,antero,HorseDrinker,1790946695,BowlPressure_HB,9341
3181280,2026-10-02 13:21:37.256724+00,KPEDU,antero,HorseDrinker,1790947295,TankPressure_1_HB,18926
3181281,2026-10-02 13:21:37.256724+00,KPEDU,antero,HorseDrinker,1790947295,TankPressure_2_HB,19069
3181282,2026-10-02 13:21:37.256724+00,KPEDU,antero,HorseDrinker,1790947295,BowlPressure_HB,9316
3181457,2026-10-02 13:31:37.225565+00,KPEDU,antero,HorseDrinker,1790947895,TankPressure_1_HB,18965
3181458,2026-10-02 13:31:37.225565+00,KPEDU,antero,HorseDrinker,1790947895,TankPressure_2_HB,19113
3181459,2026-10-02 13:31:37.225565+00,KPEDU,antero,HorseDrinker,1790947895,BowlPressure_HB,9324
3181743,2026-10-02 13:41:37.162191+00,KPEDU,antero,HorseDrinker,1790948495,TankPressure_1_HB,18947
3181744,2026-10-02 13:41:37.162191+00,KPEDU,antero,HorseDrinker,1790948495,TankPressure_2_HB,19101
3181745,2026-10-02 13:41:37.162191+00,KPEDU,antero,HorseDrinker,1790948495,BowlPressure_HB,9327
3181920,2026-10-02 13:51:37.129908+00,KPEDU,antero,HorseDrinker,1790949095,TankPressure_1_HB,18944
3181921,2026-10-02 13:51:37.129908+00,KPEDU,antero,HorseDrinker,1790949095,TankPressure_2_HB,19086
3181922,2026-10-02 13:51:37.129908+00,KPEDU,antero,HorseDrinker,1790949095,BowlPressure_HB,9320
3182141,2026-10-02 14:01:37.296224+00,KPEDU,antero,HorseDrinker,1790949695,TankPressure_1_HB,18933
3182142,2026-10-02 14:01:37.296224+00,KPEDU,antero,HorseDrinker,1790949695,TankPressure_2_HB,19063
3182143,2026-10-02 14:01:37.296224+00,KPEDU,antero,HorseDrinker,1790949695,BowlPressure_HB,9326
3182369,2026-10-02 14:11:37.517092+00,KPEDU,antero,HorseDrinker,1790950295,TankPressure_1_HB,18879
3182370,2026-10-02 14:11:37.517092+00,KPEDU,antero,HorseDrinker,1790950295,TankPressure_2_HB,19016
3182371,2026-10-02 14:11:37.517092+00,KPEDU,antero,HorseDrinker,1790950295,BowlPressure_HB,9335
3182550,2026-10-02 14:21:37.311225+00,KPEDU,antero,HorseDrinker,1790950895,TankPressure_1_HB,18894
3182551,2026-10-02 14:21:37.311225+00,KPEDU,antero,HorseDrinker,1790950895,TankPressure_2_HB,19027
3182552,2026-10-02 14:21:37.311225+00,KPEDU,antero,HorseDrinker,1790950895,BowlPressure_HB,9342
3182779,2026-10-02 14:31:37.36393+00,KPEDU,antero,HorseDrinker,1790951495,TankPressure_1_HB,18918
3182780,2026-10-02 14:31:37.36393+00,KPEDU,antero,HorseDrinker,1790951495,TankPressure_2_HB,19043
3182781,2026-10-02 14:31:37.36393+00,KPEDU,antero,HorseDrinker,1790951495,BowlPressure_HB,9328
3182998,2026-10-02 14:41:37.24448+00,KPEDU,antero,HorseDrinker,1790952095,TankPressure_1_HB,18937
3182999,2026-10-02 14:41:37.24448+00,KPEDU,antero,HorseDrinker,1790952095,TankPressure_2_HB,19076
3183000,2026-10-02 14:41:37.24448+00,KPEDU,antero,HorseDrinker,1790952095,BowlPressure_HB,9329
3183187,2026-10-02 14:51:37.236956+00,KPEDU,antero,HorseDrinker,1790952695,TankPressure_1_HB,18908
3183188,2026-10-02 14:51:37.236956+00,KPEDU,antero,HorseDrinker,1790952695,TankPressure_2_HB,19041
3183189,2026-10-02 14:51:37.236956+00,KPEDU,antero,HorseDrinker,1790952695,BowlPressure_HB,9323
3183402,2026-10-02 15:01:37.399522+00,KPEDU,antero,HorseDrinker,1790953295,TankPressure_1_HB,18923
3183403,2026-10-02 15:01:37.399522+00,KPEDU,antero,HorseDrinker,1790953295,TankPressure_2_HB,19048
3183404,2026-10-02 15:01:37.399522+00,KPEDU,antero,HorseDrinker,1790953295,BowlPressure_HB,9325
3183632,2026-10-02 15:11:37.28614+00,KPEDU,antero,HorseDrinker,1790953895,TankPressure_1_HB,18940
3183633,2026-10-02 15:11:37.28614+00,KPEDU,antero,HorseDrinker,1790953895,TankPressure_2_HB,19068
3183634,2026-10-02 15:11:37.28614+00,KPEDU,antero,HorseDrinker,1790953895,BowlPressure_HB,9326
3183813,2026-10-02 15:21:37.413469+00,KPEDU,antero,HorseDrinker,1790954495,TankPressure_1_HB,18940
3183814,2026-10-02 15:21:37.413469+00,KPEDU,antero,HorseDrinker,1790954495,TankPressure_2_HB,19041
3183815,2026-10-02 15:21:37.413469+00,KPEDU,antero,HorseDrinker,1790954495,BowlPressure_HB,9333
3184040,2026-10-02 15:31:37.282518+00,KPEDU,antero,HorseDrinker,1790955095,TankPressure_1_HB,18919
3184041,2026-10-02 15:31:37.282518+00,KPEDU,antero,HorseDrinker,1790955095,TankPressure_2_HB,19041
3184042,2026-10-02 15:31:37.282518+00,KPEDU,antero,HorseDrinker,1790955095,BowlPressure_HB,9316
3184264,2026-10-02 15:41:37.387917+00,KPEDU,antero,HorseDrinker,1790955695,TankPressure_1_HB,18945
3184265,2026-10-02 15:41:37.387917+00,KPEDU,antero,HorseDrinker,1790955695,TankPressure_2_HB,19052
3184266,2026-10-02 15:41:37.387917+00,KPEDU,antero,HorseDrinker,1790955695,BowlPressure_HB,9305
3184449,2026-10-02 15:51:37.384426+00,KPEDU,antero,HorseDrinker,1790956295,TankPressure_1_HB,18968
3184450,2026-10-02 15:51:37.384426+00,KPEDU,antero,HorseDrinker,1790956295,TankPressure_2_HB,19071
3184451,2026-10-02 15:51:37.384426+00,KPEDU,antero,HorseDrinker,1790956295,BowlPressure_HB,9309
3184670,2026-10-02 16:01:37.253593+00,KPEDU,antero,HorseDrinker,1790956895,TankPressure_1_HB,18952
3184671,2026-10-02 16:01:37.253593+00,KPEDU,antero,HorseDrinker,1790956895,TankPressure_2_HB,19052
3184672,2026-10-02 16:01:37.253593+00,KPEDU,antero,HorseDrinker,1790956895,BowlPressure_HB,9304
3184909,2026-10-02 16:11:37.224152+00,KPEDU,antero,HorseDrinker,1790957495,TankPressure_1_HB,18952
3184910,2026-10-02 16:11:37.224152+00,KPEDU,antero,HorseDrinker,1790957495,TankPressure_2_HB,19066
3184911,2026-10-02 16:11:37.224152+00,KPEDU,antero,HorseDrinker,1790957495,BowlPressure_HB,9303
3185076,2026-10-02 16:21:37.293011+00,KPEDU,antero,HorseDrinker,1790958095,TankPressure_1_HB,18959
3185077,2026-10-02 16:21:37.293011+00,KPEDU,antero,HorseDrinker,1790958095,TankPressure_2_HB,19065
3185078,2026-10-02 16:21:37.293011+00,KPEDU,antero,HorseDrinker,1790958095,BowlPressure_HB,9309
3185305,2026-10-02 16:31:37.36828+00,KPEDU,antero,HorseDrinker,1790958695,TankPressure_1_HB,18955
3185306,2026-10-02 16:31:37.36828+00,KPEDU,antero,HorseDrinker,1790958695,TankPressure_2_HB,19061
3185307,2026-10-02 16:31:37.36828+00,KPEDU,antero,HorseDrinker,1790958695,BowlPressure_HB,9306
3185537,2026-10-02 16:41:37.212822+00,KPEDU,antero,HorseDrinker,1790959295,TankPressure_1_HB,18938
3185538,2026-10-02 16:41:37.212822+00,KPEDU,antero,HorseDrinker,1790959295,TankPressure_2_HB,19040
3185539,2026-10-02 16:41:37.212822+00,KPEDU,antero,HorseDrinker,1790959295,BowlPressure_HB,9313
3185720,2026-10-02 16:51:37.405027+00,KPEDU,antero,HorseDrinker,1790959895,TankPressure_1_HB,18890
3185721,2026-10-02 16:51:37.405027+00,KPEDU,antero,HorseDrinker,1790959895,TankPressure_2_HB,18975
3185722,2026-10-02 16:51:37.405027+00,KPEDU,antero,HorseDrinker,1790959895,BowlPressure_HB,9307
3185945,2026-10-02 17:01:37.287524+00,KPEDU,antero,HorseDrinker,1790960495,TankPressure_1_HB,18889
3185946,2026-10-02 17:01:37.287524+00,KPEDU,antero,HorseDrinker,1790960495,TankPressure_2_HB,18980
3185947,2026-10-02 17:01:37.287524+00,KPEDU,antero,HorseDrinker,1790960495,BowlPressure_HB,9314
3186179,2026-10-02 17:11:37.092363+00,KPEDU,antero,HorseDrinker,1790961095,TankPressure_1_HB,18935
3186180,2026-10-02 17:11:37.092363+00,KPEDU,antero,HorseDrinker,1790961095,TankPressure_2_HB,19037
3186181,2026-10-02 17:11:37.092363+00,KPEDU,antero,HorseDrinker,1790961095,BowlPressure_HB,9311
3186354,2026-10-02 17:21:37.381483+00,KPEDU,antero,HorseDrinker,1790961695,TankPressure_1_HB,18917
3186355,2026-10-02 17:21:37.381483+00,KPEDU,antero,HorseDrinker,1790961695,TankPressure_2_HB,19000
3186356,2026-10-02 17:21:37.381483+00,KPEDU,antero,HorseDrinker,1790961695,BowlPressure_HB,9301
3186593,2026-10-02 17:31:37.25281+00,KPEDU,antero,HorseDrinker,1790962295,TankPressure_1_HB,18858
3186594,2026-10-02 17:31:37.25281+00,KPEDU,antero,HorseDrinker,1790962295,TankPressure_2_HB,18954
3186595,2026-10-02 17:31:37.25281+00,KPEDU,antero,HorseDrinker,1790962295,BowlPressure_HB,9312
3186817,2026-10-02 17:41:37.34908+00,KPEDU,antero,HorseDrinker,1790962895,TankPressure_1_HB,18961
3190373,2026-10-02 20:01:37.29598+00,KPEDU,antero,HorseDrinker,1790971295,TankPressure_2_HB,19022
3190374,2026-10-02 20:01:37.29598+00,KPEDU,antero,HorseDrinker,1790971295,BowlPressure_HB,9310
3190594,2026-10-02 20:11:37.299118+00,KPEDU,antero,HorseDrinker,1790971895,TankPressure_1_HB,18881
3190595,2026-10-02 20:11:37.299118+00,KPEDU,antero,HorseDrinker,1790971895,TankPressure_2_HB,18974
3190596,2026-10-02 20:11:37.299118+00,KPEDU,antero,HorseDrinker,1790971895,BowlPressure_HB,9310
3190985,2026-10-02 20:21:37.195113+00,KPEDU,antero,HorseDrinker,1790972495,TankPressure_1_HB,18934
3190986,2026-10-02 20:21:37.195113+00,KPEDU,antero,HorseDrinker,1790972495,TankPressure_2_HB,19019
3190987,2026-10-02 20:21:37.195113+00,KPEDU,antero,HorseDrinker,1790972495,BowlPressure_HB,9315
3199333,2026-10-03 02:31:37.308083+00,KPEDU,antero,HorseDrinker,1790994695,TankPressure_1_HB,18889
3199334,2026-10-03 02:31:37.308083+00,KPEDU,antero,HorseDrinker,1790994695,TankPressure_2_HB,18805
3199335,2026-10-03 02:31:37.308083+00,KPEDU,antero,HorseDrinker,1790994695,BowlPressure_HB,9326
3199548,2026-10-03 02:41:37.250259+00,KPEDU,antero,HorseDrinker,1790995295,TankPressure_1_HB,18907
3199549,2026-10-03 02:41:37.250259+00,KPEDU,antero,HorseDrinker,1790995295,TankPressure_2_HB,18821
3199550,2026-10-03 02:41:37.250259+00,KPEDU,antero,HorseDrinker,1790995295,BowlPressure_HB,9322
3199739,2026-10-03 02:51:37.160107+00,KPEDU,antero,HorseDrinker,1790995895,TankPressure_1_HB,18908
3199740,2026-10-03 02:51:37.160107+00,KPEDU,antero,HorseDrinker,1790995895,TankPressure_2_HB,18802
3199741,2026-10-03 02:51:37.160107+00,KPEDU,antero,HorseDrinker,1790995895,BowlPressure_HB,9331
3199950,2026-10-03 03:01:37.072488+00,KPEDU,antero,HorseDrinker,1790996495,TankPressure_1_HB,18894
3199951,2026-10-03 03:01:37.072488+00,KPEDU,antero,HorseDrinker,1790996495,TankPressure_2_HB,18807
3199952,2026-10-03 03:01:37.072488+00,KPEDU,antero,HorseDrinker,1790996495,BowlPressure_HB,9321
3200192,2026-10-03 03:11:37.330676+00,KPEDU,antero,HorseDrinker,1790997095,TankPressure_1_HB,18929
3200193,2026-10-03 03:11:37.330676+00,KPEDU,antero,HorseDrinker,1790997095,TankPressure_2_HB,18851
3200194,2026-10-03 03:11:37.330676+00,KPEDU,antero,HorseDrinker,1790997095,BowlPressure_HB,9320
3200373,2026-10-03 03:21:37.216692+00,KPEDU,antero,HorseDrinker,1790997695,TankPressure_1_HB,18866
3200374,2026-10-03 03:21:37.216692+00,KPEDU,antero,HorseDrinker,1790997695,TankPressure_2_HB,18779
3200375,2026-10-03 03:21:37.216692+00,KPEDU,antero,HorseDrinker,1790997695,BowlPressure_HB,9326
3200592,2026-10-03 03:31:37.199032+00,KPEDU,antero,HorseDrinker,1790998295,TankPressure_1_HB,18927
3200593,2026-10-03 03:31:37.199032+00,KPEDU,antero,HorseDrinker,1790998295,TankPressure_2_HB,18842
3200594,2026-10-03 03:31:37.199032+00,KPEDU,antero,HorseDrinker,1790998295,BowlPressure_HB,9324
3200812,2026-10-03 03:41:37.372563+00,KPEDU,antero,HorseDrinker,1790998895,TankPressure_1_HB,18931
3200813,2026-10-03 03:41:37.372563+00,KPEDU,antero,HorseDrinker,1790998895,TankPressure_2_HB,18828
3200814,2026-10-03 03:41:37.372563+00,KPEDU,antero,HorseDrinker,1790998895,BowlPressure_HB,9311
3200995,2026-10-03 03:51:37.174423+00,KPEDU,antero,HorseDrinker,1790999495,TankPressure_1_HB,18853
3200996,2026-10-03 03:51:37.174423+00,KPEDU,antero,HorseDrinker,1790999495,TankPressure_2_HB,18754
3200997,2026-10-03 03:51:37.174423+00,KPEDU,antero,HorseDrinker,1790999495,BowlPressure_HB,9322
3201222,2026-10-03 04:01:37.169705+00,KPEDU,antero,HorseDrinker,1791000095,TankPressure_1_HB,18903
3201223,2026-10-03 04:01:37.169705+00,KPEDU,antero,HorseDrinker,1791000095,TankPressure_2_HB,18792
3201224,2026-10-03 04:01:37.169705+00,KPEDU,antero,HorseDrinker,1791000095,BowlPressure_HB,9328
3201441,2026-10-03 04:11:37.410984+00,KPEDU,antero,HorseDrinker,1791000695,TankPressure_1_HB,18903
3201442,2026-10-03 04:11:37.410984+00,KPEDU,antero,HorseDrinker,1791000695,TankPressure_2_HB,18787
3201443,2026-10-03 04:11:37.410984+00,KPEDU,antero,HorseDrinker,1791000695,BowlPressure_HB,9317
3201630,2026-10-03 04:21:37.20224+00,KPEDU,antero,HorseDrinker,1791001295,TankPressure_1_HB,18934
3201631,2026-10-03 04:21:37.20224+00,KPEDU,antero,HorseDrinker,1791001295,TankPressure_2_HB,18797
3201632,2026-10-03 04:21:37.20224+00,KPEDU,antero,HorseDrinker,1791001295,BowlPressure_HB,9328
3201835,2026-10-03 04:31:37.069281+00,KPEDU,antero,HorseDrinker,1791001895,TankPressure_1_HB,18870
3201836,2026-10-03 04:31:37.069281+00,KPEDU,antero,HorseDrinker,1791001895,TankPressure_2_HB,18743
3201837,2026-10-03 04:31:37.069281+00,KPEDU,antero,HorseDrinker,1791001895,BowlPressure_HB,9329
3202061,2026-10-03 04:41:37.222101+00,KPEDU,antero,HorseDrinker,1791002495,TankPressure_1_HB,18911
3202062,2026-10-03 04:41:37.222101+00,KPEDU,antero,HorseDrinker,1791002495,TankPressure_2_HB,18787
3202063,2026-10-03 04:41:37.222101+00,KPEDU,antero,HorseDrinker,1791002495,BowlPressure_HB,9335
3202236,2026-10-03 04:51:37.21296+00,KPEDU,antero,HorseDrinker,1791003095,TankPressure_1_HB,18921
3202237,2026-10-03 04:51:37.21296+00,KPEDU,antero,HorseDrinker,1791003095,TankPressure_2_HB,18805
3202238,2026-10-03 04:51:37.21296+00,KPEDU,antero,HorseDrinker,1791003095,BowlPressure_HB,9333
3202469,2026-10-03 05:01:37.134064+00,KPEDU,antero,HorseDrinker,1791003695,TankPressure_1_HB,18955
3186818,2026-10-02 17:41:37.34908+00,KPEDU,antero,HorseDrinker,1790962895,TankPressure_2_HB,19027
3186819,2026-10-02 17:41:37.34908+00,KPEDU,antero,HorseDrinker,1790962895,BowlPressure_HB,9317
3187002,2026-10-02 17:51:37.287464+00,KPEDU,antero,HorseDrinker,1790963495,TankPressure_1_HB,18913
3187003,2026-10-02 17:51:37.287464+00,KPEDU,antero,HorseDrinker,1790963495,TankPressure_2_HB,19000
3187004,2026-10-02 17:51:37.287464+00,KPEDU,antero,HorseDrinker,1790963495,BowlPressure_HB,9311
3187227,2026-10-02 18:01:37.232511+00,KPEDU,antero,HorseDrinker,1790964095,TankPressure_1_HB,18867
3187228,2026-10-02 18:01:37.232511+00,KPEDU,antero,HorseDrinker,1790964095,TankPressure_2_HB,18963
3187229,2026-10-02 18:01:37.232511+00,KPEDU,antero,HorseDrinker,1790964095,BowlPressure_HB,9311
3187461,2026-10-02 18:11:37.330356+00,KPEDU,antero,HorseDrinker,1790964695,TankPressure_1_HB,18937
3187462,2026-10-02 18:11:37.330356+00,KPEDU,antero,HorseDrinker,1790964695,TankPressure_2_HB,19019
3187463,2026-10-02 18:11:37.330356+00,KPEDU,antero,HorseDrinker,1790964695,BowlPressure_HB,9313
3187642,2026-10-02 18:21:37.271741+00,KPEDU,antero,HorseDrinker,1790965295,TankPressure_1_HB,18912
3187643,2026-10-02 18:21:37.271741+00,KPEDU,antero,HorseDrinker,1790965295,TankPressure_2_HB,19021
3187644,2026-10-02 18:21:37.271741+00,KPEDU,antero,HorseDrinker,1790965295,BowlPressure_HB,9316
3187859,2026-10-02 18:31:37.11673+00,KPEDU,antero,HorseDrinker,1790965895,TankPressure_1_HB,18946
3187860,2026-10-02 18:31:37.11673+00,KPEDU,antero,HorseDrinker,1790965895,TankPressure_2_HB,19046
3187861,2026-10-02 18:31:37.11673+00,KPEDU,antero,HorseDrinker,1790965895,BowlPressure_HB,9309
3191212,2026-10-02 20:31:37.314012+00,KPEDU,antero,HorseDrinker,1790973095,TankPressure_1_HB,18931
3191213,2026-10-02 20:31:37.314012+00,KPEDU,antero,HorseDrinker,1790973095,TankPressure_2_HB,19018
3191214,2026-10-02 20:31:37.314012+00,KPEDU,antero,HorseDrinker,1790973095,BowlPressure_HB,9302
3191440,2026-10-02 20:41:37.254088+00,KPEDU,antero,HorseDrinker,1790973695,TankPressure_1_HB,18944
3191441,2026-10-02 20:41:37.254088+00,KPEDU,antero,HorseDrinker,1790973695,TankPressure_2_HB,19017
3191442,2026-10-02 20:41:37.254088+00,KPEDU,antero,HorseDrinker,1790973695,BowlPressure_HB,9301
3191850,2026-10-02 20:51:37.25315+00,KPEDU,antero,HorseDrinker,1790974295,TankPressure_1_HB,18950
3191851,2026-10-02 20:51:37.25315+00,KPEDU,antero,HorseDrinker,1790974295,TankPressure_2_HB,19014
3191852,2026-10-02 20:51:37.25315+00,KPEDU,antero,HorseDrinker,1790974295,BowlPressure_HB,9307
3192081,2026-10-02 21:01:37.378054+00,KPEDU,antero,HorseDrinker,1790974895,TankPressure_1_HB,18948
3192082,2026-10-02 21:01:37.378054+00,KPEDU,antero,HorseDrinker,1790974895,TankPressure_2_HB,18997
3192083,2026-10-02 21:01:37.378054+00,KPEDU,antero,HorseDrinker,1790974895,BowlPressure_HB,9305
3192301,2026-10-02 21:11:37.230469+00,KPEDU,antero,HorseDrinker,1790975495,TankPressure_1_HB,18906
3192302,2026-10-02 21:11:37.230469+00,KPEDU,antero,HorseDrinker,1790975495,TankPressure_2_HB,18949
3192303,2026-10-02 21:11:37.230469+00,KPEDU,antero,HorseDrinker,1790975495,BowlPressure_HB,9304
3192684,2026-10-02 21:21:37.332678+00,KPEDU,antero,HorseDrinker,1790976095,TankPressure_1_HB,18907
3192685,2026-10-02 21:21:37.332678+00,KPEDU,antero,HorseDrinker,1790976095,TankPressure_2_HB,18954
3192686,2026-10-02 21:21:37.332678+00,KPEDU,antero,HorseDrinker,1790976095,BowlPressure_HB,9301
3192893,2026-10-02 21:31:37.145553+00,KPEDU,antero,HorseDrinker,1790976695,TankPressure_1_HB,18889
3192894,2026-10-02 21:31:37.145553+00,KPEDU,antero,HorseDrinker,1790976695,TankPressure_2_HB,18916
3192895,2026-10-02 21:31:37.145553+00,KPEDU,antero,HorseDrinker,1790976695,BowlPressure_HB,9301
3193131,2026-10-02 21:41:37.224245+00,KPEDU,antero,HorseDrinker,1790977295,TankPressure_1_HB,18871
3193132,2026-10-02 21:41:37.224245+00,KPEDU,antero,HorseDrinker,1790977295,TankPressure_2_HB,18910
3193133,2026-10-02 21:41:37.224245+00,KPEDU,antero,HorseDrinker,1790977295,BowlPressure_HB,9307
3193524,2026-10-02 21:51:37.403902+00,KPEDU,antero,HorseDrinker,1790977895,TankPressure_1_HB,18894
3193525,2026-10-02 21:51:37.403902+00,KPEDU,antero,HorseDrinker,1790977895,TankPressure_2_HB,18924
3193526,2026-10-02 21:51:37.403902+00,KPEDU,antero,HorseDrinker,1790977895,BowlPressure_HB,9315
3193727,2026-10-02 22:01:37.311135+00,KPEDU,antero,HorseDrinker,1790978495,TankPressure_1_HB,18911
3193728,2026-10-02 22:01:37.311135+00,KPEDU,antero,HorseDrinker,1790978495,TankPressure_2_HB,18927
3193729,2026-10-02 22:01:37.311135+00,KPEDU,antero,HorseDrinker,1790978495,BowlPressure_HB,9308
3193942,2026-10-02 22:11:37.121927+00,KPEDU,antero,HorseDrinker,1790979095,TankPressure_1_HB,18888
3193943,2026-10-02 22:11:37.121927+00,KPEDU,antero,HorseDrinker,1790979095,TankPressure_2_HB,18906
3193944,2026-10-02 22:11:37.121927+00,KPEDU,antero,HorseDrinker,1790979095,BowlPressure_HB,9315
3194133,2026-10-02 22:21:37.265541+00,KPEDU,antero,HorseDrinker,1790979695,TankPressure_1_HB,18919
3194134,2026-10-02 22:21:37.265541+00,KPEDU,antero,HorseDrinker,1790979695,TankPressure_2_HB,18937
3194135,2026-10-02 22:21:37.265541+00,KPEDU,antero,HorseDrinker,1790979695,BowlPressure_HB,9317
3194346,2026-10-02 22:31:37.30268+00,KPEDU,antero,HorseDrinker,1790980295,TankPressure_1_HB,18937
3194347,2026-10-02 22:31:37.30268+00,KPEDU,antero,HorseDrinker,1790980295,TankPressure_2_HB,18941
3194348,2026-10-02 22:31:37.30268+00,KPEDU,antero,HorseDrinker,1790980295,BowlPressure_HB,9309
3194582,2026-10-02 22:41:37.112579+00,KPEDU,antero,HorseDrinker,1790980895,TankPressure_1_HB,18960
3194583,2026-10-02 22:41:37.112579+00,KPEDU,antero,HorseDrinker,1790980895,TankPressure_2_HB,18941
3194584,2026-10-02 22:41:37.112579+00,KPEDU,antero,HorseDrinker,1790980895,BowlPressure_HB,9304
3194775,2026-10-02 22:51:37.406385+00,KPEDU,antero,HorseDrinker,1790981495,TankPressure_1_HB,18924
3194776,2026-10-02 22:51:37.406385+00,KPEDU,antero,HorseDrinker,1790981495,TankPressure_2_HB,18926
3194777,2026-10-02 22:51:37.406385+00,KPEDU,antero,HorseDrinker,1790981495,BowlPressure_HB,9310
3194982,2026-10-02 23:01:37.130935+00,KPEDU,antero,HorseDrinker,1790982095,TankPressure_1_HB,18901
3194983,2026-10-02 23:01:37.130935+00,KPEDU,antero,HorseDrinker,1790982095,TankPressure_2_HB,18901
3194984,2026-10-02 23:01:37.130935+00,KPEDU,antero,HorseDrinker,1790982095,BowlPressure_HB,9312
3195220,2026-10-02 23:11:37.312684+00,KPEDU,antero,HorseDrinker,1790982695,TankPressure_1_HB,18915
3195221,2026-10-02 23:11:37.312684+00,KPEDU,antero,HorseDrinker,1790982695,TankPressure_2_HB,18914
3195222,2026-10-02 23:11:37.312684+00,KPEDU,antero,HorseDrinker,1790982695,BowlPressure_HB,9308
3195395,2026-10-02 23:21:37.149658+00,KPEDU,antero,HorseDrinker,1790983295,TankPressure_1_HB,18880
3195396,2026-10-02 23:21:37.149658+00,KPEDU,antero,HorseDrinker,1790983295,TankPressure_2_HB,18860
3195397,2026-10-02 23:21:37.149658+00,KPEDU,antero,HorseDrinker,1790983295,BowlPressure_HB,9308
3195614,2026-10-02 23:31:37.113729+00,KPEDU,antero,HorseDrinker,1790983895,TankPressure_1_HB,18901
3195615,2026-10-02 23:31:37.113729+00,KPEDU,antero,HorseDrinker,1790983895,TankPressure_2_HB,18888
3195616,2026-10-02 23:31:37.113729+00,KPEDU,antero,HorseDrinker,1790983895,BowlPressure_HB,9315
3195845,2026-10-02 23:41:37.190322+00,KPEDU,antero,HorseDrinker,1790984495,TankPressure_1_HB,18956
3195846,2026-10-02 23:41:37.190322+00,KPEDU,antero,HorseDrinker,1790984495,TankPressure_2_HB,18925
3195847,2026-10-02 23:41:37.190322+00,KPEDU,antero,HorseDrinker,1790984495,BowlPressure_HB,9317
3196020,2026-10-02 23:51:37.256244+00,KPEDU,antero,HorseDrinker,1790985095,TankPressure_1_HB,18934
3196021,2026-10-02 23:51:37.256244+00,KPEDU,antero,HorseDrinker,1790985095,TankPressure_2_HB,18922
3196022,2026-10-02 23:51:37.256244+00,KPEDU,antero,HorseDrinker,1790985095,BowlPressure_HB,9313
3196243,2026-10-03 00:01:37.33829+00,KPEDU,antero,HorseDrinker,1790985695,TankPressure_1_HB,18910
3196244,2026-10-03 00:01:37.33829+00,KPEDU,antero,HorseDrinker,1790985695,TankPressure_2_HB,18901
3196245,2026-10-03 00:01:37.33829+00,KPEDU,antero,HorseDrinker,1790985695,BowlPressure_HB,9317
3196451,2026-10-03 00:11:37.217089+00,KPEDU,antero,HorseDrinker,1790986295,TankPressure_1_HB,18894
3196452,2026-10-03 00:11:37.217089+00,KPEDU,antero,HorseDrinker,1790986295,TankPressure_2_HB,18853
3196453,2026-10-03 00:11:37.217089+00,KPEDU,antero,HorseDrinker,1790986295,BowlPressure_HB,9316
3196640,2026-10-03 00:21:37.15092+00,KPEDU,antero,HorseDrinker,1790986895,TankPressure_1_HB,18933
3196641,2026-10-03 00:21:37.15092+00,KPEDU,antero,HorseDrinker,1790986895,TankPressure_2_HB,18889
3196642,2026-10-03 00:21:37.15092+00,KPEDU,antero,HorseDrinker,1790986895,BowlPressure_HB,9310
3196849,2026-10-03 00:31:37.262701+00,KPEDU,antero,HorseDrinker,1790987495,TankPressure_1_HB,18888
3196850,2026-10-03 00:31:37.262701+00,KPEDU,antero,HorseDrinker,1790987495,TankPressure_2_HB,18863
3196851,2026-10-03 00:31:37.262701+00,KPEDU,antero,HorseDrinker,1790987495,BowlPressure_HB,9314
3197089,2026-10-03 00:41:37.41341+00,KPEDU,antero,HorseDrinker,1790988095,TankPressure_1_HB,18859
3197090,2026-10-03 00:41:37.41341+00,KPEDU,antero,HorseDrinker,1790988095,TankPressure_2_HB,18833
3197091,2026-10-03 00:41:37.41341+00,KPEDU,antero,HorseDrinker,1790988095,BowlPressure_HB,9313
3197260,2026-10-03 00:51:37.262972+00,KPEDU,antero,HorseDrinker,1790988695,TankPressure_1_HB,18879
3197261,2026-10-03 00:51:37.262972+00,KPEDU,antero,HorseDrinker,1790988695,TankPressure_2_HB,18837
3197262,2026-10-03 00:51:37.262972+00,KPEDU,antero,HorseDrinker,1790988695,BowlPressure_HB,9318
3197485,2026-10-03 01:01:37.122603+00,KPEDU,antero,HorseDrinker,1790989295,TankPressure_1_HB,18903
3197486,2026-10-03 01:01:37.122603+00,KPEDU,antero,HorseDrinker,1790989295,TankPressure_2_HB,18863
3197487,2026-10-03 01:01:37.122603+00,KPEDU,antero,HorseDrinker,1790989295,BowlPressure_HB,9317
3197695,2026-10-03 01:11:39.202589+00,KPEDU,antero,HorseDrinker,1790989895,TankPressure_1_HB,18865
3197696,2026-10-03 01:11:39.202589+00,KPEDU,antero,HorseDrinker,1790989895,TankPressure_2_HB,18823
3197697,2026-10-03 01:11:39.202589+00,KPEDU,antero,HorseDrinker,1790989895,BowlPressure_HB,9319
3197876,2026-10-03 01:21:37.277073+00,KPEDU,antero,HorseDrinker,1790990495,TankPressure_1_HB,18888
3197877,2026-10-03 01:21:37.277073+00,KPEDU,antero,HorseDrinker,1790990495,TankPressure_2_HB,18824
3197878,2026-10-03 01:21:37.277073+00,KPEDU,antero,HorseDrinker,1790990495,BowlPressure_HB,9313
3198063,2026-10-03 01:31:37.294303+00,KPEDU,antero,HorseDrinker,1790991095,TankPressure_1_HB,18925
3198064,2026-10-03 01:31:37.294303+00,KPEDU,antero,HorseDrinker,1790991095,TankPressure_2_HB,18869
3198065,2026-10-03 01:31:37.294303+00,KPEDU,antero,HorseDrinker,1790991095,BowlPressure_HB,9310
3198295,2026-10-03 01:41:37.388414+00,KPEDU,antero,HorseDrinker,1790991695,TankPressure_1_HB,18894
3198296,2026-10-03 01:41:37.388414+00,KPEDU,antero,HorseDrinker,1790991695,TankPressure_2_HB,18819
3198297,2026-10-03 01:41:37.388414+00,KPEDU,antero,HorseDrinker,1790991695,BowlPressure_HB,9321
3198472,2026-10-03 01:51:37.132807+00,KPEDU,antero,HorseDrinker,1790992295,TankPressure_1_HB,18960
3198473,2026-10-03 01:51:37.132807+00,KPEDU,antero,HorseDrinker,1790992295,TankPressure_2_HB,18877
3198474,2026-10-03 01:51:37.132807+00,KPEDU,antero,HorseDrinker,1790992295,BowlPressure_HB,9315
3198693,2026-10-03 02:01:37.101166+00,KPEDU,antero,HorseDrinker,1790992895,TankPressure_1_HB,18942
3198694,2026-10-03 02:01:37.101166+00,KPEDU,antero,HorseDrinker,1790992895,TankPressure_2_HB,18869
3198695,2026-10-03 02:01:37.101166+00,KPEDU,antero,HorseDrinker,1790992895,BowlPressure_HB,9321
3198927,2026-10-03 02:11:37.143835+00,KPEDU,antero,HorseDrinker,1790993495,TankPressure_1_HB,18928
3198928,2026-10-03 02:11:37.143835+00,KPEDU,antero,HorseDrinker,1790993495,TankPressure_2_HB,18828
3198929,2026-10-03 02:11:37.143835+00,KPEDU,antero,HorseDrinker,1790993495,BowlPressure_HB,9319
3199102,2026-10-03 02:21:37.272839+00,KPEDU,antero,HorseDrinker,1790994095,TankPressure_1_HB,18919
3199103,2026-10-03 02:21:37.272839+00,KPEDU,antero,HorseDrinker,1790994095,TankPressure_2_HB,18848
3199104,2026-10-03 02:21:37.272839+00,KPEDU,antero,HorseDrinker,1790994095,BowlPressure_HB,9325
3204991,2026-10-03 07:01:37.093154+00,KPEDU,antero,HorseDrinker,1791010895,TankPressure_1_HB,18917
3204992,2026-10-03 07:01:37.093154+00,KPEDU,antero,HorseDrinker,1791010895,TankPressure_2_HB,18807
3204993,2026-10-03 07:01:37.093154+00,KPEDU,antero,HorseDrinker,1791010895,BowlPressure_HB,9326
3205215,2026-10-03 07:11:37.177957+00,KPEDU,antero,HorseDrinker,1791011495,TankPressure_1_HB,18897
3205216,2026-10-03 07:11:37.177957+00,KPEDU,antero,HorseDrinker,1791011495,TankPressure_2_HB,18781
3205217,2026-10-03 07:11:37.177957+00,KPEDU,antero,HorseDrinker,1791011495,BowlPressure_HB,9327
3205394,2026-10-03 07:21:37.153139+00,KPEDU,antero,HorseDrinker,1791012095,TankPressure_1_HB,18889
3205395,2026-10-03 07:21:37.153139+00,KPEDU,antero,HorseDrinker,1791012095,TankPressure_2_HB,18783
3205396,2026-10-03 07:21:37.153139+00,KPEDU,antero,HorseDrinker,1791012095,BowlPressure_HB,9327
3205629,2026-10-03 07:31:37.137438+00,KPEDU,antero,HorseDrinker,1791012695,TankPressure_1_HB,18947
3205630,2026-10-03 07:31:37.137438+00,KPEDU,antero,HorseDrinker,1791012695,TankPressure_2_HB,18817
3205631,2026-10-03 07:31:37.137438+00,KPEDU,antero,HorseDrinker,1791012695,BowlPressure_HB,9330
3205859,2026-10-03 07:41:37.248477+00,KPEDU,antero,HorseDrinker,1791013295,TankPressure_1_HB,18955
3205860,2026-10-03 07:41:37.248477+00,KPEDU,antero,HorseDrinker,1791013295,TankPressure_2_HB,18907
3205861,2026-10-03 07:41:37.248477+00,KPEDU,antero,HorseDrinker,1791013295,BowlPressure_HB,9341
3206042,2026-10-03 07:51:37.169207+00,KPEDU,antero,HorseDrinker,1791013895,TankPressure_1_HB,18954
3206043,2026-10-03 07:51:37.169207+00,KPEDU,antero,HorseDrinker,1791013895,TankPressure_2_HB,18900
3206044,2026-10-03 07:51:37.169207+00,KPEDU,antero,HorseDrinker,1791013895,BowlPressure_HB,9332
3206279,2026-10-03 08:01:37.118527+00,KPEDU,antero,HorseDrinker,1791014495,TankPressure_1_HB,19015
3206280,2026-10-03 08:01:37.118527+00,KPEDU,antero,HorseDrinker,1791014495,TankPressure_2_HB,18951
3206281,2026-10-03 08:01:37.118527+00,KPEDU,antero,HorseDrinker,1791014495,BowlPressure_HB,9338
3206511,2026-10-03 08:11:37.281005+00,KPEDU,antero,HorseDrinker,1791015095,TankPressure_1_HB,18983
3206512,2026-10-03 08:11:37.281005+00,KPEDU,antero,HorseDrinker,1791015095,TankPressure_2_HB,18947
3206513,2026-10-03 08:11:37.281005+00,KPEDU,antero,HorseDrinker,1791015095,BowlPressure_HB,9337
3206688,2026-10-03 08:21:37.234104+00,KPEDU,antero,HorseDrinker,1791015695,TankPressure_1_HB,18987
3202470,2026-10-03 05:01:37.134064+00,KPEDU,antero,HorseDrinker,1791003695,TankPressure_2_HB,18823
3202471,2026-10-03 05:01:37.134064+00,KPEDU,antero,HorseDrinker,1791003695,BowlPressure_HB,9326
3202689,2026-10-03 05:11:37.127058+00,KPEDU,antero,HorseDrinker,1791004295,TankPressure_1_HB,18876
3202690,2026-10-03 05:11:37.127058+00,KPEDU,antero,HorseDrinker,1791004295,TankPressure_2_HB,18747
3202691,2026-10-03 05:11:37.127058+00,KPEDU,antero,HorseDrinker,1791004295,BowlPressure_HB,9329
3202872,2026-10-03 05:21:37.087941+00,KPEDU,antero,HorseDrinker,1791004895,TankPressure_1_HB,18899
3202873,2026-10-03 05:21:37.087941+00,KPEDU,antero,HorseDrinker,1791004895,TankPressure_2_HB,18789
3202874,2026-10-03 05:21:37.087941+00,KPEDU,antero,HorseDrinker,1791004895,BowlPressure_HB,9326
3203087,2026-10-03 05:31:37.255307+00,KPEDU,antero,HorseDrinker,1791005495,TankPressure_1_HB,18944
3203088,2026-10-03 05:31:37.255307+00,KPEDU,antero,HorseDrinker,1791005495,TankPressure_2_HB,18835
3203089,2026-10-03 05:31:37.255307+00,KPEDU,antero,HorseDrinker,1791005495,BowlPressure_HB,9328
3203325,2026-10-03 05:41:37.126088+00,KPEDU,antero,HorseDrinker,1791006095,TankPressure_1_HB,18875
3203326,2026-10-03 05:41:37.126088+00,KPEDU,antero,HorseDrinker,1791006095,TankPressure_2_HB,18773
3203327,2026-10-03 05:41:37.126088+00,KPEDU,antero,HorseDrinker,1791006095,BowlPressure_HB,9330
3203498,2026-10-03 05:51:37.344627+00,KPEDU,antero,HorseDrinker,1791006695,TankPressure_1_HB,18930
3203499,2026-10-03 05:51:37.344627+00,KPEDU,antero,HorseDrinker,1791006695,TankPressure_2_HB,18835
3203500,2026-10-03 05:51:37.344627+00,KPEDU,antero,HorseDrinker,1791006695,BowlPressure_HB,9325
3203727,2026-10-03 06:01:37.253953+00,KPEDU,antero,HorseDrinker,1791007295,TankPressure_1_HB,18943
3203728,2026-10-03 06:01:37.253953+00,KPEDU,antero,HorseDrinker,1791007295,TankPressure_2_HB,18840
3203729,2026-10-03 06:01:37.253953+00,KPEDU,antero,HorseDrinker,1791007295,BowlPressure_HB,9325
3203955,2026-10-03 06:11:37.110579+00,KPEDU,antero,HorseDrinker,1791007895,TankPressure_1_HB,18870
3203956,2026-10-03 06:11:37.110579+00,KPEDU,antero,HorseDrinker,1791007895,TankPressure_2_HB,18743
3203957,2026-10-03 06:11:37.110579+00,KPEDU,antero,HorseDrinker,1791007895,BowlPressure_HB,9329
3204136,2026-10-03 06:21:37.071215+00,KPEDU,antero,HorseDrinker,1791008495,TankPressure_1_HB,18951
3204137,2026-10-03 06:21:37.071215+00,KPEDU,antero,HorseDrinker,1791008495,TankPressure_2_HB,18849
3204138,2026-10-03 06:21:37.071215+00,KPEDU,antero,HorseDrinker,1791008495,BowlPressure_HB,9324
3204355,2026-10-03 06:31:37.288692+00,KPEDU,antero,HorseDrinker,1791009095,TankPressure_1_HB,18935
3204356,2026-10-03 06:31:37.288692+00,KPEDU,antero,HorseDrinker,1791009095,TankPressure_2_HB,18825
3204357,2026-10-03 06:31:37.288692+00,KPEDU,antero,HorseDrinker,1791009095,BowlPressure_HB,9321
3204585,2026-10-03 06:41:39.059122+00,KPEDU,antero,HorseDrinker,1791009695,TankPressure_1_HB,18882
3204586,2026-10-03 06:41:39.059122+00,KPEDU,antero,HorseDrinker,1791009695,TankPressure_2_HB,18764
3204587,2026-10-03 06:41:39.059122+00,KPEDU,antero,HorseDrinker,1791009695,BowlPressure_HB,9330
3204764,2026-10-03 06:51:37.150878+00,KPEDU,antero,HorseDrinker,1791010295,TankPressure_1_HB,18920
3204765,2026-10-03 06:51:37.150878+00,KPEDU,antero,HorseDrinker,1791010295,TankPressure_2_HB,18811
3204766,2026-10-03 06:51:37.150878+00,KPEDU,antero,HorseDrinker,1791010295,BowlPressure_HB,9328
3207788,2026-10-03 09:11:37.37967+00,KPEDU,antero,HorseDrinker,1791018695,TankPressure_1_HB,18970
3207789,2026-10-03 09:11:37.37967+00,KPEDU,antero,HorseDrinker,1791018695,TankPressure_2_HB,18942
3207790,2026-10-03 09:11:37.37967+00,KPEDU,antero,HorseDrinker,1791018695,BowlPressure_HB,9334
3207967,2026-10-03 09:21:37.216664+00,KPEDU,antero,HorseDrinker,1791019295,TankPressure_1_HB,19013
3207968,2026-10-03 09:21:37.216664+00,KPEDU,antero,HorseDrinker,1791019295,TankPressure_2_HB,18995
3207969,2026-10-03 09:21:37.216664+00,KPEDU,antero,HorseDrinker,1791019295,BowlPressure_HB,9329
3208232,2026-10-03 09:31:39.021854+00,KPEDU,antero,HorseDrinker,1791019895,TankPressure_1_HB,18995
3208233,2026-10-03 09:31:39.021854+00,KPEDU,antero,HorseDrinker,1791019895,TankPressure_2_HB,18967
3208234,2026-10-03 09:31:39.021854+00,KPEDU,antero,HorseDrinker,1791019895,BowlPressure_HB,9339
3208458,2026-10-03 09:41:37.150003+00,KPEDU,antero,HorseDrinker,1791020495,TankPressure_1_HB,18957
3208459,2026-10-03 09:41:37.150003+00,KPEDU,antero,HorseDrinker,1791020495,TankPressure_2_HB,18922
3208460,2026-10-03 09:41:37.150003+00,KPEDU,antero,HorseDrinker,1791020495,BowlPressure_HB,9348
3208643,2026-10-03 09:51:37.321832+00,KPEDU,antero,HorseDrinker,1791021095,TankPressure_1_HB,18894
3208644,2026-10-03 09:51:37.321832+00,KPEDU,antero,HorseDrinker,1791021095,TankPressure_2_HB,18863
3208645,2026-10-03 09:51:37.321832+00,KPEDU,antero,HorseDrinker,1791021095,BowlPressure_HB,9338
3208886,2026-10-03 10:01:37.258039+00,KPEDU,antero,HorseDrinker,1791021695,TankPressure_1_HB,18938
3208887,2026-10-03 10:01:37.258039+00,KPEDU,antero,HorseDrinker,1791021695,TankPressure_2_HB,18916
3208888,2026-10-03 10:01:37.258039+00,KPEDU,antero,HorseDrinker,1791021695,BowlPressure_HB,9345
3209124,2026-10-03 10:11:37.249487+00,KPEDU,antero,HorseDrinker,1791022295,TankPressure_1_HB,18972
3209125,2026-10-03 10:11:37.249487+00,KPEDU,antero,HorseDrinker,1791022295,TankPressure_2_HB,18952
3209126,2026-10-03 10:11:37.249487+00,KPEDU,antero,HorseDrinker,1791022295,BowlPressure_HB,9338
3209301,2026-10-03 10:21:37.234517+00,KPEDU,antero,HorseDrinker,1791022895,TankPressure_1_HB,19013
3209302,2026-10-03 10:21:37.234517+00,KPEDU,antero,HorseDrinker,1791022895,TankPressure_2_HB,18980
3209303,2026-10-03 10:21:37.234517+00,KPEDU,antero,HorseDrinker,1791022895,BowlPressure_HB,9335
3209532,2026-10-03 10:31:37.231362+00,KPEDU,antero,HorseDrinker,1791023495,TankPressure_1_HB,19008
3209533,2026-10-03 10:31:37.231362+00,KPEDU,antero,HorseDrinker,1791023495,TankPressure_2_HB,18990
3209534,2026-10-03 10:31:37.231362+00,KPEDU,antero,HorseDrinker,1791023495,BowlPressure_HB,9338
3209760,2026-10-03 10:41:37.326358+00,KPEDU,antero,HorseDrinker,1791024095,TankPressure_1_HB,19017
3209761,2026-10-03 10:41:37.326358+00,KPEDU,antero,HorseDrinker,1791024095,TankPressure_2_HB,18971
3209762,2026-10-03 10:41:37.326358+00,KPEDU,antero,HorseDrinker,1791024095,BowlPressure_HB,9339
3209947,2026-10-03 10:51:37.110304+00,KPEDU,antero,HorseDrinker,1791024695,TankPressure_1_HB,18962
3209948,2026-10-03 10:51:37.110304+00,KPEDU,antero,HorseDrinker,1791024695,TankPressure_2_HB,18947
3209949,2026-10-03 10:51:37.110304+00,KPEDU,antero,HorseDrinker,1791024695,BowlPressure_HB,9331
3210164,2026-10-03 11:01:37.244824+00,KPEDU,antero,HorseDrinker,1791025295,TankPressure_1_HB,18994
3210165,2026-10-03 11:01:37.244824+00,KPEDU,antero,HorseDrinker,1791025295,TankPressure_2_HB,18977
3210166,2026-10-03 11:01:37.244824+00,KPEDU,antero,HorseDrinker,1791025295,BowlPressure_HB,9333
3210388,2026-10-03 11:11:37.222299+00,KPEDU,antero,HorseDrinker,1791025895,TankPressure_1_HB,18996
3210389,2026-10-03 11:11:37.222299+00,KPEDU,antero,HorseDrinker,1791025895,TankPressure_2_HB,18980
3210390,2026-10-03 11:11:37.222299+00,KPEDU,antero,HorseDrinker,1791025895,BowlPressure_HB,9337
3218082,2026-10-03 17:11:37.140577+00,KPEDU,antero,HorseDrinker,1791047495,TankPressure_1_HB,18955
3218083,2026-10-03 17:11:37.140577+00,KPEDU,antero,HorseDrinker,1791047495,TankPressure_2_HB,18866
3218084,2026-10-03 17:11:37.140577+00,KPEDU,antero,HorseDrinker,1791047495,BowlPressure_HB,9333
3218261,2026-10-03 17:21:37.213571+00,KPEDU,antero,HorseDrinker,1791048095,TankPressure_1_HB,18947
3218262,2026-10-03 17:21:37.213571+00,KPEDU,antero,HorseDrinker,1791048095,TankPressure_2_HB,18869
3218263,2026-10-03 17:21:37.213571+00,KPEDU,antero,HorseDrinker,1791048095,BowlPressure_HB,9327
3218486,2026-10-03 17:31:37.333415+00,KPEDU,antero,HorseDrinker,1791048695,TankPressure_1_HB,18921
3218487,2026-10-03 17:31:37.333415+00,KPEDU,antero,HorseDrinker,1791048695,TankPressure_2_HB,18838
3218488,2026-10-03 17:31:37.333415+00,KPEDU,antero,HorseDrinker,1791048695,BowlPressure_HB,9325
3218712,2026-10-03 17:41:36.993251+00,KPEDU,antero,HorseDrinker,1791049295,TankPressure_1_HB,18942
3206689,2026-10-03 08:21:37.234104+00,KPEDU,antero,HorseDrinker,1791015695,TankPressure_2_HB,18934
3206690,2026-10-03 08:21:37.234104+00,KPEDU,antero,HorseDrinker,1791015695,BowlPressure_HB,9340
3206929,2026-10-03 08:31:37.322148+00,KPEDU,antero,HorseDrinker,1791016295,TankPressure_1_HB,18941
3206930,2026-10-03 08:31:37.322148+00,KPEDU,antero,HorseDrinker,1791016295,TankPressure_2_HB,18921
3206931,2026-10-03 08:31:37.322148+00,KPEDU,antero,HorseDrinker,1791016295,BowlPressure_HB,9341
3207152,2026-10-03 08:41:37.169877+00,KPEDU,antero,HorseDrinker,1791016895,TankPressure_1_HB,18928
3207153,2026-10-03 08:41:37.169877+00,KPEDU,antero,HorseDrinker,1791016895,TankPressure_2_HB,18883
3207154,2026-10-03 08:41:37.169877+00,KPEDU,antero,HorseDrinker,1791016895,BowlPressure_HB,9338
3207335,2026-10-03 08:51:37.229478+00,KPEDU,antero,HorseDrinker,1791017495,TankPressure_1_HB,18993
3207336,2026-10-03 08:51:37.229478+00,KPEDU,antero,HorseDrinker,1791017495,TankPressure_2_HB,18963
3207337,2026-10-03 08:51:37.229478+00,KPEDU,antero,HorseDrinker,1791017495,BowlPressure_HB,9328
3207554,2026-10-03 09:01:37.22639+00,KPEDU,antero,HorseDrinker,1791018095,TankPressure_1_HB,18971
3207555,2026-10-03 09:01:37.22639+00,KPEDU,antero,HorseDrinker,1791018095,TankPressure_2_HB,18952
3207556,2026-10-03 09:01:37.22639+00,KPEDU,antero,HorseDrinker,1791018095,BowlPressure_HB,9335
3210573,2026-10-03 11:21:37.07863+00,KPEDU,antero,HorseDrinker,1791026495,TankPressure_1_HB,18960
3210574,2026-10-03 11:21:37.07863+00,KPEDU,antero,HorseDrinker,1791026495,TankPressure_2_HB,18940
3210575,2026-10-03 11:21:37.07863+00,KPEDU,antero,HorseDrinker,1791026495,BowlPressure_HB,9332
3210792,2026-10-03 11:31:37.228793+00,KPEDU,antero,HorseDrinker,1791027095,TankPressure_1_HB,18970
3210793,2026-10-03 11:31:37.228793+00,KPEDU,antero,HorseDrinker,1791027095,TankPressure_2_HB,18947
3210794,2026-10-03 11:31:37.228793+00,KPEDU,antero,HorseDrinker,1791027095,BowlPressure_HB,9338
3211031,2026-10-03 11:41:37.223428+00,KPEDU,antero,HorseDrinker,1791027695,TankPressure_1_HB,18991
3211032,2026-10-03 11:41:37.223428+00,KPEDU,antero,HorseDrinker,1791027695,TankPressure_2_HB,18968
3211033,2026-10-03 11:41:37.223428+00,KPEDU,antero,HorseDrinker,1791027695,BowlPressure_HB,9339
3211202,2026-10-03 11:51:37.308053+00,KPEDU,antero,HorseDrinker,1791028295,TankPressure_1_HB,18999
3211203,2026-10-03 11:51:37.308053+00,KPEDU,antero,HorseDrinker,1791028295,TankPressure_2_HB,18987
3211204,2026-10-03 11:51:37.308053+00,KPEDU,antero,HorseDrinker,1791028295,BowlPressure_HB,9341
3211431,2026-10-03 12:01:37.016186+00,KPEDU,antero,HorseDrinker,1791028895,TankPressure_1_HB,18970
3211432,2026-10-03 12:01:37.016186+00,KPEDU,antero,HorseDrinker,1791028895,TankPressure_2_HB,18955
3211433,2026-10-03 12:01:37.016186+00,KPEDU,antero,HorseDrinker,1791028895,BowlPressure_HB,9340
3211646,2026-10-03 12:11:37.232605+00,KPEDU,antero,HorseDrinker,1791029495,TankPressure_1_HB,18985
3211647,2026-10-03 12:11:37.232605+00,KPEDU,antero,HorseDrinker,1791029495,TankPressure_2_HB,18967
3211648,2026-10-03 12:11:37.232605+00,KPEDU,antero,HorseDrinker,1791029495,BowlPressure_HB,9336
3211829,2026-10-03 12:21:37.212499+00,KPEDU,antero,HorseDrinker,1791030095,TankPressure_1_HB,19009
3211830,2026-10-03 12:21:37.212499+00,KPEDU,antero,HorseDrinker,1791030095,TankPressure_2_HB,18978
3211831,2026-10-03 12:21:37.212499+00,KPEDU,antero,HorseDrinker,1791030095,BowlPressure_HB,9333
3212042,2026-10-03 12:31:37.163421+00,KPEDU,antero,HorseDrinker,1791030695,TankPressure_1_HB,18966
3212043,2026-10-03 12:31:37.163421+00,KPEDU,antero,HorseDrinker,1791030695,TankPressure_2_HB,18937
3212044,2026-10-03 12:31:37.163421+00,KPEDU,antero,HorseDrinker,1791030695,BowlPressure_HB,9350
3212284,2026-10-03 12:41:37.196738+00,KPEDU,antero,HorseDrinker,1791031295,TankPressure_1_HB,18997
3212285,2026-10-03 12:41:37.196738+00,KPEDU,antero,HorseDrinker,1791031295,TankPressure_2_HB,18970
3212286,2026-10-03 12:41:37.196738+00,KPEDU,antero,HorseDrinker,1791031295,BowlPressure_HB,9340
3212451,2026-10-03 12:51:37.180723+00,KPEDU,antero,HorseDrinker,1791031895,TankPressure_1_HB,19005
3212452,2026-10-03 12:51:37.180723+00,KPEDU,antero,HorseDrinker,1791031895,TankPressure_2_HB,18971
3212453,2026-10-03 12:51:37.180723+00,KPEDU,antero,HorseDrinker,1791031895,BowlPressure_HB,9343
3212686,2026-10-03 13:01:37.262282+00,KPEDU,antero,HorseDrinker,1791032495,TankPressure_1_HB,18915
3212687,2026-10-03 13:01:37.262282+00,KPEDU,antero,HorseDrinker,1791032495,TankPressure_2_HB,18893
3212688,2026-10-03 13:01:37.262282+00,KPEDU,antero,HorseDrinker,1791032495,BowlPressure_HB,9342
3212905,2026-10-03 13:11:37.1011+00,KPEDU,antero,HorseDrinker,1791033095,TankPressure_1_HB,18941
3212906,2026-10-03 13:11:37.1011+00,KPEDU,antero,HorseDrinker,1791033095,TankPressure_2_HB,18992
3212907,2026-10-03 13:11:37.1011+00,KPEDU,antero,HorseDrinker,1791033095,BowlPressure_HB,9349
3213092,2026-10-03 13:21:37.165858+00,KPEDU,antero,HorseDrinker,1791033695,TankPressure_1_HB,18963
3213093,2026-10-03 13:21:37.165858+00,KPEDU,antero,HorseDrinker,1791033695,TankPressure_2_HB,18942
3213094,2026-10-03 13:21:37.165858+00,KPEDU,antero,HorseDrinker,1791033695,BowlPressure_HB,9332
3213303,2026-10-03 13:31:37.262481+00,KPEDU,antero,HorseDrinker,1791034295,TankPressure_1_HB,19013
3213304,2026-10-03 13:31:37.262481+00,KPEDU,antero,HorseDrinker,1791034295,TankPressure_2_HB,18981
3213305,2026-10-03 13:31:37.262481+00,KPEDU,antero,HorseDrinker,1791034295,BowlPressure_HB,9342
3213541,2026-10-03 13:41:37.187317+00,KPEDU,antero,HorseDrinker,1791034895,TankPressure_1_HB,18903
3213542,2026-10-03 13:41:37.187317+00,KPEDU,antero,HorseDrinker,1791034895,TankPressure_2_HB,18880
3213543,2026-10-03 13:41:37.187317+00,KPEDU,antero,HorseDrinker,1791034895,BowlPressure_HB,9344
3213722,2026-10-03 13:51:37.156774+00,KPEDU,antero,HorseDrinker,1791035495,TankPressure_1_HB,18991
3213723,2026-10-03 13:51:37.156774+00,KPEDU,antero,HorseDrinker,1791035495,TankPressure_2_HB,18973
3213724,2026-10-03 13:51:37.156774+00,KPEDU,antero,HorseDrinker,1791035495,BowlPressure_HB,9349
3214019,2026-10-03 14:01:37.230271+00,KPEDU,antero,HorseDrinker,1791036095,TankPressure_1_HB,19008
3214020,2026-10-03 14:01:37.230271+00,KPEDU,antero,HorseDrinker,1791036095,TankPressure_2_HB,18992
3214021,2026-10-03 14:01:37.230271+00,KPEDU,antero,HorseDrinker,1791036095,BowlPressure_HB,9343
3214233,2026-10-03 14:11:37.302255+00,KPEDU,antero,HorseDrinker,1791036695,TankPressure_1_HB,18906
3214234,2026-10-03 14:11:37.302255+00,KPEDU,antero,HorseDrinker,1791036695,TankPressure_2_HB,18907
3214235,2026-10-03 14:11:37.302255+00,KPEDU,antero,HorseDrinker,1791036695,BowlPressure_HB,9348
3214410,2026-10-03 14:21:37.247089+00,KPEDU,antero,HorseDrinker,1791037295,TankPressure_1_HB,19033
3214411,2026-10-03 14:21:37.247089+00,KPEDU,antero,HorseDrinker,1791037295,TankPressure_2_HB,19015
3214412,2026-10-03 14:21:37.247089+00,KPEDU,antero,HorseDrinker,1791037295,BowlPressure_HB,9342
3214627,2026-10-03 14:31:37.320019+00,KPEDU,antero,HorseDrinker,1791037895,TankPressure_1_HB,18948
3214628,2026-10-03 14:31:37.320019+00,KPEDU,antero,HorseDrinker,1791037895,TankPressure_2_HB,18949
3214629,2026-10-03 14:31:37.320019+00,KPEDU,antero,HorseDrinker,1791037895,BowlPressure_HB,9344
3214865,2026-10-03 14:41:37.21302+00,KPEDU,antero,HorseDrinker,1791038495,TankPressure_1_HB,18999
3214866,2026-10-03 14:41:37.21302+00,KPEDU,antero,HorseDrinker,1791038495,TankPressure_2_HB,19000
3214867,2026-10-03 14:41:37.21302+00,KPEDU,antero,HorseDrinker,1791038495,BowlPressure_HB,9339
3215042,2026-10-03 14:51:37.12003+00,KPEDU,antero,HorseDrinker,1791039095,TankPressure_1_HB,18947
3215043,2026-10-03 14:51:37.12003+00,KPEDU,antero,HorseDrinker,1791039095,TankPressure_2_HB,18960
3215044,2026-10-03 14:51:37.12003+00,KPEDU,antero,HorseDrinker,1791039095,BowlPressure_HB,9340
3215265,2026-10-03 15:01:37.099545+00,KPEDU,antero,HorseDrinker,1791039695,TankPressure_1_HB,18978
3215266,2026-10-03 15:01:37.099545+00,KPEDU,antero,HorseDrinker,1791039695,TankPressure_2_HB,18949
3215267,2026-10-03 15:01:37.099545+00,KPEDU,antero,HorseDrinker,1791039695,BowlPressure_HB,9335
3215494,2026-10-03 15:11:37.19078+00,KPEDU,antero,HorseDrinker,1791040295,TankPressure_1_HB,18986
3215495,2026-10-03 15:11:37.19078+00,KPEDU,antero,HorseDrinker,1791040295,TankPressure_2_HB,18972
3215496,2026-10-03 15:11:37.19078+00,KPEDU,antero,HorseDrinker,1791040295,BowlPressure_HB,9337
3215673,2026-10-03 15:21:36.990415+00,KPEDU,antero,HorseDrinker,1791040895,TankPressure_1_HB,18994
3215674,2026-10-03 15:21:36.990415+00,KPEDU,antero,HorseDrinker,1791040895,TankPressure_2_HB,18972
3215675,2026-10-03 15:21:36.990415+00,KPEDU,antero,HorseDrinker,1791040895,BowlPressure_HB,9331
3215902,2026-10-03 15:31:37.170065+00,KPEDU,antero,HorseDrinker,1791041495,TankPressure_1_HB,18968
3215903,2026-10-03 15:31:37.170065+00,KPEDU,antero,HorseDrinker,1791041495,TankPressure_2_HB,18940
3215904,2026-10-03 15:31:37.170065+00,KPEDU,antero,HorseDrinker,1791041495,BowlPressure_HB,9322
3216119,2026-10-03 15:41:37.196432+00,KPEDU,antero,HorseDrinker,1791042095,TankPressure_1_HB,19005
3216120,2026-10-03 15:41:37.196432+00,KPEDU,antero,HorseDrinker,1791042095,TankPressure_2_HB,18951
3216121,2026-10-03 15:41:37.196432+00,KPEDU,antero,HorseDrinker,1791042095,BowlPressure_HB,9329
3216296,2026-10-03 15:51:37.177195+00,KPEDU,antero,HorseDrinker,1791042695,TankPressure_1_HB,18946
3216297,2026-10-03 15:51:37.177195+00,KPEDU,antero,HorseDrinker,1791042695,TankPressure_2_HB,18900
3216298,2026-10-03 15:51:37.177195+00,KPEDU,antero,HorseDrinker,1791042695,BowlPressure_HB,9339
3216589,2026-10-03 16:01:37.309635+00,KPEDU,antero,HorseDrinker,1791043295,TankPressure_1_HB,18952
3216590,2026-10-03 16:01:37.309635+00,KPEDU,antero,HorseDrinker,1791043295,TankPressure_2_HB,18909
3216591,2026-10-03 16:01:37.309635+00,KPEDU,antero,HorseDrinker,1791043295,BowlPressure_HB,9333
3216817,2026-10-03 16:11:37.244195+00,KPEDU,antero,HorseDrinker,1791043895,TankPressure_1_HB,19009
3216818,2026-10-03 16:11:37.244195+00,KPEDU,antero,HorseDrinker,1791043895,TankPressure_2_HB,18953
3216819,2026-10-03 16:11:37.244195+00,KPEDU,antero,HorseDrinker,1791043895,BowlPressure_HB,9332
3217002,2026-10-03 16:21:39.092023+00,KPEDU,antero,HorseDrinker,1791044495,TankPressure_1_HB,18989
3217003,2026-10-03 16:21:39.092023+00,KPEDU,antero,HorseDrinker,1791044495,TankPressure_2_HB,18911
3217004,2026-10-03 16:21:39.092023+00,KPEDU,antero,HorseDrinker,1791044495,BowlPressure_HB,9333
3217225,2026-10-03 16:31:37.186169+00,KPEDU,antero,HorseDrinker,1791045095,TankPressure_1_HB,18957
3217226,2026-10-03 16:31:37.186169+00,KPEDU,antero,HorseDrinker,1791045095,TankPressure_2_HB,18874
3217227,2026-10-03 16:31:37.186169+00,KPEDU,antero,HorseDrinker,1791045095,BowlPressure_HB,9332
3217452,2026-10-03 16:41:37.187879+00,KPEDU,antero,HorseDrinker,1791045695,TankPressure_1_HB,18916
3217453,2026-10-03 16:41:37.187879+00,KPEDU,antero,HorseDrinker,1791045695,TankPressure_2_HB,18838
3217454,2026-10-03 16:41:37.187879+00,KPEDU,antero,HorseDrinker,1791045695,BowlPressure_HB,9331
3217633,2026-10-03 16:51:37.206056+00,KPEDU,antero,HorseDrinker,1791046295,TankPressure_1_HB,18980
3217634,2026-10-03 16:51:37.206056+00,KPEDU,antero,HorseDrinker,1791046295,TankPressure_2_HB,18891
3217635,2026-10-03 16:51:37.206056+00,KPEDU,antero,HorseDrinker,1791046295,BowlPressure_HB,9324
3217868,2026-10-03 17:01:37.191723+00,KPEDU,antero,HorseDrinker,1791046895,TankPressure_1_HB,18924
3217869,2026-10-03 17:01:37.191723+00,KPEDU,antero,HorseDrinker,1791046895,TankPressure_2_HB,18851
3217870,2026-10-03 17:01:37.191723+00,KPEDU,antero,HorseDrinker,1791046895,BowlPressure_HB,9339
3223462,2026-10-03 21:21:37.020596+00,KPEDU,antero,HorseDrinker,1791062495,TankPressure_1_HB,18991
3223463,2026-10-03 21:21:37.020596+00,KPEDU,antero,HorseDrinker,1791062495,TankPressure_2_HB,18863
3223464,2026-10-03 21:21:37.020596+00,KPEDU,antero,HorseDrinker,1791062495,BowlPressure_HB,9347
3223661,2026-10-03 21:31:37.267399+00,KPEDU,antero,HorseDrinker,1791063095,TankPressure_1_HB,18977
3223662,2026-10-03 21:31:37.267399+00,KPEDU,antero,HorseDrinker,1791063095,TankPressure_2_HB,18868
3223663,2026-10-03 21:31:37.267399+00,KPEDU,antero,HorseDrinker,1791063095,BowlPressure_HB,9336
3223869,2026-10-03 21:41:37.316513+00,KPEDU,antero,HorseDrinker,1791063695,TankPressure_1_HB,18968
3223870,2026-10-03 21:41:37.316513+00,KPEDU,antero,HorseDrinker,1791063695,TankPressure_2_HB,18836
3223871,2026-10-03 21:41:37.316513+00,KPEDU,antero,HorseDrinker,1791063695,BowlPressure_HB,9337
3224062,2026-10-03 21:51:37.020244+00,KPEDU,antero,HorseDrinker,1791064295,TankPressure_1_HB,18958
3224063,2026-10-03 21:51:37.020244+00,KPEDU,antero,HorseDrinker,1791064295,TankPressure_2_HB,18857
3224064,2026-10-03 21:51:37.020244+00,KPEDU,antero,HorseDrinker,1791064295,BowlPressure_HB,9342
3224273,2026-10-03 22:01:37.263924+00,KPEDU,antero,HorseDrinker,1791064895,TankPressure_1_HB,18958
3224274,2026-10-03 22:01:37.263924+00,KPEDU,antero,HorseDrinker,1791064895,TankPressure_2_HB,18826
3224275,2026-10-03 22:01:37.263924+00,KPEDU,antero,HorseDrinker,1791064895,BowlPressure_HB,9331
3224509,2026-10-03 22:11:37.247687+00,KPEDU,antero,HorseDrinker,1791065495,TankPressure_1_HB,18948
3224510,2026-10-03 22:11:37.247687+00,KPEDU,antero,HorseDrinker,1791065495,TankPressure_2_HB,18820
3224511,2026-10-03 22:11:37.247687+00,KPEDU,antero,HorseDrinker,1791065495,BowlPressure_HB,9341
3224682,2026-10-03 22:21:37.111518+00,KPEDU,antero,HorseDrinker,1791066095,TankPressure_1_HB,18991
3224683,2026-10-03 22:21:37.111518+00,KPEDU,antero,HorseDrinker,1791066095,TankPressure_2_HB,18863
3224684,2026-10-03 22:21:37.111518+00,KPEDU,antero,HorseDrinker,1791066095,BowlPressure_HB,9345
3224919,2026-10-03 22:31:37.210119+00,KPEDU,antero,HorseDrinker,1791066695,TankPressure_1_HB,18978
3224920,2026-10-03 22:31:37.210119+00,KPEDU,antero,HorseDrinker,1791066695,TankPressure_2_HB,18864
3224921,2026-10-03 22:31:37.210119+00,KPEDU,antero,HorseDrinker,1791066695,BowlPressure_HB,9337
3225135,2026-10-03 22:41:37.283167+00,KPEDU,antero,HorseDrinker,1791067295,TankPressure_1_HB,18975
3225136,2026-10-03 22:41:37.283167+00,KPEDU,antero,HorseDrinker,1791067295,TankPressure_2_HB,18857
3225137,2026-10-03 22:41:37.283167+00,KPEDU,antero,HorseDrinker,1791067295,BowlPressure_HB,9332
3225326,2026-10-03 22:51:37.106601+00,KPEDU,antero,HorseDrinker,1791067895,TankPressure_1_HB,18932
3225327,2026-10-03 22:51:37.106601+00,KPEDU,antero,HorseDrinker,1791067895,TankPressure_2_HB,18809
3225328,2026-10-03 22:51:37.106601+00,KPEDU,antero,HorseDrinker,1791067895,BowlPressure_HB,9344
3225549,2026-10-03 23:01:37.265591+00,KPEDU,antero,HorseDrinker,1791068495,TankPressure_1_HB,18987
3218713,2026-10-03 17:41:36.993251+00,KPEDU,antero,HorseDrinker,1791049295,TankPressure_2_HB,18857
3218714,2026-10-03 17:41:36.993251+00,KPEDU,antero,HorseDrinker,1791049295,BowlPressure_HB,9326
3218895,2026-10-03 17:51:38.915784+00,KPEDU,antero,HorseDrinker,1791049895,TankPressure_1_HB,18934
3218896,2026-10-03 17:51:38.915784+00,KPEDU,antero,HorseDrinker,1791049895,TankPressure_2_HB,18853
3218897,2026-10-03 17:51:38.915784+00,KPEDU,antero,HorseDrinker,1791049895,BowlPressure_HB,9318
3219120,2026-10-03 18:01:37.252627+00,KPEDU,antero,HorseDrinker,1791050495,TankPressure_1_HB,18964
3219121,2026-10-03 18:01:37.252627+00,KPEDU,antero,HorseDrinker,1791050495,TankPressure_2_HB,18871
3219122,2026-10-03 18:01:37.252627+00,KPEDU,antero,HorseDrinker,1791050495,BowlPressure_HB,9325
3219354,2026-10-03 18:11:37.270071+00,KPEDU,antero,HorseDrinker,1791051095,TankPressure_1_HB,18960
3219355,2026-10-03 18:11:37.270071+00,KPEDU,antero,HorseDrinker,1791051095,TankPressure_2_HB,18846
3219356,2026-10-03 18:11:37.270071+00,KPEDU,antero,HorseDrinker,1791051095,BowlPressure_HB,9324
3219531,2026-10-03 18:21:37.048971+00,KPEDU,antero,HorseDrinker,1791051695,TankPressure_1_HB,18970
3219532,2026-10-03 18:21:37.048971+00,KPEDU,antero,HorseDrinker,1791051695,TankPressure_2_HB,18865
3219533,2026-10-03 18:21:37.048971+00,KPEDU,antero,HorseDrinker,1791051695,BowlPressure_HB,9317
3219812,2026-10-03 18:31:37.034448+00,KPEDU,antero,HorseDrinker,1791052295,TankPressure_1_HB,18982
3219813,2026-10-03 18:31:37.034448+00,KPEDU,antero,HorseDrinker,1791052295,TankPressure_2_HB,18880
3219814,2026-10-03 18:31:37.034448+00,KPEDU,antero,HorseDrinker,1791052295,BowlPressure_HB,9332
3220040,2026-10-03 18:41:37.11964+00,KPEDU,antero,HorseDrinker,1791052895,TankPressure_1_HB,18972
3220041,2026-10-03 18:41:37.11964+00,KPEDU,antero,HorseDrinker,1791052895,TankPressure_2_HB,18876
3220042,2026-10-03 18:41:37.11964+00,KPEDU,antero,HorseDrinker,1791052895,BowlPressure_HB,9329
3220465,2026-10-03 19:01:37.119933+00,KPEDU,antero,HorseDrinker,1791053495,TankPressure_1_HB,18936
3220466,2026-10-03 19:01:37.119933+00,KPEDU,antero,HorseDrinker,1791053495,TankPressure_2_HB,18841
3220467,2026-10-03 19:01:37.119933+00,KPEDU,antero,HorseDrinker,1791053495,BowlPressure_HB,9325
3220468,2026-10-03 19:01:37.119933+00,KPEDU,antero,HorseDrinker,1791054095,TankPressure_1_HB,19002
3220469,2026-10-03 19:01:37.119933+00,KPEDU,antero,HorseDrinker,1791054095,TankPressure_2_HB,18903
3220470,2026-10-03 19:01:37.119933+00,KPEDU,antero,HorseDrinker,1791054095,BowlPressure_HB,9324
3220693,2026-10-03 19:11:37.109053+00,KPEDU,antero,HorseDrinker,1791054695,TankPressure_1_HB,18989
3220694,2026-10-03 19:11:37.109053+00,KPEDU,antero,HorseDrinker,1791054695,TankPressure_2_HB,18887
3220695,2026-10-03 19:11:37.109053+00,KPEDU,antero,HorseDrinker,1791054695,BowlPressure_HB,9333
3220876,2026-10-03 19:21:37.189112+00,KPEDU,antero,HorseDrinker,1791055295,TankPressure_1_HB,18950
3220877,2026-10-03 19:21:37.189112+00,KPEDU,antero,HorseDrinker,1791055295,TankPressure_2_HB,18853
3220878,2026-10-03 19:21:37.189112+00,KPEDU,antero,HorseDrinker,1791055295,BowlPressure_HB,9329
3221091,2026-10-03 19:31:36.981875+00,KPEDU,antero,HorseDrinker,1791055895,TankPressure_1_HB,19010
3221092,2026-10-03 19:31:36.981875+00,KPEDU,antero,HorseDrinker,1791055895,TankPressure_2_HB,18902
3221093,2026-10-03 19:31:36.981875+00,KPEDU,antero,HorseDrinker,1791055895,BowlPressure_HB,9336
3221323,2026-10-03 19:41:38.889308+00,KPEDU,antero,HorseDrinker,1791056495,TankPressure_1_HB,18992
3221324,2026-10-03 19:41:38.889308+00,KPEDU,antero,HorseDrinker,1791056495,TankPressure_2_HB,18892
3221325,2026-10-03 19:41:38.889308+00,KPEDU,antero,HorseDrinker,1791056495,BowlPressure_HB,9334
3221506,2026-10-03 19:51:37.165412+00,KPEDU,antero,HorseDrinker,1791057095,TankPressure_1_HB,18940
3221507,2026-10-03 19:51:37.165412+00,KPEDU,antero,HorseDrinker,1791057095,TankPressure_2_HB,18839
3221508,2026-10-03 19:51:37.165412+00,KPEDU,antero,HorseDrinker,1791057095,BowlPressure_HB,9331
3221765,2026-10-03 20:01:37.145985+00,KPEDU,antero,HorseDrinker,1791057695,TankPressure_1_HB,19000
3221766,2026-10-03 20:01:37.145985+00,KPEDU,antero,HorseDrinker,1791057695,TankPressure_2_HB,18890
3221767,2026-10-03 20:01:37.145985+00,KPEDU,antero,HorseDrinker,1791057695,BowlPressure_HB,9336
3221988,2026-10-03 20:11:37.295771+00,KPEDU,antero,HorseDrinker,1791058295,TankPressure_1_HB,18954
3221989,2026-10-03 20:11:37.295771+00,KPEDU,antero,HorseDrinker,1791058295,TankPressure_2_HB,18843
3221990,2026-10-03 20:11:37.295771+00,KPEDU,antero,HorseDrinker,1791058295,BowlPressure_HB,9334
3222167,2026-10-03 20:21:37.281892+00,KPEDU,antero,HorseDrinker,1791058895,TankPressure_1_HB,19002
3222168,2026-10-03 20:21:37.281892+00,KPEDU,antero,HorseDrinker,1791058895,TankPressure_2_HB,18883
3222169,2026-10-03 20:21:37.281892+00,KPEDU,antero,HorseDrinker,1791058895,BowlPressure_HB,9330
3222406,2026-10-03 20:31:37.150206+00,KPEDU,antero,HorseDrinker,1791059495,TankPressure_1_HB,18955
3222407,2026-10-03 20:31:37.150206+00,KPEDU,antero,HorseDrinker,1791059495,TankPressure_2_HB,18849
3222408,2026-10-03 20:31:37.150206+00,KPEDU,antero,HorseDrinker,1791059495,BowlPressure_HB,9337
3222623,2026-10-03 20:41:37.178231+00,KPEDU,antero,HorseDrinker,1791060095,TankPressure_1_HB,18963
3222624,2026-10-03 20:41:37.178231+00,KPEDU,antero,HorseDrinker,1791060095,TankPressure_2_HB,18855
3222625,2026-10-03 20:41:37.178231+00,KPEDU,antero,HorseDrinker,1791060095,BowlPressure_HB,9327
3222804,2026-10-03 20:51:37.183429+00,KPEDU,antero,HorseDrinker,1791060695,TankPressure_1_HB,18953
3222805,2026-10-03 20:51:37.183429+00,KPEDU,antero,HorseDrinker,1791060695,TankPressure_2_HB,18838
3222806,2026-10-03 20:51:37.183429+00,KPEDU,antero,HorseDrinker,1791060695,BowlPressure_HB,9342
3223059,2026-10-03 21:01:37.216228+00,KPEDU,antero,HorseDrinker,1791061295,TankPressure_1_HB,18940
3223060,2026-10-03 21:01:37.216228+00,KPEDU,antero,HorseDrinker,1791061295,TankPressure_2_HB,18822
3223061,2026-10-03 21:01:37.216228+00,KPEDU,antero,HorseDrinker,1791061295,BowlPressure_HB,9339
3223281,2026-10-03 21:11:37.169861+00,KPEDU,antero,HorseDrinker,1791061895,TankPressure_1_HB,18952
3223282,2026-10-03 21:11:37.169861+00,KPEDU,antero,HorseDrinker,1791061895,TankPressure_2_HB,18826
3223283,2026-10-03 21:11:37.169861+00,KPEDU,antero,HorseDrinker,1791061895,BowlPressure_HB,9341
3231901,2026-10-04 03:51:37.079947+00,KPEDU,antero,HorseDrinker,1791085895,TankPressure_1_HB,18922
3231902,2026-10-04 03:51:37.079947+00,KPEDU,antero,HorseDrinker,1791085895,TankPressure_2_HB,18760
3231903,2026-10-04 03:51:37.079947+00,KPEDU,antero,HorseDrinker,1791085895,BowlPressure_HB,9338
3232120,2026-10-04 04:01:37.13004+00,KPEDU,antero,HorseDrinker,1791086495,TankPressure_1_HB,19008
3232121,2026-10-04 04:01:37.13004+00,KPEDU,antero,HorseDrinker,1791086495,TankPressure_2_HB,18858
3232122,2026-10-04 04:01:37.13004+00,KPEDU,antero,HorseDrinker,1791086495,BowlPressure_HB,9338
3232406,2026-10-04 04:11:37.117469+00,KPEDU,antero,HorseDrinker,1791087095,TankPressure_1_HB,18953
3232407,2026-10-04 04:11:37.117469+00,KPEDU,antero,HorseDrinker,1791087095,TankPressure_2_HB,18821
3232408,2026-10-04 04:11:37.117469+00,KPEDU,antero,HorseDrinker,1791087095,BowlPressure_HB,9342
3232583,2026-10-04 04:21:37.03271+00,KPEDU,antero,HorseDrinker,1791087695,TankPressure_1_HB,18988
3232584,2026-10-04 04:21:37.03271+00,KPEDU,antero,HorseDrinker,1791087695,TankPressure_2_HB,18859
3232585,2026-10-04 04:21:37.03271+00,KPEDU,antero,HorseDrinker,1791087695,BowlPressure_HB,9342
3232808,2026-10-04 04:31:36.959285+00,KPEDU,antero,HorseDrinker,1791088295,TankPressure_1_HB,18920
3232809,2026-10-04 04:31:36.959285+00,KPEDU,antero,HorseDrinker,1791088295,TankPressure_2_HB,18792
3232810,2026-10-04 04:31:36.959285+00,KPEDU,antero,HorseDrinker,1791088295,BowlPressure_HB,9358
3233044,2026-10-04 04:41:37.133593+00,KPEDU,antero,HorseDrinker,1791088895,TankPressure_1_HB,18977
3233045,2026-10-04 04:41:37.133593+00,KPEDU,antero,HorseDrinker,1791088895,TankPressure_2_HB,18859
3233046,2026-10-04 04:41:37.133593+00,KPEDU,antero,HorseDrinker,1791088895,BowlPressure_HB,9338
3233223,2026-10-04 04:51:37.00256+00,KPEDU,antero,HorseDrinker,1791089495,TankPressure_1_HB,18928
3233224,2026-10-04 04:51:37.00256+00,KPEDU,antero,HorseDrinker,1791089495,TankPressure_2_HB,18819
3233225,2026-10-04 04:51:37.00256+00,KPEDU,antero,HorseDrinker,1791089495,BowlPressure_HB,9346
3233436,2026-10-04 05:01:37.047584+00,KPEDU,antero,HorseDrinker,1791090095,TankPressure_1_HB,18913
3233437,2026-10-04 05:01:37.047584+00,KPEDU,antero,HorseDrinker,1791090095,TankPressure_2_HB,18814
3233438,2026-10-04 05:01:37.047584+00,KPEDU,antero,HorseDrinker,1791090095,BowlPressure_HB,9358
3233676,2026-10-04 05:11:37.145212+00,KPEDU,antero,HorseDrinker,1791090695,TankPressure_1_HB,18968
3233677,2026-10-04 05:11:37.145212+00,KPEDU,antero,HorseDrinker,1791090695,TankPressure_2_HB,18842
3233678,2026-10-04 05:11:37.145212+00,KPEDU,antero,HorseDrinker,1791090695,BowlPressure_HB,9340
3233861,2026-10-04 05:21:37.239075+00,KPEDU,antero,HorseDrinker,1791091295,TankPressure_1_HB,18991
3233862,2026-10-04 05:21:37.239075+00,KPEDU,antero,HorseDrinker,1791091295,TankPressure_2_HB,18880
3233863,2026-10-04 05:21:37.239075+00,KPEDU,antero,HorseDrinker,1791091295,BowlPressure_HB,9350
3234084,2026-10-04 05:31:37.174802+00,KPEDU,antero,HorseDrinker,1791091895,TankPressure_1_HB,18997
3234085,2026-10-04 05:31:37.174802+00,KPEDU,antero,HorseDrinker,1791091895,TankPressure_2_HB,18898
3234086,2026-10-04 05:31:37.174802+00,KPEDU,antero,HorseDrinker,1791091895,BowlPressure_HB,9339
3234320,2026-10-04 05:41:37.010275+00,KPEDU,antero,HorseDrinker,1791092495,TankPressure_1_HB,19005
3234321,2026-10-04 05:41:37.010275+00,KPEDU,antero,HorseDrinker,1791092495,TankPressure_2_HB,18901
3234322,2026-10-04 05:41:37.010275+00,KPEDU,antero,HorseDrinker,1791092495,BowlPressure_HB,9344
3234709,2026-10-04 06:01:37.17002+00,KPEDU,antero,HorseDrinker,1791093095,TankPressure_1_HB,18983
3234710,2026-10-04 06:01:37.17002+00,KPEDU,antero,HorseDrinker,1791093095,TankPressure_2_HB,18884
3234711,2026-10-04 06:01:37.17002+00,KPEDU,antero,HorseDrinker,1791093095,BowlPressure_HB,9347
3234712,2026-10-04 06:01:37.17002+00,KPEDU,antero,HorseDrinker,1791093695,TankPressure_1_HB,19003
3234713,2026-10-04 06:01:37.17002+00,KPEDU,antero,HorseDrinker,1791093695,TankPressure_2_HB,18892
3234714,2026-10-04 06:01:37.17002+00,KPEDU,antero,HorseDrinker,1791093695,BowlPressure_HB,9352
3234966,2026-10-04 06:11:37.068548+00,KPEDU,antero,HorseDrinker,1791094295,TankPressure_1_HB,18977
3234967,2026-10-04 06:11:37.068548+00,KPEDU,antero,HorseDrinker,1791094295,TankPressure_2_HB,18855
3234968,2026-10-04 06:11:37.068548+00,KPEDU,antero,HorseDrinker,1791094295,BowlPressure_HB,9338
3235137,2026-10-04 06:21:37.109328+00,KPEDU,antero,HorseDrinker,1791094895,TankPressure_1_HB,18920
3235138,2026-10-04 06:21:37.109328+00,KPEDU,antero,HorseDrinker,1791094895,TankPressure_2_HB,18819
3235139,2026-10-04 06:21:37.109328+00,KPEDU,antero,HorseDrinker,1791094895,BowlPressure_HB,9347
3235372,2026-10-04 06:31:37.14374+00,KPEDU,antero,HorseDrinker,1791095495,TankPressure_1_HB,18970
3235373,2026-10-04 06:31:37.14374+00,KPEDU,antero,HorseDrinker,1791095495,TankPressure_2_HB,18864
3235374,2026-10-04 06:31:37.14374+00,KPEDU,antero,HorseDrinker,1791095495,BowlPressure_HB,9341
3235664,2026-10-04 06:41:37.180347+00,KPEDU,antero,HorseDrinker,1791096095,TankPressure_1_HB,18929
3235665,2026-10-04 06:41:37.180347+00,KPEDU,antero,HorseDrinker,1791096095,TankPressure_2_HB,18831
3235666,2026-10-04 06:41:37.180347+00,KPEDU,antero,HorseDrinker,1791096095,BowlPressure_HB,9340
3235845,2026-10-04 06:51:37.058446+00,KPEDU,antero,HorseDrinker,1791096695,TankPressure_1_HB,18984
3235846,2026-10-04 06:51:37.058446+00,KPEDU,antero,HorseDrinker,1791096695,TankPressure_2_HB,18885
3235847,2026-10-04 06:51:37.058446+00,KPEDU,antero,HorseDrinker,1791096695,BowlPressure_HB,9348
3236060,2026-10-04 07:01:37.052329+00,KPEDU,antero,HorseDrinker,1791097295,TankPressure_1_HB,18968
3236061,2026-10-04 07:01:37.052329+00,KPEDU,antero,HorseDrinker,1791097295,TankPressure_2_HB,18850
3225550,2026-10-03 23:01:37.265591+00,KPEDU,antero,HorseDrinker,1791068495,TankPressure_2_HB,18856
3225551,2026-10-03 23:01:37.265591+00,KPEDU,antero,HorseDrinker,1791068495,BowlPressure_HB,9329
3225773,2026-10-03 23:11:37.048955+00,KPEDU,antero,HorseDrinker,1791069095,TankPressure_1_HB,18924
3225774,2026-10-03 23:11:37.048955+00,KPEDU,antero,HorseDrinker,1791069095,TankPressure_2_HB,18814
3225775,2026-10-03 23:11:37.048955+00,KPEDU,antero,HorseDrinker,1791069095,BowlPressure_HB,9334
3225946,2026-10-03 23:21:37.242048+00,KPEDU,antero,HorseDrinker,1791069695,TankPressure_1_HB,18983
3225947,2026-10-03 23:21:37.242048+00,KPEDU,antero,HorseDrinker,1791069695,TankPressure_2_HB,18874
3225948,2026-10-03 23:21:37.242048+00,KPEDU,antero,HorseDrinker,1791069695,BowlPressure_HB,9345
3226303,2026-10-03 23:31:37.171869+00,KPEDU,antero,HorseDrinker,1791070295,TankPressure_1_HB,18941
3226304,2026-10-03 23:31:37.171869+00,KPEDU,antero,HorseDrinker,1791070295,TankPressure_2_HB,18811
3226305,2026-10-03 23:31:37.171869+00,KPEDU,antero,HorseDrinker,1791070295,BowlPressure_HB,9339
3226524,2026-10-03 23:41:37.165832+00,KPEDU,antero,HorseDrinker,1791070895,TankPressure_1_HB,18931
3226525,2026-10-03 23:41:37.165832+00,KPEDU,antero,HorseDrinker,1791070895,TankPressure_2_HB,18824
3226526,2026-10-03 23:41:37.165832+00,KPEDU,antero,HorseDrinker,1791070895,BowlPressure_HB,9341
3226709,2026-10-03 23:51:37.338826+00,KPEDU,antero,HorseDrinker,1791071495,TankPressure_1_HB,18996
3226710,2026-10-03 23:51:37.338826+00,KPEDU,antero,HorseDrinker,1791071495,TankPressure_2_HB,18866
3226711,2026-10-03 23:51:37.338826+00,KPEDU,antero,HorseDrinker,1791071495,BowlPressure_HB,9341
3226916,2026-10-04 00:01:37.135002+00,KPEDU,antero,HorseDrinker,1791072095,TankPressure_1_HB,18977
3226917,2026-10-04 00:01:37.135002+00,KPEDU,antero,HorseDrinker,1791072095,TankPressure_2_HB,18859
3226918,2026-10-04 00:01:37.135002+00,KPEDU,antero,HorseDrinker,1791072095,BowlPressure_HB,9332
3227160,2026-10-04 00:11:37.008812+00,KPEDU,antero,HorseDrinker,1791072695,TankPressure_1_HB,18993
3227161,2026-10-04 00:11:37.008812+00,KPEDU,antero,HorseDrinker,1791072695,TankPressure_2_HB,18856
3227162,2026-10-04 00:11:37.008812+00,KPEDU,antero,HorseDrinker,1791072695,BowlPressure_HB,9339
3227333,2026-10-04 00:21:37.290384+00,KPEDU,antero,HorseDrinker,1791073295,TankPressure_1_HB,18941
3227334,2026-10-04 00:21:37.290384+00,KPEDU,antero,HorseDrinker,1791073295,TankPressure_2_HB,18821
3227335,2026-10-04 00:21:37.290384+00,KPEDU,antero,HorseDrinker,1791073295,BowlPressure_HB,9342
3227562,2026-10-04 00:31:37.020775+00,KPEDU,antero,HorseDrinker,1791073895,TankPressure_1_HB,18974
3227563,2026-10-04 00:31:37.020775+00,KPEDU,antero,HorseDrinker,1791073895,TankPressure_2_HB,18833
3227564,2026-10-04 00:31:37.020775+00,KPEDU,antero,HorseDrinker,1791073895,BowlPressure_HB,9336
3227826,2026-10-04 00:41:37.010415+00,KPEDU,antero,HorseDrinker,1791074495,TankPressure_1_HB,18966
3227827,2026-10-04 00:41:37.010415+00,KPEDU,antero,HorseDrinker,1791074495,TankPressure_2_HB,18832
3227828,2026-10-04 00:41:37.010415+00,KPEDU,antero,HorseDrinker,1791074495,BowlPressure_HB,9344
3228005,2026-10-04 00:51:37.20631+00,KPEDU,antero,HorseDrinker,1791075095,TankPressure_1_HB,19019
3228006,2026-10-04 00:51:37.20631+00,KPEDU,antero,HorseDrinker,1791075095,TankPressure_2_HB,18875
3228007,2026-10-04 00:51:37.20631+00,KPEDU,antero,HorseDrinker,1791075095,BowlPressure_HB,9336
3228224,2026-10-04 01:01:37.123509+00,KPEDU,antero,HorseDrinker,1791075695,TankPressure_1_HB,18960
3228225,2026-10-04 01:01:37.123509+00,KPEDU,antero,HorseDrinker,1791075695,TankPressure_2_HB,18823
3228226,2026-10-04 01:01:37.123509+00,KPEDU,antero,HorseDrinker,1791075695,BowlPressure_HB,9342
3228458,2026-10-04 01:11:37.097207+00,KPEDU,antero,HorseDrinker,1791076295,TankPressure_1_HB,19000
3228459,2026-10-04 01:11:37.097207+00,KPEDU,antero,HorseDrinker,1791076295,TankPressure_2_HB,18866
3228460,2026-10-04 01:11:37.097207+00,KPEDU,antero,HorseDrinker,1791076295,BowlPressure_HB,9337
3228643,2026-10-04 01:21:37.052475+00,KPEDU,antero,HorseDrinker,1791076895,TankPressure_1_HB,18947
3228644,2026-10-04 01:21:37.052475+00,KPEDU,antero,HorseDrinker,1791076895,TankPressure_2_HB,18820
3228645,2026-10-04 01:21:37.052475+00,KPEDU,antero,HorseDrinker,1791076895,BowlPressure_HB,9341
3228854,2026-10-04 01:31:37.126331+00,KPEDU,antero,HorseDrinker,1791077495,TankPressure_1_HB,18977
3228855,2026-10-04 01:31:37.126331+00,KPEDU,antero,HorseDrinker,1791077495,TankPressure_2_HB,18836
3228856,2026-10-04 01:31:37.126331+00,KPEDU,antero,HorseDrinker,1791077495,BowlPressure_HB,9335
3229102,2026-10-04 01:41:37.008729+00,KPEDU,antero,HorseDrinker,1791078095,TankPressure_1_HB,18985
3229103,2026-10-04 01:41:37.008729+00,KPEDU,antero,HorseDrinker,1791078095,TankPressure_2_HB,18852
3229104,2026-10-04 01:41:37.008729+00,KPEDU,antero,HorseDrinker,1791078095,BowlPressure_HB,9342
3229279,2026-10-04 01:51:37.213911+00,KPEDU,antero,HorseDrinker,1791078695,TankPressure_1_HB,19006
3229280,2026-10-04 01:51:37.213911+00,KPEDU,antero,HorseDrinker,1791078695,TankPressure_2_HB,18870
3229281,2026-10-04 01:51:37.213911+00,KPEDU,antero,HorseDrinker,1791078695,BowlPressure_HB,9334
3229496,2026-10-04 02:01:36.994921+00,KPEDU,antero,HorseDrinker,1791079295,TankPressure_1_HB,18991
3229497,2026-10-04 02:01:36.994921+00,KPEDU,antero,HorseDrinker,1791079295,TankPressure_2_HB,18854
3229498,2026-10-04 02:01:36.994921+00,KPEDU,antero,HorseDrinker,1791079295,BowlPressure_HB,9346
3229738,2026-10-04 02:11:36.977167+00,KPEDU,antero,HorseDrinker,1791079895,TankPressure_1_HB,18978
3229739,2026-10-04 02:11:36.977167+00,KPEDU,antero,HorseDrinker,1791079895,TankPressure_2_HB,18829
3229740,2026-10-04 02:11:36.977167+00,KPEDU,antero,HorseDrinker,1791079895,BowlPressure_HB,9334
3229907,2026-10-04 02:21:37.303941+00,KPEDU,antero,HorseDrinker,1791080495,TankPressure_1_HB,18976
3229908,2026-10-04 02:21:37.303941+00,KPEDU,antero,HorseDrinker,1791080495,TankPressure_2_HB,18833
3229909,2026-10-04 02:21:37.303941+00,KPEDU,antero,HorseDrinker,1791080495,BowlPressure_HB,9338
3230132,2026-10-04 02:31:37.147754+00,KPEDU,antero,HorseDrinker,1791081095,TankPressure_1_HB,18934
3230133,2026-10-04 02:31:37.147754+00,KPEDU,antero,HorseDrinker,1791081095,TankPressure_2_HB,18799
3230134,2026-10-04 02:31:37.147754+00,KPEDU,antero,HorseDrinker,1791081095,BowlPressure_HB,9335
3230416,2026-10-04 02:41:38.90567+00,KPEDU,antero,HorseDrinker,1791081695,TankPressure_1_HB,18973
3230417,2026-10-04 02:41:38.90567+00,KPEDU,antero,HorseDrinker,1791081695,TankPressure_2_HB,18843
3230418,2026-10-04 02:41:38.90567+00,KPEDU,antero,HorseDrinker,1791081695,BowlPressure_HB,9335
3230603,2026-10-04 02:51:37.173656+00,KPEDU,antero,HorseDrinker,1791082295,TankPressure_1_HB,18953
3230604,2026-10-04 02:51:37.173656+00,KPEDU,antero,HorseDrinker,1791082295,TankPressure_2_HB,18802
3230605,2026-10-04 02:51:37.173656+00,KPEDU,antero,HorseDrinker,1791082295,BowlPressure_HB,9335
3230828,2026-10-04 03:01:37.107659+00,KPEDU,antero,HorseDrinker,1791082895,TankPressure_1_HB,19028
3230829,2026-10-04 03:01:37.107659+00,KPEDU,antero,HorseDrinker,1791082895,TankPressure_2_HB,18890
3230830,2026-10-04 03:01:37.107659+00,KPEDU,antero,HorseDrinker,1791082895,BowlPressure_HB,9343
3231082,2026-10-04 03:11:37.132828+00,KPEDU,antero,HorseDrinker,1791083495,TankPressure_1_HB,18961
3231083,2026-10-04 03:11:37.132828+00,KPEDU,antero,HorseDrinker,1791083495,TankPressure_2_HB,18830
3231084,2026-10-04 03:11:37.132828+00,KPEDU,antero,HorseDrinker,1791083495,BowlPressure_HB,9338
3231255,2026-10-04 03:21:37.030716+00,KPEDU,antero,HorseDrinker,1791084095,TankPressure_1_HB,19003
3231256,2026-10-04 03:21:37.030716+00,KPEDU,antero,HorseDrinker,1791084095,TankPressure_2_HB,18857
3231257,2026-10-04 03:21:37.030716+00,KPEDU,antero,HorseDrinker,1791084095,BowlPressure_HB,9338
3231464,2026-10-04 03:31:37.093909+00,KPEDU,antero,HorseDrinker,1791084695,TankPressure_1_HB,18928
3231465,2026-10-04 03:31:37.093909+00,KPEDU,antero,HorseDrinker,1791084695,TankPressure_2_HB,18794
3231466,2026-10-04 03:31:37.093909+00,KPEDU,antero,HorseDrinker,1791084695,BowlPressure_HB,9341
3231710,2026-10-04 03:41:37.07706+00,KPEDU,antero,HorseDrinker,1791085295,TankPressure_1_HB,18981
3231711,2026-10-04 03:41:37.07706+00,KPEDU,antero,HorseDrinker,1791085295,TankPressure_2_HB,18826
3231712,2026-10-04 03:41:37.07706+00,KPEDU,antero,HorseDrinker,1791085295,BowlPressure_HB,9338
3237402,2026-10-04 08:01:37.104326+00,KPEDU,antero,HorseDrinker,1791100895,TankPressure_1_HB,18937
3237403,2026-10-04 08:01:37.104326+00,KPEDU,antero,HorseDrinker,1791100895,TankPressure_2_HB,18848
3237404,2026-10-04 08:01:37.104326+00,KPEDU,antero,HorseDrinker,1791100895,BowlPressure_HB,9343
3237681,2026-10-04 08:11:37.141595+00,KPEDU,antero,HorseDrinker,1791101495,TankPressure_1_HB,18963
3237682,2026-10-04 08:11:37.141595+00,KPEDU,antero,HorseDrinker,1791101495,TankPressure_2_HB,18854
3237683,2026-10-04 08:11:37.141595+00,KPEDU,antero,HorseDrinker,1791101495,BowlPressure_HB,9333
3237858,2026-10-04 08:21:37.253534+00,KPEDU,antero,HorseDrinker,1791102095,TankPressure_1_HB,19016
3237859,2026-10-04 08:21:37.253534+00,KPEDU,antero,HorseDrinker,1791102095,TankPressure_2_HB,18902
3237860,2026-10-04 08:21:37.253534+00,KPEDU,antero,HorseDrinker,1791102095,BowlPressure_HB,9327
3238063,2026-10-04 08:31:37.03842+00,KPEDU,antero,HorseDrinker,1791102695,TankPressure_1_HB,18938
3238064,2026-10-04 08:31:37.03842+00,KPEDU,antero,HorseDrinker,1791102695,TankPressure_2_HB,18818
3238065,2026-10-04 08:31:37.03842+00,KPEDU,antero,HorseDrinker,1791102695,BowlPressure_HB,9332
3238355,2026-10-04 08:41:36.97271+00,KPEDU,antero,HorseDrinker,1791103295,TankPressure_1_HB,18969
3238356,2026-10-04 08:41:36.97271+00,KPEDU,antero,HorseDrinker,1791103295,TankPressure_2_HB,18863
3238357,2026-10-04 08:41:36.97271+00,KPEDU,antero,HorseDrinker,1791103295,BowlPressure_HB,9339
3238540,2026-10-04 08:51:37.148711+00,KPEDU,antero,HorseDrinker,1791103895,TankPressure_1_HB,18959
3238541,2026-10-04 08:51:37.148711+00,KPEDU,antero,HorseDrinker,1791103895,TankPressure_2_HB,18840
3238542,2026-10-04 08:51:37.148711+00,KPEDU,antero,HorseDrinker,1791103895,BowlPressure_HB,9335
3238737,2026-10-04 09:01:37.081975+00,KPEDU,antero,HorseDrinker,1791104495,TankPressure_1_HB,19002
3238738,2026-10-04 09:01:37.081975+00,KPEDU,antero,HorseDrinker,1791104495,TankPressure_2_HB,18869
3238739,2026-10-04 09:01:37.081975+00,KPEDU,antero,HorseDrinker,1791104495,BowlPressure_HB,9338
3238991,2026-10-04 09:11:37.085386+00,KPEDU,antero,HorseDrinker,1791105095,TankPressure_1_HB,18959
3238992,2026-10-04 09:11:37.085386+00,KPEDU,antero,HorseDrinker,1791105095,TankPressure_2_HB,18838
3238993,2026-10-04 09:11:37.085386+00,KPEDU,antero,HorseDrinker,1791105095,BowlPressure_HB,9337
3239180,2026-10-04 09:21:37.134291+00,KPEDU,antero,HorseDrinker,1791105695,TankPressure_1_HB,18953
3239181,2026-10-04 09:21:37.134291+00,KPEDU,antero,HorseDrinker,1791105695,TankPressure_2_HB,18827
3239182,2026-10-04 09:21:37.134291+00,KPEDU,antero,HorseDrinker,1791105695,BowlPressure_HB,9336
3239385,2026-10-04 09:31:37.089194+00,KPEDU,antero,HorseDrinker,1791106295,TankPressure_1_HB,18971
3239386,2026-10-04 09:31:37.089194+00,KPEDU,antero,HorseDrinker,1791106295,TankPressure_2_HB,18833
3239387,2026-10-04 09:31:37.089194+00,KPEDU,antero,HorseDrinker,1791106295,BowlPressure_HB,9334
3239626,2026-10-04 09:41:37.21042+00,KPEDU,antero,HorseDrinker,1791106895,TankPressure_1_HB,18938
3239627,2026-10-04 09:41:37.21042+00,KPEDU,antero,HorseDrinker,1791106895,TankPressure_2_HB,18789
3239628,2026-10-04 09:41:37.21042+00,KPEDU,antero,HorseDrinker,1791106895,BowlPressure_HB,9337
3239801,2026-10-04 09:51:37.060705+00,KPEDU,antero,HorseDrinker,1791107495,TankPressure_1_HB,18950
3239802,2026-10-04 09:51:37.060705+00,KPEDU,antero,HorseDrinker,1791107495,TankPressure_2_HB,18815
3239803,2026-10-04 09:51:37.060705+00,KPEDU,antero,HorseDrinker,1791107495,BowlPressure_HB,9330
3240014,2026-10-04 10:01:37.004467+00,KPEDU,antero,HorseDrinker,1791108095,TankPressure_1_HB,18959
3240015,2026-10-04 10:01:37.004467+00,KPEDU,antero,HorseDrinker,1791108095,TankPressure_2_HB,18819
3240016,2026-10-04 10:01:37.004467+00,KPEDU,antero,HorseDrinker,1791108095,BowlPressure_HB,9323
3240256,2026-10-04 10:11:37.187315+00,KPEDU,antero,HorseDrinker,1791108695,TankPressure_1_HB,18953
3240257,2026-10-04 10:11:37.187315+00,KPEDU,antero,HorseDrinker,1791108695,TankPressure_2_HB,18822
3240258,2026-10-04 10:11:37.187315+00,KPEDU,antero,HorseDrinker,1791108695,BowlPressure_HB,9329
3240427,2026-10-04 10:21:37.046507+00,KPEDU,antero,HorseDrinker,1791109295,TankPressure_1_HB,18959
3240428,2026-10-04 10:21:37.046507+00,KPEDU,antero,HorseDrinker,1791109295,TankPressure_2_HB,18824
3240429,2026-10-04 10:21:37.046507+00,KPEDU,antero,HorseDrinker,1791109295,BowlPressure_HB,9332
3240620,2026-10-04 10:31:36.972931+00,KPEDU,antero,HorseDrinker,1791109895,TankPressure_1_HB,18905
3240621,2026-10-04 10:31:36.972931+00,KPEDU,antero,HorseDrinker,1791109895,TankPressure_2_HB,18759
3240622,2026-10-04 10:31:36.972931+00,KPEDU,antero,HorseDrinker,1791109895,BowlPressure_HB,9332
3240878,2026-10-04 10:41:36.965247+00,KPEDU,antero,HorseDrinker,1791110495,TankPressure_1_HB,18920
3240879,2026-10-04 10:41:36.965247+00,KPEDU,antero,HorseDrinker,1791110495,TankPressure_2_HB,18779
3240880,2026-10-04 10:41:36.965247+00,KPEDU,antero,HorseDrinker,1791110495,BowlPressure_HB,9331
3241053,2026-10-04 10:51:37.159601+00,KPEDU,antero,HorseDrinker,1791111095,TankPressure_1_HB,18944
3241054,2026-10-04 10:51:37.159601+00,KPEDU,antero,HorseDrinker,1791111095,TankPressure_2_HB,18822
3241055,2026-10-04 10:51:37.159601+00,KPEDU,antero,HorseDrinker,1791111095,BowlPressure_HB,9324
3241286,2026-10-04 11:01:36.971443+00,KPEDU,antero,HorseDrinker,1791111695,TankPressure_1_HB,18901
3241287,2026-10-04 11:01:36.971443+00,KPEDU,antero,HorseDrinker,1791111695,TankPressure_2_HB,18788
3241288,2026-10-04 11:01:36.971443+00,KPEDU,antero,HorseDrinker,1791111695,BowlPressure_HB,9326
3241538,2026-10-04 11:11:36.928376+00,KPEDU,antero,HorseDrinker,1791112295,TankPressure_1_HB,18922
3241539,2026-10-04 11:11:36.928376+00,KPEDU,antero,HorseDrinker,1791112295,TankPressure_2_HB,18771
3241540,2026-10-04 11:11:36.928376+00,KPEDU,antero,HorseDrinker,1791112295,BowlPressure_HB,9325
3241721,2026-10-04 11:21:37.225783+00,KPEDU,antero,HorseDrinker,1791112895,TankPressure_1_HB,18992
3241722,2026-10-04 11:21:37.225783+00,KPEDU,antero,HorseDrinker,1791112895,TankPressure_2_HB,18864
3241723,2026-10-04 11:21:37.225783+00,KPEDU,antero,HorseDrinker,1791112895,BowlPressure_HB,9330
3241950,2026-10-04 11:31:37.077469+00,KPEDU,antero,HorseDrinker,1791113495,TankPressure_1_HB,18929
3241951,2026-10-04 11:31:37.077469+00,KPEDU,antero,HorseDrinker,1791113495,TankPressure_2_HB,18804
3241952,2026-10-04 11:31:37.077469+00,KPEDU,antero,HorseDrinker,1791113495,BowlPressure_HB,9333
3242201,2026-10-04 11:41:37.0367+00,KPEDU,antero,HorseDrinker,1791114095,TankPressure_1_HB,18972
3242202,2026-10-04 11:41:37.0367+00,KPEDU,antero,HorseDrinker,1791114095,TankPressure_2_HB,18839
3242203,2026-10-04 11:41:37.0367+00,KPEDU,antero,HorseDrinker,1791114095,BowlPressure_HB,9333
3242376,2026-10-04 11:51:37.24711+00,KPEDU,antero,HorseDrinker,1791114695,TankPressure_1_HB,18933
3242377,2026-10-04 11:51:37.24711+00,KPEDU,antero,HorseDrinker,1791114695,TankPressure_2_HB,18805
3242378,2026-10-04 11:51:37.24711+00,KPEDU,antero,HorseDrinker,1791114695,BowlPressure_HB,9348
3242587,2026-10-04 12:01:37.073006+00,KPEDU,antero,HorseDrinker,1791115295,TankPressure_1_HB,18888
3242588,2026-10-04 12:01:37.073006+00,KPEDU,antero,HorseDrinker,1791115295,TankPressure_2_HB,18772
3242589,2026-10-04 12:01:37.073006+00,KPEDU,antero,HorseDrinker,1791115295,BowlPressure_HB,9345
3245600,2026-10-04 14:21:37.137045+00,KPEDU,antero,HorseDrinker,1791123695,TankPressure_1_HB,18923
3245601,2026-10-04 14:21:37.137045+00,KPEDU,antero,HorseDrinker,1791123695,TankPressure_2_HB,18793
3245602,2026-10-04 14:21:37.137045+00,KPEDU,antero,HorseDrinker,1791123695,BowlPressure_HB,9344
3245817,2026-10-04 14:31:36.922392+00,KPEDU,antero,HorseDrinker,1791124295,TankPressure_1_HB,18953
3245818,2026-10-04 14:31:36.922392+00,KPEDU,antero,HorseDrinker,1791124295,TankPressure_2_HB,18826
3245819,2026-10-04 14:31:36.922392+00,KPEDU,antero,HorseDrinker,1791124295,BowlPressure_HB,9322
3246046,2026-10-04 14:41:37.137528+00,KPEDU,antero,HorseDrinker,1791124895,TankPressure_1_HB,18989
3246047,2026-10-04 14:41:37.137528+00,KPEDU,antero,HorseDrinker,1791124895,TankPressure_2_HB,18849
3246048,2026-10-04 14:41:37.137528+00,KPEDU,antero,HorseDrinker,1791124895,BowlPressure_HB,9317
3246239,2026-10-04 14:51:37.067463+00,KPEDU,antero,HorseDrinker,1791125495,TankPressure_1_HB,19006
3246240,2026-10-04 14:51:37.067463+00,KPEDU,antero,HorseDrinker,1791125495,TankPressure_2_HB,18864
3246241,2026-10-04 14:51:37.067463+00,KPEDU,antero,HorseDrinker,1791125495,BowlPressure_HB,9325
3246460,2026-10-04 15:01:37.023995+00,KPEDU,antero,HorseDrinker,1791126095,TankPressure_1_HB,18978
3246461,2026-10-04 15:01:37.023995+00,KPEDU,antero,HorseDrinker,1791126095,TankPressure_2_HB,18830
3246462,2026-10-04 15:01:37.023995+00,KPEDU,antero,HorseDrinker,1791126095,BowlPressure_HB,9313
3246754,2026-10-04 15:11:37.10967+00,KPEDU,antero,HorseDrinker,1791126695,TankPressure_1_HB,19000
3246755,2026-10-04 15:11:37.10967+00,KPEDU,antero,HorseDrinker,1791126695,TankPressure_2_HB,18852
3246756,2026-10-04 15:11:37.10967+00,KPEDU,antero,HorseDrinker,1791126695,BowlPressure_HB,9321
3246923,2026-10-04 15:21:37.180765+00,KPEDU,antero,HorseDrinker,1791127295,TankPressure_1_HB,18970
3246924,2026-10-04 15:21:37.180765+00,KPEDU,antero,HorseDrinker,1791127295,TankPressure_2_HB,18839
3246925,2026-10-04 15:21:37.180765+00,KPEDU,antero,HorseDrinker,1791127295,BowlPressure_HB,9315
3247146,2026-10-04 15:31:37.185643+00,KPEDU,antero,HorseDrinker,1791127895,TankPressure_1_HB,18953
3247147,2026-10-04 15:31:37.185643+00,KPEDU,antero,HorseDrinker,1791127895,TankPressure_2_HB,18823
3247148,2026-10-04 15:31:37.185643+00,KPEDU,antero,HorseDrinker,1791127895,BowlPressure_HB,9324
3247396,2026-10-04 15:41:36.957322+00,KPEDU,antero,HorseDrinker,1791128495,TankPressure_1_HB,18987
3247397,2026-10-04 15:41:36.957322+00,KPEDU,antero,HorseDrinker,1791128495,TankPressure_2_HB,18840
3247398,2026-10-04 15:41:36.957322+00,KPEDU,antero,HorseDrinker,1791128495,BowlPressure_HB,9313
3247573,2026-10-04 15:51:36.965018+00,KPEDU,antero,HorseDrinker,1791129095,TankPressure_1_HB,18898
3247574,2026-10-04 15:51:36.965018+00,KPEDU,antero,HorseDrinker,1791129095,TankPressure_2_HB,18752
3247575,2026-10-04 15:51:36.965018+00,KPEDU,antero,HorseDrinker,1791129095,BowlPressure_HB,9322
3247792,2026-10-04 16:01:37.018737+00,KPEDU,antero,HorseDrinker,1791129695,TankPressure_1_HB,18952
3247793,2026-10-04 16:01:37.018737+00,KPEDU,antero,HorseDrinker,1791129695,TankPressure_2_HB,18805
3247794,2026-10-04 16:01:37.018737+00,KPEDU,antero,HorseDrinker,1791129695,BowlPressure_HB,9321
3248027,2026-10-04 16:11:36.987614+00,KPEDU,antero,HorseDrinker,1791130295,TankPressure_1_HB,18963
3248028,2026-10-04 16:11:36.987614+00,KPEDU,antero,HorseDrinker,1791130295,TankPressure_2_HB,18814
3248029,2026-10-04 16:11:36.987614+00,KPEDU,antero,HorseDrinker,1791130295,BowlPressure_HB,9322
3248214,2026-10-04 16:21:37.084744+00,KPEDU,antero,HorseDrinker,1791130895,TankPressure_1_HB,18922
3248215,2026-10-04 16:21:37.084744+00,KPEDU,antero,HorseDrinker,1791130895,TankPressure_2_HB,18798
3248216,2026-10-04 16:21:37.084744+00,KPEDU,antero,HorseDrinker,1791130895,BowlPressure_HB,9314
3251261,2026-10-04 18:41:37.073062+00,KPEDU,antero,HorseDrinker,1791139295,TankPressure_1_HB,18931
3251262,2026-10-04 18:41:37.073062+00,KPEDU,antero,HorseDrinker,1791139295,TankPressure_2_HB,18795
3251263,2026-10-04 18:41:37.073062+00,KPEDU,antero,HorseDrinker,1791139295,BowlPressure_HB,9307
3251446,2026-10-04 18:51:37.046667+00,KPEDU,antero,HorseDrinker,1791139895,TankPressure_1_HB,18965
3251447,2026-10-04 18:51:37.046667+00,KPEDU,antero,HorseDrinker,1791139895,TankPressure_2_HB,18827
3251448,2026-10-04 18:51:37.046667+00,KPEDU,antero,HorseDrinker,1791139895,BowlPressure_HB,9311
3251657,2026-10-04 19:01:36.950577+00,KPEDU,antero,HorseDrinker,1791140495,TankPressure_1_HB,18888
3251658,2026-10-04 19:01:36.950577+00,KPEDU,antero,HorseDrinker,1791140495,TankPressure_2_HB,18753
3251659,2026-10-04 19:01:36.950577+00,KPEDU,antero,HorseDrinker,1791140495,BowlPressure_HB,9308
3251951,2026-10-04 19:11:37.055487+00,KPEDU,antero,HorseDrinker,1791141095,TankPressure_1_HB,18963
3251952,2026-10-04 19:11:37.055487+00,KPEDU,antero,HorseDrinker,1791141095,TankPressure_2_HB,18838
3251953,2026-10-04 19:11:37.055487+00,KPEDU,antero,HorseDrinker,1791141095,BowlPressure_HB,9312
3252122,2026-10-04 19:21:38.785668+00,KPEDU,antero,HorseDrinker,1791141695,TankPressure_1_HB,18956
3252123,2026-10-04 19:21:38.785668+00,KPEDU,antero,HorseDrinker,1791141695,TankPressure_2_HB,18814
3252124,2026-10-04 19:21:38.785668+00,KPEDU,antero,HorseDrinker,1791141695,BowlPressure_HB,9307
3252365,2026-10-04 19:31:38.773776+00,KPEDU,antero,HorseDrinker,1791142295,TankPressure_1_HB,18888
3252366,2026-10-04 19:31:38.773776+00,KPEDU,antero,HorseDrinker,1791142295,TankPressure_2_HB,18729
3252367,2026-10-04 19:31:38.773776+00,KPEDU,antero,HorseDrinker,1791142295,BowlPressure_HB,9303
3252616,2026-10-04 19:41:37.181096+00,KPEDU,antero,HorseDrinker,1791142895,TankPressure_1_HB,18894
3252617,2026-10-04 19:41:37.181096+00,KPEDU,antero,HorseDrinker,1791142895,TankPressure_2_HB,18769
3252618,2026-10-04 19:41:37.181096+00,KPEDU,antero,HorseDrinker,1791142895,BowlPressure_HB,9303
3252791,2026-10-04 19:51:36.904252+00,KPEDU,antero,HorseDrinker,1791143495,TankPressure_1_HB,18942
3252792,2026-10-04 19:51:36.904252+00,KPEDU,antero,HorseDrinker,1791143495,TankPressure_2_HB,18816
3252793,2026-10-04 19:51:36.904252+00,KPEDU,antero,HorseDrinker,1791143495,BowlPressure_HB,9313
3252990,2026-10-04 20:01:37.16657+00,KPEDU,antero,HorseDrinker,1791144095,TankPressure_1_HB,18882
3252991,2026-10-04 20:01:37.16657+00,KPEDU,antero,HorseDrinker,1791144095,TankPressure_2_HB,18764
3252992,2026-10-04 20:01:37.16657+00,KPEDU,antero,HorseDrinker,1791144095,BowlPressure_HB,9298
3253246,2026-10-04 20:11:36.951248+00,KPEDU,antero,HorseDrinker,1791144695,TankPressure_1_HB,18902
3253247,2026-10-04 20:11:36.951248+00,KPEDU,antero,HorseDrinker,1791144695,TankPressure_2_HB,18783
3253248,2026-10-04 20:11:36.951248+00,KPEDU,antero,HorseDrinker,1791144695,BowlPressure_HB,9308
3253427,2026-10-04 20:21:37.105263+00,KPEDU,antero,HorseDrinker,1791145295,TankPressure_1_HB,18895
3253428,2026-10-04 20:21:37.105263+00,KPEDU,antero,HorseDrinker,1791145295,TankPressure_2_HB,18771
3253429,2026-10-04 20:21:37.105263+00,KPEDU,antero,HorseDrinker,1791145295,BowlPressure_HB,9309
3253660,2026-10-04 20:31:36.941349+00,KPEDU,antero,HorseDrinker,1791145895,TankPressure_1_HB,18905
3253661,2026-10-04 20:31:36.941349+00,KPEDU,antero,HorseDrinker,1791145895,TankPressure_2_HB,18771
3253662,2026-10-04 20:31:36.941349+00,KPEDU,antero,HorseDrinker,1791145895,BowlPressure_HB,9302
3253936,2026-10-04 20:41:36.904006+00,KPEDU,antero,HorseDrinker,1791146495,TankPressure_1_HB,18938
3259641,2026-10-05 01:01:36.983979+00,KPEDU,antero,HorseDrinker,1791162095,TankPressure_1_HB,18956
3259642,2026-10-05 01:01:36.983979+00,KPEDU,antero,HorseDrinker,1791162095,TankPressure_2_HB,18792
3259643,2026-10-05 01:01:36.983979+00,KPEDU,antero,HorseDrinker,1791162095,BowlPressure_HB,9327
3259896,2026-10-05 01:11:37.200346+00,KPEDU,antero,HorseDrinker,1791162695,TankPressure_1_HB,18942
3259897,2026-10-05 01:11:37.200346+00,KPEDU,antero,HorseDrinker,1791162695,TankPressure_2_HB,18790
3259898,2026-10-05 01:11:37.200346+00,KPEDU,antero,HorseDrinker,1791162695,BowlPressure_HB,9326
3260287,2026-10-05 01:31:36.842769+00,KPEDU,antero,HorseDrinker,1791163295,TankPressure_1_HB,18950
3260288,2026-10-05 01:31:36.842769+00,KPEDU,antero,HorseDrinker,1791163295,TankPressure_2_HB,18799
3260289,2026-10-05 01:31:36.842769+00,KPEDU,antero,HorseDrinker,1791163295,BowlPressure_HB,9325
3260290,2026-10-05 01:31:36.842769+00,KPEDU,antero,HorseDrinker,1791163895,TankPressure_1_HB,18977
3260291,2026-10-05 01:31:36.842769+00,KPEDU,antero,HorseDrinker,1791163895,TankPressure_2_HB,18824
3260292,2026-10-05 01:31:36.842769+00,KPEDU,antero,HorseDrinker,1791163895,BowlPressure_HB,9329
3260524,2026-10-05 01:41:37.150551+00,KPEDU,antero,HorseDrinker,1791164495,TankPressure_1_HB,18972
3260525,2026-10-05 01:41:37.150551+00,KPEDU,antero,HorseDrinker,1791164495,TankPressure_2_HB,18804
3260526,2026-10-05 01:41:37.150551+00,KPEDU,antero,HorseDrinker,1791164495,BowlPressure_HB,9325
3260715,2026-10-05 01:51:36.924902+00,KPEDU,antero,HorseDrinker,1791165095,TankPressure_1_HB,18943
3260716,2026-10-05 01:51:36.924902+00,KPEDU,antero,HorseDrinker,1791165095,TankPressure_2_HB,18793
3260717,2026-10-05 01:51:36.924902+00,KPEDU,antero,HorseDrinker,1791165095,BowlPressure_HB,9330
3260916,2026-10-05 02:01:36.862513+00,KPEDU,antero,HorseDrinker,1791165695,TankPressure_1_HB,18942
3260917,2026-10-05 02:01:36.862513+00,KPEDU,antero,HorseDrinker,1791165695,TankPressure_2_HB,18790
3260918,2026-10-05 02:01:36.862513+00,KPEDU,antero,HorseDrinker,1791165695,BowlPressure_HB,9325
3261338,2026-10-05 02:21:38.754345+00,KPEDU,antero,HorseDrinker,1791166295,TankPressure_1_HB,18972
3261339,2026-10-05 02:21:38.754345+00,KPEDU,antero,HorseDrinker,1791166295,TankPressure_2_HB,18824
3261340,2026-10-05 02:21:38.754345+00,KPEDU,antero,HorseDrinker,1791166295,BowlPressure_HB,9329
3261341,2026-10-05 02:21:38.754345+00,KPEDU,antero,HorseDrinker,1791166895,TankPressure_1_HB,18953
3261342,2026-10-05 02:21:38.754345+00,KPEDU,antero,HorseDrinker,1791166895,TankPressure_2_HB,18812
3261343,2026-10-05 02:21:38.754345+00,KPEDU,antero,HorseDrinker,1791166895,BowlPressure_HB,9326
3261552,2026-10-05 02:31:36.959458+00,KPEDU,antero,HorseDrinker,1791167495,TankPressure_1_HB,18932
3261553,2026-10-05 02:31:36.959458+00,KPEDU,antero,HorseDrinker,1791167495,TankPressure_2_HB,18779
3261554,2026-10-05 02:31:36.959458+00,KPEDU,antero,HorseDrinker,1791167495,BowlPressure_HB,9321
3261782,2026-10-05 02:41:37.048038+00,KPEDU,antero,HorseDrinker,1791168095,TankPressure_1_HB,18977
3261783,2026-10-05 02:41:37.048038+00,KPEDU,antero,HorseDrinker,1791168095,TankPressure_2_HB,18820
3261784,2026-10-05 02:41:37.048038+00,KPEDU,antero,HorseDrinker,1791168095,BowlPressure_HB,9325
3261969,2026-10-05 02:51:37.13226+00,KPEDU,antero,HorseDrinker,1791168695,TankPressure_1_HB,18970
3261970,2026-10-05 02:51:37.13226+00,KPEDU,antero,HorseDrinker,1791168695,TankPressure_2_HB,18821
3261971,2026-10-05 02:51:37.13226+00,KPEDU,antero,HorseDrinker,1791168695,BowlPressure_HB,9325
3262194,2026-10-05 03:01:37.063399+00,KPEDU,antero,HorseDrinker,1791169295,TankPressure_1_HB,18937
3262195,2026-10-05 03:01:37.063399+00,KPEDU,antero,HorseDrinker,1791169295,TankPressure_2_HB,18794
3262196,2026-10-05 03:01:37.063399+00,KPEDU,antero,HorseDrinker,1791169295,BowlPressure_HB,9332
3262484,2026-10-05 03:11:37.039646+00,KPEDU,antero,HorseDrinker,1791169895,TankPressure_1_HB,18902
3262485,2026-10-05 03:11:37.039646+00,KPEDU,antero,HorseDrinker,1791169895,TankPressure_2_HB,18756
3262486,2026-10-05 03:11:37.039646+00,KPEDU,antero,HorseDrinker,1791169895,BowlPressure_HB,9323
3262645,2026-10-05 03:21:37.089078+00,KPEDU,antero,HorseDrinker,1791170495,TankPressure_1_HB,18886
3262646,2026-10-05 03:21:37.089078+00,KPEDU,antero,HorseDrinker,1791170495,TankPressure_2_HB,18746
3262647,2026-10-05 03:21:37.089078+00,KPEDU,antero,HorseDrinker,1791170495,BowlPressure_HB,9326
3262864,2026-10-05 03:31:36.887995+00,KPEDU,antero,HorseDrinker,1791171095,TankPressure_1_HB,18957
3262865,2026-10-05 03:31:36.887995+00,KPEDU,antero,HorseDrinker,1791171095,TankPressure_2_HB,18798
3262866,2026-10-05 03:31:36.887995+00,KPEDU,antero,HorseDrinker,1791171095,BowlPressure_HB,9327
3263112,2026-10-05 03:41:36.92231+00,KPEDU,antero,HorseDrinker,1791171695,TankPressure_1_HB,18970
3263113,2026-10-05 03:41:36.92231+00,KPEDU,antero,HorseDrinker,1791171695,TankPressure_2_HB,18819
3263114,2026-10-05 03:41:36.92231+00,KPEDU,antero,HorseDrinker,1791171695,BowlPressure_HB,9319
3263285,2026-10-05 03:51:37.843736+00,KPEDU,antero,HorseDrinker,1791172295,TankPressure_1_HB,18927
3263286,2026-10-05 03:51:37.843736+00,KPEDU,antero,HorseDrinker,1791172295,TankPressure_2_HB,18790
3263287,2026-10-05 03:51:37.843736+00,KPEDU,antero,HorseDrinker,1791172295,BowlPressure_HB,9330
3263488,2026-10-05 04:01:37.047006+00,KPEDU,antero,HorseDrinker,1791172895,TankPressure_1_HB,18922
3263489,2026-10-05 04:01:37.047006+00,KPEDU,antero,HorseDrinker,1791172895,TankPressure_2_HB,18781
3263490,2026-10-05 04:01:37.047006+00,KPEDU,antero,HorseDrinker,1791172895,BowlPressure_HB,9337
3263934,2026-10-05 04:21:36.97509+00,KPEDU,antero,HorseDrinker,1791173495,TankPressure_1_HB,18935
3263935,2026-10-05 04:21:36.97509+00,KPEDU,antero,HorseDrinker,1791173495,TankPressure_2_HB,18774
3263936,2026-10-05 04:21:36.97509+00,KPEDU,antero,HorseDrinker,1791173495,BowlPressure_HB,9327
3263937,2026-10-05 04:21:36.97509+00,KPEDU,antero,HorseDrinker,1791174095,TankPressure_1_HB,18985
3263938,2026-10-05 04:21:36.97509+00,KPEDU,antero,HorseDrinker,1791174095,TankPressure_2_HB,18828
3263939,2026-10-05 04:21:36.97509+00,KPEDU,antero,HorseDrinker,1791174095,BowlPressure_HB,9336
3236062,2026-10-04 07:01:37.052329+00,KPEDU,antero,HorseDrinker,1791097295,BowlPressure_HB,9348
3236318,2026-10-04 07:11:37.030779+00,KPEDU,antero,HorseDrinker,1791097895,TankPressure_1_HB,18994
3236319,2026-10-04 07:11:37.030779+00,KPEDU,antero,HorseDrinker,1791097895,TankPressure_2_HB,18899
3236320,2026-10-04 07:11:37.030779+00,KPEDU,antero,HorseDrinker,1791097895,BowlPressure_HB,9343
3236495,2026-10-04 07:21:36.966838+00,KPEDU,antero,HorseDrinker,1791098495,TankPressure_1_HB,18926
3236496,2026-10-04 07:21:36.966838+00,KPEDU,antero,HorseDrinker,1791098495,TankPressure_2_HB,18819
3236497,2026-10-04 07:21:36.966838+00,KPEDU,antero,HorseDrinker,1791098495,BowlPressure_HB,9350
3236722,2026-10-04 07:31:37.133674+00,KPEDU,antero,HorseDrinker,1791099095,TankPressure_1_HB,18970
3236723,2026-10-04 07:31:37.133674+00,KPEDU,antero,HorseDrinker,1791099095,TankPressure_2_HB,18867
3236724,2026-10-04 07:31:37.133674+00,KPEDU,antero,HorseDrinker,1791099095,BowlPressure_HB,9337
3236990,2026-10-04 07:41:37.176923+00,KPEDU,antero,HorseDrinker,1791099695,TankPressure_1_HB,18977
3236991,2026-10-04 07:41:37.176923+00,KPEDU,antero,HorseDrinker,1791099695,TankPressure_2_HB,18887
3236992,2026-10-04 07:41:37.176923+00,KPEDU,antero,HorseDrinker,1791099695,BowlPressure_HB,9335
3237179,2026-10-04 07:51:37.065456+00,KPEDU,antero,HorseDrinker,1791100295,TankPressure_1_HB,18990
3237180,2026-10-04 07:51:37.065456+00,KPEDU,antero,HorseDrinker,1791100295,TankPressure_2_HB,18887
3237181,2026-10-04 07:51:37.065456+00,KPEDU,antero,HorseDrinker,1791100295,BowlPressure_HB,9340
3242821,2026-10-04 12:11:37.142669+00,KPEDU,antero,HorseDrinker,1791115895,TankPressure_1_HB,18930
3242822,2026-10-04 12:11:37.142669+00,KPEDU,antero,HorseDrinker,1791115895,TankPressure_2_HB,18801
3242823,2026-10-04 12:11:37.142669+00,KPEDU,antero,HorseDrinker,1791115895,BowlPressure_HB,9346
3242988,2026-10-04 12:21:37.11064+00,KPEDU,antero,HorseDrinker,1791116495,TankPressure_1_HB,18952
3242989,2026-10-04 12:21:37.11064+00,KPEDU,antero,HorseDrinker,1791116495,TankPressure_2_HB,18822
3242990,2026-10-04 12:21:37.11064+00,KPEDU,antero,HorseDrinker,1791116495,BowlPressure_HB,9345
3243233,2026-10-04 12:31:36.939799+00,KPEDU,antero,HorseDrinker,1791117095,TankPressure_1_HB,18968
3243234,2026-10-04 12:31:36.939799+00,KPEDU,antero,HorseDrinker,1791117095,TankPressure_2_HB,18824
3243235,2026-10-04 12:31:36.939799+00,KPEDU,antero,HorseDrinker,1791117095,BowlPressure_HB,9337
3243531,2026-10-04 12:41:37.104581+00,KPEDU,antero,HorseDrinker,1791117695,TankPressure_1_HB,18954
3243532,2026-10-04 12:41:37.104581+00,KPEDU,antero,HorseDrinker,1791117695,TankPressure_2_HB,18806
3243533,2026-10-04 12:41:37.104581+00,KPEDU,antero,HorseDrinker,1791117695,BowlPressure_HB,9343
3243710,2026-10-04 12:51:37.000391+00,KPEDU,antero,HorseDrinker,1791118295,TankPressure_1_HB,18942
3243711,2026-10-04 12:51:37.000391+00,KPEDU,antero,HorseDrinker,1791118295,TankPressure_2_HB,18796
3243712,2026-10-04 12:51:37.000391+00,KPEDU,antero,HorseDrinker,1791118295,BowlPressure_HB,9347
3243931,2026-10-04 13:01:37.041953+00,KPEDU,antero,HorseDrinker,1791118895,TankPressure_1_HB,18942
3243932,2026-10-04 13:01:37.041953+00,KPEDU,antero,HorseDrinker,1791118895,TankPressure_2_HB,18814
3243933,2026-10-04 13:01:37.041953+00,KPEDU,antero,HorseDrinker,1791118895,BowlPressure_HB,9342
3244186,2026-10-04 13:11:37.147071+00,KPEDU,antero,HorseDrinker,1791119495,TankPressure_1_HB,18951
3244187,2026-10-04 13:11:37.147071+00,KPEDU,antero,HorseDrinker,1791119495,TankPressure_2_HB,18804
3244188,2026-10-04 13:11:37.147071+00,KPEDU,antero,HorseDrinker,1791119495,BowlPressure_HB,9350
3244359,2026-10-04 13:21:36.955475+00,KPEDU,antero,HorseDrinker,1791120095,TankPressure_1_HB,18904
3244360,2026-10-04 13:21:36.955475+00,KPEDU,antero,HorseDrinker,1791120095,TankPressure_2_HB,18787
3244361,2026-10-04 13:21:36.955475+00,KPEDU,antero,HorseDrinker,1791120095,BowlPressure_HB,9349
3244576,2026-10-04 13:31:37.147129+00,KPEDU,antero,HorseDrinker,1791120695,TankPressure_1_HB,18932
3244577,2026-10-04 13:31:37.147129+00,KPEDU,antero,HorseDrinker,1791120695,TankPressure_2_HB,18817
3244578,2026-10-04 13:31:37.147129+00,KPEDU,antero,HorseDrinker,1791120695,BowlPressure_HB,9342
3244794,2026-10-04 13:41:37.145835+00,KPEDU,antero,HorseDrinker,1791121295,TankPressure_1_HB,18954
3244795,2026-10-04 13:41:37.145835+00,KPEDU,antero,HorseDrinker,1791121295,TankPressure_2_HB,18829
3244796,2026-10-04 13:41:37.145835+00,KPEDU,antero,HorseDrinker,1791121295,BowlPressure_HB,9348
3244979,2026-10-04 13:51:37.248378+00,KPEDU,antero,HorseDrinker,1791121895,TankPressure_1_HB,18956
3244980,2026-10-04 13:51:37.248378+00,KPEDU,antero,HorseDrinker,1791121895,TankPressure_2_HB,18836
3244981,2026-10-04 13:51:37.248378+00,KPEDU,antero,HorseDrinker,1791121895,BowlPressure_HB,9348
3245188,2026-10-04 14:01:37.150304+00,KPEDU,antero,HorseDrinker,1791122495,TankPressure_1_HB,18993
3245189,2026-10-04 14:01:37.150304+00,KPEDU,antero,HorseDrinker,1791122495,TankPressure_2_HB,18862
3245190,2026-10-04 14:01:37.150304+00,KPEDU,antero,HorseDrinker,1791122495,BowlPressure_HB,9337
3245423,2026-10-04 14:11:37.136746+00,KPEDU,antero,HorseDrinker,1791123095,TankPressure_1_HB,18973
3245424,2026-10-04 14:11:37.136746+00,KPEDU,antero,HorseDrinker,1791123095,TankPressure_2_HB,18831
3245425,2026-10-04 14:11:37.136746+00,KPEDU,antero,HorseDrinker,1791123095,BowlPressure_HB,9340
3248435,2026-10-04 16:31:37.09988+00,KPEDU,antero,HorseDrinker,1791131495,TankPressure_1_HB,18881
3248436,2026-10-04 16:31:37.09988+00,KPEDU,antero,HorseDrinker,1791131495,TankPressure_2_HB,18750
3248437,2026-10-04 16:31:37.09988+00,KPEDU,antero,HorseDrinker,1791131495,BowlPressure_HB,9319
3248703,2026-10-04 16:41:37.060877+00,KPEDU,antero,HorseDrinker,1791132095,TankPressure_1_HB,18920
3248704,2026-10-04 16:41:37.060877+00,KPEDU,antero,HorseDrinker,1791132095,TankPressure_2_HB,18775
3248705,2026-10-04 16:41:37.060877+00,KPEDU,antero,HorseDrinker,1791132095,BowlPressure_HB,9324
3248880,2026-10-04 16:51:36.93343+00,KPEDU,antero,HorseDrinker,1791132695,TankPressure_1_HB,18931
3248881,2026-10-04 16:51:36.93343+00,KPEDU,antero,HorseDrinker,1791132695,TankPressure_2_HB,18803
3248882,2026-10-04 16:51:36.93343+00,KPEDU,antero,HorseDrinker,1791132695,BowlPressure_HB,9313
3249123,2026-10-04 17:01:36.992013+00,KPEDU,antero,HorseDrinker,1791133295,TankPressure_1_HB,18892
3249124,2026-10-04 17:01:36.992013+00,KPEDU,antero,HorseDrinker,1791133295,TankPressure_2_HB,18755
3249125,2026-10-04 17:01:36.992013+00,KPEDU,antero,HorseDrinker,1791133295,BowlPressure_HB,9308
3249396,2026-10-04 17:11:37.201906+00,KPEDU,antero,HorseDrinker,1791133895,TankPressure_1_HB,19007
3249397,2026-10-04 17:11:37.201906+00,KPEDU,antero,HorseDrinker,1791133895,TankPressure_2_HB,18868
3249398,2026-10-04 17:11:37.201906+00,KPEDU,antero,HorseDrinker,1791133895,BowlPressure_HB,9312
3249567,2026-10-04 17:21:37.073108+00,KPEDU,antero,HorseDrinker,1791134495,TankPressure_1_HB,18937
3249568,2026-10-04 17:21:37.073108+00,KPEDU,antero,HorseDrinker,1791134495,TankPressure_2_HB,18814
3249569,2026-10-04 17:21:37.073108+00,KPEDU,antero,HorseDrinker,1791134495,BowlPressure_HB,9311
3249786,2026-10-04 17:31:37.206252+00,KPEDU,antero,HorseDrinker,1791135095,TankPressure_1_HB,18908
3249787,2026-10-04 17:31:37.206252+00,KPEDU,antero,HorseDrinker,1791135095,TankPressure_2_HB,18780
3249788,2026-10-04 17:31:37.206252+00,KPEDU,antero,HorseDrinker,1791135095,BowlPressure_HB,9316
3250017,2026-10-04 17:41:37.24441+00,KPEDU,antero,HorseDrinker,1791135695,TankPressure_1_HB,18995
3250018,2026-10-04 17:41:37.24441+00,KPEDU,antero,HorseDrinker,1791135695,TankPressure_2_HB,18855
3250019,2026-10-04 17:41:37.24441+00,KPEDU,antero,HorseDrinker,1791135695,BowlPressure_HB,9308
3250204,2026-10-04 17:51:37.14086+00,KPEDU,antero,HorseDrinker,1791136295,TankPressure_1_HB,18953
3250205,2026-10-04 17:51:37.14086+00,KPEDU,antero,HorseDrinker,1791136295,TankPressure_2_HB,18801
3250206,2026-10-04 17:51:37.14086+00,KPEDU,antero,HorseDrinker,1791136295,BowlPressure_HB,9309
3250409,2026-10-04 18:01:37.136402+00,KPEDU,antero,HorseDrinker,1791136895,TankPressure_1_HB,18957
3250410,2026-10-04 18:01:37.136402+00,KPEDU,antero,HorseDrinker,1791136895,TankPressure_2_HB,18815
3250411,2026-10-04 18:01:37.136402+00,KPEDU,antero,HorseDrinker,1791136895,BowlPressure_HB,9306
3250641,2026-10-04 18:11:36.994367+00,KPEDU,antero,HorseDrinker,1791137495,TankPressure_1_HB,18986
3250642,2026-10-04 18:11:36.994367+00,KPEDU,antero,HorseDrinker,1791137495,TankPressure_2_HB,18844
3250643,2026-10-04 18:11:36.994367+00,KPEDU,antero,HorseDrinker,1791137495,BowlPressure_HB,9305
3250814,2026-10-04 18:21:37.04485+00,KPEDU,antero,HorseDrinker,1791138095,TankPressure_1_HB,18962
3250815,2026-10-04 18:21:37.04485+00,KPEDU,antero,HorseDrinker,1791138095,TankPressure_2_HB,18838
3250816,2026-10-04 18:21:37.04485+00,KPEDU,antero,HorseDrinker,1791138095,BowlPressure_HB,9309
3251037,2026-10-04 18:31:37.154271+00,KPEDU,antero,HorseDrinker,1791138695,TankPressure_1_HB,18967
3251038,2026-10-04 18:31:37.154271+00,KPEDU,antero,HorseDrinker,1791138695,TankPressure_2_HB,18836
3251039,2026-10-04 18:31:37.154271+00,KPEDU,antero,HorseDrinker,1791138695,BowlPressure_HB,9311
3253937,2026-10-04 20:41:36.904006+00,KPEDU,antero,HorseDrinker,1791146495,TankPressure_2_HB,18809
3253938,2026-10-04 20:41:36.904006+00,KPEDU,antero,HorseDrinker,1791146495,BowlPressure_HB,9307
3254113,2026-10-04 20:51:36.990224+00,KPEDU,antero,HorseDrinker,1791147095,TankPressure_1_HB,18949
3254114,2026-10-04 20:51:36.990224+00,KPEDU,antero,HorseDrinker,1791147095,TankPressure_2_HB,18814
3254115,2026-10-04 20:51:36.990224+00,KPEDU,antero,HorseDrinker,1791147095,BowlPressure_HB,9319
3254334,2026-10-04 21:01:36.923646+00,KPEDU,antero,HorseDrinker,1791147695,TankPressure_1_HB,18892
3254335,2026-10-04 21:01:36.923646+00,KPEDU,antero,HorseDrinker,1791147695,TankPressure_2_HB,18755
3254336,2026-10-04 21:01:36.923646+00,KPEDU,antero,HorseDrinker,1791147695,BowlPressure_HB,9310
3254598,2026-10-04 21:11:36.997812+00,KPEDU,antero,HorseDrinker,1791148295,TankPressure_1_HB,18902
3254599,2026-10-04 21:11:36.997812+00,KPEDU,antero,HorseDrinker,1791148295,TankPressure_2_HB,18774
3254600,2026-10-04 21:11:36.997812+00,KPEDU,antero,HorseDrinker,1791148295,BowlPressure_HB,9306
3254767,2026-10-04 21:21:36.892478+00,KPEDU,antero,HorseDrinker,1791148895,TankPressure_1_HB,18944
3254768,2026-10-04 21:21:36.892478+00,KPEDU,antero,HorseDrinker,1791148895,TankPressure_2_HB,18807
3254769,2026-10-04 21:21:36.892478+00,KPEDU,antero,HorseDrinker,1791148895,BowlPressure_HB,9315
3254992,2026-10-04 21:31:37.035121+00,KPEDU,antero,HorseDrinker,1791149495,TankPressure_1_HB,18920
3254993,2026-10-04 21:31:37.035121+00,KPEDU,antero,HorseDrinker,1791149495,TankPressure_2_HB,18779
3254994,2026-10-04 21:31:37.035121+00,KPEDU,antero,HorseDrinker,1791149495,BowlPressure_HB,9313
3255220,2026-10-04 21:41:36.968871+00,KPEDU,antero,HorseDrinker,1791150095,TankPressure_1_HB,18961
3255221,2026-10-04 21:41:36.968871+00,KPEDU,antero,HorseDrinker,1791150095,TankPressure_2_HB,18839
3255222,2026-10-04 21:41:36.968871+00,KPEDU,antero,HorseDrinker,1791150095,BowlPressure_HB,9309
3255405,2026-10-04 21:51:36.986644+00,KPEDU,antero,HorseDrinker,1791150695,TankPressure_1_HB,18896
3255406,2026-10-04 21:51:36.986644+00,KPEDU,antero,HorseDrinker,1791150695,TankPressure_2_HB,18760
3255407,2026-10-04 21:51:36.986644+00,KPEDU,antero,HorseDrinker,1791150695,BowlPressure_HB,9311
3255608,2026-10-04 22:01:37.071964+00,KPEDU,antero,HorseDrinker,1791151295,TankPressure_1_HB,18948
3255609,2026-10-04 22:01:37.071964+00,KPEDU,antero,HorseDrinker,1791151295,TankPressure_2_HB,18795
3255610,2026-10-04 22:01:37.071964+00,KPEDU,antero,HorseDrinker,1791151295,BowlPressure_HB,9317
3255858,2026-10-04 22:11:37.058154+00,KPEDU,antero,HorseDrinker,1791151895,TankPressure_1_HB,18958
3255859,2026-10-04 22:11:37.058154+00,KPEDU,antero,HorseDrinker,1791151895,TankPressure_2_HB,18806
3255860,2026-10-04 22:11:37.058154+00,KPEDU,antero,HorseDrinker,1791151895,BowlPressure_HB,9314
3256029,2026-10-04 22:21:37.080408+00,KPEDU,antero,HorseDrinker,1791152495,TankPressure_1_HB,18915
3256030,2026-10-04 22:21:37.080408+00,KPEDU,antero,HorseDrinker,1791152495,TankPressure_2_HB,18743
3256031,2026-10-04 22:21:37.080408+00,KPEDU,antero,HorseDrinker,1791152495,BowlPressure_HB,9322
3256254,2026-10-04 22:31:37.082528+00,KPEDU,antero,HorseDrinker,1791153095,TankPressure_1_HB,18939
3256255,2026-10-04 22:31:37.082528+00,KPEDU,antero,HorseDrinker,1791153095,TankPressure_2_HB,18804
3256256,2026-10-04 22:31:37.082528+00,KPEDU,antero,HorseDrinker,1791153095,BowlPressure_HB,9320
3256498,2026-10-04 22:41:37.056+00,KPEDU,antero,HorseDrinker,1791153695,TankPressure_1_HB,18964
3256499,2026-10-04 22:41:37.056+00,KPEDU,antero,HorseDrinker,1791153695,TankPressure_2_HB,18800
3256500,2026-10-04 22:41:37.056+00,KPEDU,antero,HorseDrinker,1791153695,BowlPressure_HB,9322
3256685,2026-10-04 22:51:37.191014+00,KPEDU,antero,HorseDrinker,1791154295,TankPressure_1_HB,18930
3256686,2026-10-04 22:51:37.191014+00,KPEDU,antero,HorseDrinker,1791154295,TankPressure_2_HB,18775
3256687,2026-10-04 22:51:37.191014+00,KPEDU,antero,HorseDrinker,1791154295,BowlPressure_HB,9321
3256904,2026-10-04 23:01:36.901286+00,KPEDU,antero,HorseDrinker,1791154895,TankPressure_1_HB,18903
3256905,2026-10-04 23:01:36.901286+00,KPEDU,antero,HorseDrinker,1791154895,TankPressure_2_HB,18738
3256906,2026-10-04 23:01:36.901286+00,KPEDU,antero,HorseDrinker,1791154895,BowlPressure_HB,9321
3257383,2026-10-04 23:21:36.953019+00,KPEDU,antero,HorseDrinker,1791155495,TankPressure_1_HB,18912
3257384,2026-10-04 23:21:36.953019+00,KPEDU,antero,HorseDrinker,1791155495,TankPressure_2_HB,18769
3257385,2026-10-04 23:21:36.953019+00,KPEDU,antero,HorseDrinker,1791155495,BowlPressure_HB,9317
3257386,2026-10-04 23:21:36.953019+00,KPEDU,antero,HorseDrinker,1791156095,TankPressure_1_HB,18956
3257387,2026-10-04 23:21:36.953019+00,KPEDU,antero,HorseDrinker,1791156095,TankPressure_2_HB,18801
3257388,2026-10-04 23:21:36.953019+00,KPEDU,antero,HorseDrinker,1791156095,BowlPressure_HB,9315
3257597,2026-10-04 23:31:36.89848+00,KPEDU,antero,HorseDrinker,1791156695,TankPressure_1_HB,18969
3257598,2026-10-04 23:31:36.89848+00,KPEDU,antero,HorseDrinker,1791156695,TankPressure_2_HB,18832
3257599,2026-10-04 23:31:36.89848+00,KPEDU,antero,HorseDrinker,1791156695,BowlPressure_HB,9329
3257845,2026-10-04 23:41:36.856872+00,KPEDU,antero,HorseDrinker,1791157295,TankPressure_1_HB,18973
3257846,2026-10-04 23:41:36.856872+00,KPEDU,antero,HorseDrinker,1791157295,TankPressure_2_HB,18823
3257847,2026-10-04 23:41:36.856872+00,KPEDU,antero,HorseDrinker,1791157295,BowlPressure_HB,9327
3258024,2026-10-04 23:51:36.95769+00,KPEDU,antero,HorseDrinker,1791157895,TankPressure_1_HB,18910
3258025,2026-10-04 23:51:36.95769+00,KPEDU,antero,HorseDrinker,1791157895,TankPressure_2_HB,18757
3258026,2026-10-04 23:51:36.95769+00,KPEDU,antero,HorseDrinker,1791157895,BowlPressure_HB,9320
3258257,2026-10-05 00:01:36.896191+00,KPEDU,antero,HorseDrinker,1791158495,TankPressure_1_HB,18935
3258258,2026-10-05 00:01:36.896191+00,KPEDU,antero,HorseDrinker,1791158495,TankPressure_2_HB,18800
3258259,2026-10-05 00:01:36.896191+00,KPEDU,antero,HorseDrinker,1791158495,BowlPressure_HB,9325
3258509,2026-10-05 00:11:38.772012+00,KPEDU,antero,HorseDrinker,1791159095,TankPressure_1_HB,18901
3258510,2026-10-05 00:11:38.772012+00,KPEDU,antero,HorseDrinker,1791159095,TankPressure_2_HB,18764
3258511,2026-10-05 00:11:38.772012+00,KPEDU,antero,HorseDrinker,1791159095,BowlPressure_HB,9328
3258684,2026-10-05 00:21:37.073395+00,KPEDU,antero,HorseDrinker,1791159695,TankPressure_1_HB,18958
3258685,2026-10-05 00:21:37.073395+00,KPEDU,antero,HorseDrinker,1791159695,TankPressure_2_HB,18816
3258686,2026-10-05 00:21:37.073395+00,KPEDU,antero,HorseDrinker,1791159695,BowlPressure_HB,9326
3258927,2026-10-05 00:31:37.096735+00,KPEDU,antero,HorseDrinker,1791160295,TankPressure_1_HB,18987
3258928,2026-10-05 00:31:37.096735+00,KPEDU,antero,HorseDrinker,1791160295,TankPressure_2_HB,18841
3258929,2026-10-05 00:31:37.096735+00,KPEDU,antero,HorseDrinker,1791160295,BowlPressure_HB,9324
3259241,2026-10-05 00:41:36.969772+00,KPEDU,antero,HorseDrinker,1791160895,TankPressure_1_HB,18972
3259242,2026-10-05 00:41:36.969772+00,KPEDU,antero,HorseDrinker,1791160895,TankPressure_2_HB,18819
3259243,2026-10-05 00:41:36.969772+00,KPEDU,antero,HorseDrinker,1791160895,BowlPressure_HB,9323
3259428,2026-10-05 00:51:37.043989+00,KPEDU,antero,HorseDrinker,1791161495,TankPressure_1_HB,18969
3259429,2026-10-05 00:51:37.043989+00,KPEDU,antero,HorseDrinker,1791161495,TankPressure_2_HB,18818
3259430,2026-10-05 00:51:37.043989+00,KPEDU,antero,HorseDrinker,1791161495,BowlPressure_HB,9331
3267256,2026-10-05 06:41:36.996756+00,KPEDU,antero,HorseDrinker,1791182495,TankPressure_1_HB,18982
3267257,2026-10-05 06:41:36.996756+00,KPEDU,antero,HorseDrinker,1791182495,TankPressure_2_HB,18838
3267258,2026-10-05 06:41:36.996756+00,KPEDU,antero,HorseDrinker,1791182495,BowlPressure_HB,9333
3267445,2026-10-05 06:51:36.810338+00,KPEDU,antero,HorseDrinker,1791183095,TankPressure_1_HB,18970
3267446,2026-10-05 06:51:36.810338+00,KPEDU,antero,HorseDrinker,1791183095,TankPressure_2_HB,18822
3267447,2026-10-05 06:51:36.810338+00,KPEDU,antero,HorseDrinker,1791183095,BowlPressure_HB,9336
3268039,2026-10-05 07:11:36.956779+00,KPEDU,antero,HorseDrinker,1791183695,TankPressure_1_HB,18980
3268040,2026-10-05 07:11:36.956779+00,KPEDU,antero,HorseDrinker,1791183695,TankPressure_2_HB,18841
3268041,2026-10-05 07:11:36.956779+00,KPEDU,antero,HorseDrinker,1791183695,BowlPressure_HB,9331
3268042,2026-10-05 07:11:36.956779+00,KPEDU,antero,HorseDrinker,1791184295,TankPressure_1_HB,18940
3268043,2026-10-05 07:11:36.956779+00,KPEDU,antero,HorseDrinker,1791184295,TankPressure_2_HB,18803
3268044,2026-10-05 07:11:36.956779+00,KPEDU,antero,HorseDrinker,1791184295,BowlPressure_HB,9338
3268437,2026-10-05 07:21:37.131656+00,KPEDU,antero,HorseDrinker,1791184895,TankPressure_1_HB,18990
3268438,2026-10-05 07:21:37.131656+00,KPEDU,antero,HorseDrinker,1791184895,TankPressure_2_HB,18830
3268439,2026-10-05 07:21:37.131656+00,KPEDU,antero,HorseDrinker,1791184895,BowlPressure_HB,9337
3268626,2026-10-05 07:31:37.056652+00,KPEDU,antero,HorseDrinker,1791185495,TankPressure_1_HB,18952
3268627,2026-10-05 07:31:37.056652+00,KPEDU,antero,HorseDrinker,1791185495,TankPressure_2_HB,18789
3268628,2026-10-05 07:31:37.056652+00,KPEDU,antero,HorseDrinker,1791185495,BowlPressure_HB,9328
3269035,2026-10-05 07:41:36.837875+00,KPEDU,antero,HorseDrinker,1791186095,TankPressure_1_HB,18948
3269036,2026-10-05 07:41:36.837875+00,KPEDU,antero,HorseDrinker,1791186095,TankPressure_2_HB,18807
3269037,2026-10-05 07:41:36.837875+00,KPEDU,antero,HorseDrinker,1791186095,BowlPressure_HB,9339
3269436,2026-10-05 07:51:37.016217+00,KPEDU,antero,HorseDrinker,1791186695,TankPressure_1_HB,18978
3269437,2026-10-05 07:51:37.016217+00,KPEDU,antero,HorseDrinker,1791186695,TankPressure_2_HB,18809
3269438,2026-10-05 07:51:37.016217+00,KPEDU,antero,HorseDrinker,1791186695,BowlPressure_HB,9333
3269627,2026-10-05 08:01:36.892367+00,KPEDU,antero,HorseDrinker,1791187295,TankPressure_1_HB,18954
3269628,2026-10-05 08:01:36.892367+00,KPEDU,antero,HorseDrinker,1791187295,TankPressure_2_HB,18807
3269629,2026-10-05 08:01:36.892367+00,KPEDU,antero,HorseDrinker,1791187295,BowlPressure_HB,9342
3270257,2026-10-05 08:11:37.069407+00,KPEDU,antero,HorseDrinker,1791187895,TankPressure_1_HB,18974
3270258,2026-10-05 08:11:37.069407+00,KPEDU,antero,HorseDrinker,1791187895,TankPressure_2_HB,18824
3270259,2026-10-05 08:11:37.069407+00,KPEDU,antero,HorseDrinker,1791187895,BowlPressure_HB,9345
3270434,2026-10-05 08:21:36.815923+00,KPEDU,antero,HorseDrinker,1791188495,TankPressure_1_HB,18960
3270435,2026-10-05 08:21:36.815923+00,KPEDU,antero,HorseDrinker,1791188495,TankPressure_2_HB,18811
3270436,2026-10-05 08:21:36.815923+00,KPEDU,antero,HorseDrinker,1791188495,BowlPressure_HB,9338
3271205,2026-10-05 08:43:01.15708+00,KPEDU,antero,HorseDrinker,1791189779,TankPressure_1_HB,18975
3271206,2026-10-05 08:43:01.15708+00,KPEDU,antero,HorseDrinker,1791189779,TankPressure_2_HB,19289
3271207,2026-10-05 08:43:01.15708+00,KPEDU,antero,HorseDrinker,1791189779,BowlPressure_HB,10508
3271404,2026-10-05 08:53:00.745117+00,KPEDU,antero,HorseDrinker,1791190379,TankPressure_1_HB,18979
3271405,2026-10-05 08:53:00.745117+00,KPEDU,antero,HorseDrinker,1791190379,TankPressure_2_HB,19277
3271406,2026-10-05 08:53:00.745117+00,KPEDU,antero,HorseDrinker,1791190379,BowlPressure_HB,10509
3271549,2026-10-05 09:03:01.266335+00,KPEDU,antero,HorseDrinker,1791190979,TankPressure_1_HB,19005
3271550,2026-10-05 09:03:01.266335+00,KPEDU,antero,HorseDrinker,1791190979,TankPressure_2_HB,19327
3271551,2026-10-05 09:03:01.266335+00,KPEDU,antero,HorseDrinker,1791190979,BowlPressure_HB,10508
3272149,2026-10-05 09:13:00.763728+00,KPEDU,antero,HorseDrinker,1791191579,TankPressure_1_HB,19009
3272150,2026-10-05 09:13:00.763728+00,KPEDU,antero,HorseDrinker,1791191579,TankPressure_2_HB,19342
3272151,2026-10-05 09:13:00.763728+00,KPEDU,antero,HorseDrinker,1791191579,BowlPressure_HB,10502
3272330,2026-10-05 09:23:00.75927+00,KPEDU,antero,HorseDrinker,1791192179,TankPressure_1_HB,19012
3272331,2026-10-05 09:23:00.75927+00,KPEDU,antero,HorseDrinker,1791192179,TankPressure_2_HB,19355
3272332,2026-10-05 09:23:00.75927+00,KPEDU,antero,HorseDrinker,1791192179,BowlPressure_HB,10510
3272475,2026-10-05 09:33:00.809972+00,KPEDU,antero,HorseDrinker,1791192779,TankPressure_1_HB,19046
3272476,2026-10-05 09:33:00.809972+00,KPEDU,antero,HorseDrinker,1791192779,TankPressure_2_HB,19355
3272477,2026-10-05 09:33:00.809972+00,KPEDU,antero,HorseDrinker,1791192779,BowlPressure_HB,10504
3273074,2026-10-05 09:43:00.771196+00,KPEDU,antero,HorseDrinker,1791193379,TankPressure_1_HB,19006
3273075,2026-10-05 09:43:00.771196+00,KPEDU,antero,HorseDrinker,1791193379,TankPressure_2_HB,19328
3273076,2026-10-05 09:43:00.771196+00,KPEDU,antero,HorseDrinker,1791193379,BowlPressure_HB,10495
3273259,2026-10-05 09:53:00.897453+00,KPEDU,antero,HorseDrinker,1791193979,TankPressure_1_HB,19042
3273260,2026-10-05 09:53:00.897453+00,KPEDU,antero,HorseDrinker,1791193979,TankPressure_2_HB,19367
3273261,2026-10-05 09:53:00.897453+00,KPEDU,antero,HorseDrinker,1791193979,BowlPressure_HB,10508
3273408,2026-10-05 10:03:01.057107+00,KPEDU,antero,HorseDrinker,1791194579,TankPressure_1_HB,18967
3273409,2026-10-05 10:03:01.057107+00,KPEDU,antero,HorseDrinker,1791194579,TankPressure_2_HB,19299
3273410,2026-10-05 10:03:01.057107+00,KPEDU,antero,HorseDrinker,1791194579,BowlPressure_HB,10506
3273958,2026-10-05 10:13:00.886694+00,KPEDU,antero,HorseDrinker,1791195179,TankPressure_1_HB,18969
3273959,2026-10-05 10:13:00.886694+00,KPEDU,antero,HorseDrinker,1791195179,TankPressure_2_HB,19300
3273960,2026-10-05 10:13:00.886694+00,KPEDU,antero,HorseDrinker,1791195179,BowlPressure_HB,10491
3274157,2026-10-05 10:23:00.865319+00,KPEDU,antero,HorseDrinker,1791195779,TankPressure_1_HB,18956
3274158,2026-10-05 10:23:00.865319+00,KPEDU,antero,HorseDrinker,1791195779,TankPressure_2_HB,19299
3274159,2026-10-05 10:23:00.865319+00,KPEDU,antero,HorseDrinker,1791195779,BowlPressure_HB,10483
3274298,2026-10-05 10:33:00.979578+00,KPEDU,antero,HorseDrinker,1791196379,TankPressure_1_HB,19008
3264176,2026-10-05 04:31:37.753046+00,KPEDU,antero,HorseDrinker,1791174695,TankPressure_1_HB,18985
3264177,2026-10-05 04:31:37.753046+00,KPEDU,antero,HorseDrinker,1791174695,TankPressure_2_HB,18830
3264178,2026-10-05 04:31:37.753046+00,KPEDU,antero,HorseDrinker,1791174695,BowlPressure_HB,9333
3264420,2026-10-05 04:41:36.884896+00,KPEDU,antero,HorseDrinker,1791175295,TankPressure_1_HB,18978
3264421,2026-10-05 04:41:36.884896+00,KPEDU,antero,HorseDrinker,1791175295,TankPressure_2_HB,18827
3264422,2026-10-05 04:41:36.884896+00,KPEDU,antero,HorseDrinker,1791175295,BowlPressure_HB,9342
3264607,2026-10-05 04:51:37.122424+00,KPEDU,antero,HorseDrinker,1791175895,TankPressure_1_HB,18908
3264608,2026-10-05 04:51:37.122424+00,KPEDU,antero,HorseDrinker,1791175895,TankPressure_2_HB,18762
3264609,2026-10-05 04:51:37.122424+00,KPEDU,antero,HorseDrinker,1791175895,BowlPressure_HB,9329
3264812,2026-10-05 05:01:36.804593+00,KPEDU,antero,HorseDrinker,1791176495,TankPressure_1_HB,18955
3264813,2026-10-05 05:01:36.804593+00,KPEDU,antero,HorseDrinker,1791176495,TankPressure_2_HB,18808
3264814,2026-10-05 05:01:36.804593+00,KPEDU,antero,HorseDrinker,1791176495,BowlPressure_HB,9333
3265060,2026-10-05 05:11:37.917246+00,KPEDU,antero,HorseDrinker,1791177095,TankPressure_1_HB,18982
3265061,2026-10-05 05:11:37.917246+00,KPEDU,antero,HorseDrinker,1791177095,TankPressure_2_HB,18840
3265062,2026-10-05 05:11:37.917246+00,KPEDU,antero,HorseDrinker,1791177095,BowlPressure_HB,9329
3265231,2026-10-05 05:21:37.005268+00,KPEDU,antero,HorseDrinker,1791177695,TankPressure_1_HB,18926
3265232,2026-10-05 05:21:37.005268+00,KPEDU,antero,HorseDrinker,1791177695,TankPressure_2_HB,18777
3265233,2026-10-05 05:21:37.005268+00,KPEDU,antero,HorseDrinker,1791177695,BowlPressure_HB,9341
3265448,2026-10-05 05:31:37.06687+00,KPEDU,antero,HorseDrinker,1791178295,TankPressure_1_HB,18920
3265449,2026-10-05 05:31:37.06687+00,KPEDU,antero,HorseDrinker,1791178295,TankPressure_2_HB,18774
3265450,2026-10-05 05:31:37.06687+00,KPEDU,antero,HorseDrinker,1791178295,BowlPressure_HB,9331
3265676,2026-10-05 05:41:37.072879+00,KPEDU,antero,HorseDrinker,1791178895,TankPressure_1_HB,18954
3265677,2026-10-05 05:41:37.072879+00,KPEDU,antero,HorseDrinker,1791178895,TankPressure_2_HB,18801
3265678,2026-10-05 05:41:37.072879+00,KPEDU,antero,HorseDrinker,1791178895,BowlPressure_HB,9336
3265855,2026-10-05 05:51:37.083884+00,KPEDU,antero,HorseDrinker,1791179495,TankPressure_1_HB,18888
3265856,2026-10-05 05:51:37.083884+00,KPEDU,antero,HorseDrinker,1791179495,TankPressure_2_HB,18733
3265857,2026-10-05 05:51:37.083884+00,KPEDU,antero,HorseDrinker,1791179495,BowlPressure_HB,9333
3266062,2026-10-05 06:01:37.13235+00,KPEDU,antero,HorseDrinker,1791180095,TankPressure_1_HB,19009
3266063,2026-10-05 06:01:37.13235+00,KPEDU,antero,HorseDrinker,1791180095,TankPressure_2_HB,18858
3266064,2026-10-05 06:01:37.13235+00,KPEDU,antero,HorseDrinker,1791180095,BowlPressure_HB,9339
3266468,2026-10-05 06:21:37.149168+00,KPEDU,antero,HorseDrinker,1791180695,TankPressure_1_HB,18919
3266469,2026-10-05 06:21:37.149168+00,KPEDU,antero,HorseDrinker,1791180695,TankPressure_2_HB,18784
3266470,2026-10-05 06:21:37.149168+00,KPEDU,antero,HorseDrinker,1791180695,BowlPressure_HB,9333
3266471,2026-10-05 06:21:37.149168+00,KPEDU,antero,HorseDrinker,1791181295,TankPressure_1_HB,18934
3266472,2026-10-05 06:21:37.149168+00,KPEDU,antero,HorseDrinker,1791181295,TankPressure_2_HB,18781
3266473,2026-10-05 06:21:37.149168+00,KPEDU,antero,HorseDrinker,1791181295,BowlPressure_HB,9339
3266644,2026-10-05 06:31:36.891439+00,KPEDU,antero,HorseDrinker,1791181895,TankPressure_1_HB,18968
3266645,2026-10-05 06:31:36.891439+00,KPEDU,antero,HorseDrinker,1791181895,TankPressure_2_HB,18813
3266646,2026-10-05 06:31:36.891439+00,KPEDU,antero,HorseDrinker,1791181895,BowlPressure_HB,9337
3277470,2026-10-05 12:13:00.72942+00,KPEDU,antero,HorseDrinker,1791202379,TankPressure_1_HB,19000
3277471,2026-10-05 12:13:00.72942+00,KPEDU,antero,HorseDrinker,1791202379,TankPressure_2_HB,19336
3277472,2026-10-05 12:13:00.72942+00,KPEDU,antero,HorseDrinker,1791202379,BowlPressure_HB,10507
3277651,2026-10-05 12:23:00.929573+00,KPEDU,antero,HorseDrinker,1791202979,TankPressure_1_HB,19009
3277652,2026-10-05 12:23:00.929573+00,KPEDU,antero,HorseDrinker,1791202979,TankPressure_2_HB,19336
3277653,2026-10-05 12:23:00.929573+00,KPEDU,antero,HorseDrinker,1791202979,BowlPressure_HB,10502
3277792,2026-10-05 12:33:00.886986+00,KPEDU,antero,HorseDrinker,1791203579,TankPressure_1_HB,18961
3277793,2026-10-05 12:33:00.886986+00,KPEDU,antero,HorseDrinker,1791203579,TankPressure_2_HB,19291
3277794,2026-10-05 12:33:00.886986+00,KPEDU,antero,HorseDrinker,1791203579,BowlPressure_HB,10507
3278386,2026-10-05 12:43:00.721455+00,KPEDU,antero,HorseDrinker,1791204179,TankPressure_1_HB,19017
3278387,2026-10-05 12:43:00.721455+00,KPEDU,antero,HorseDrinker,1791204179,TankPressure_2_HB,19341
3278388,2026-10-05 12:43:00.721455+00,KPEDU,antero,HorseDrinker,1791204179,BowlPressure_HB,10501
3278569,2026-10-05 12:53:01.096988+00,KPEDU,antero,HorseDrinker,1791204779,TankPressure_1_HB,19055
3278570,2026-10-05 12:53:01.096988+00,KPEDU,antero,HorseDrinker,1791204779,TankPressure_2_HB,19363
3278571,2026-10-05 12:53:01.096988+00,KPEDU,antero,HorseDrinker,1791204779,BowlPressure_HB,10500
3278726,2026-10-05 13:03:00.744974+00,KPEDU,antero,HorseDrinker,1791205379,TankPressure_1_HB,19077
3278727,2026-10-05 13:03:00.744974+00,KPEDU,antero,HorseDrinker,1791205379,TankPressure_2_HB,19404
3278728,2026-10-05 13:03:00.744974+00,KPEDU,antero,HorseDrinker,1791205379,BowlPressure_HB,10508
3279250,2026-10-05 13:13:01.012362+00,KPEDU,antero,HorseDrinker,1791205979,TankPressure_1_HB,19031
3279251,2026-10-05 13:13:01.012362+00,KPEDU,antero,HorseDrinker,1791205979,TankPressure_2_HB,19361
3279252,2026-10-05 13:13:01.012362+00,KPEDU,antero,HorseDrinker,1791205979,BowlPressure_HB,10502
3279397,2026-10-05 13:23:00.761801+00,KPEDU,antero,HorseDrinker,1791206579,TankPressure_1_HB,19029
3279398,2026-10-05 13:23:00.761801+00,KPEDU,antero,HorseDrinker,1791206579,TankPressure_2_HB,19363
3279399,2026-10-05 13:23:00.761801+00,KPEDU,antero,HorseDrinker,1791206579,BowlPressure_HB,10501
3279546,2026-10-05 13:33:00.886158+00,KPEDU,antero,HorseDrinker,1791207179,TankPressure_1_HB,18980
3279547,2026-10-05 13:33:00.886158+00,KPEDU,antero,HorseDrinker,1791207179,TankPressure_2_HB,19296
3279548,2026-10-05 13:33:00.886158+00,KPEDU,antero,HorseDrinker,1791207179,BowlPressure_HB,10492
3280130,2026-10-05 13:43:00.892297+00,KPEDU,antero,HorseDrinker,1791207779,TankPressure_1_HB,18986
3280131,2026-10-05 13:43:00.892297+00,KPEDU,antero,HorseDrinker,1791207779,TankPressure_2_HB,19309
3280132,2026-10-05 13:43:00.892297+00,KPEDU,antero,HorseDrinker,1791207779,BowlPressure_HB,10493
3280319,2026-10-05 13:53:00.961695+00,KPEDU,antero,HorseDrinker,1791208379,TankPressure_1_HB,18990
3280320,2026-10-05 13:53:00.961695+00,KPEDU,antero,HorseDrinker,1791208379,TankPressure_2_HB,19333
3280321,2026-10-05 13:53:00.961695+00,KPEDU,antero,HorseDrinker,1791208379,BowlPressure_HB,10497
3280472,2026-10-05 14:03:00.895194+00,KPEDU,antero,HorseDrinker,1791208979,TankPressure_1_HB,19054
3280473,2026-10-05 14:03:00.895194+00,KPEDU,antero,HorseDrinker,1791208979,TankPressure_2_HB,19389
3280474,2026-10-05 14:03:00.895194+00,KPEDU,antero,HorseDrinker,1791208979,BowlPressure_HB,10503
3280986,2026-10-05 14:13:00.821444+00,KPEDU,antero,HorseDrinker,1791209579,TankPressure_1_HB,19026
3280987,2026-10-05 14:13:00.821444+00,KPEDU,antero,HorseDrinker,1791209579,TankPressure_2_HB,19338
3280988,2026-10-05 14:13:00.821444+00,KPEDU,antero,HorseDrinker,1791209579,BowlPressure_HB,10500
3281131,2026-10-05 14:23:00.7966+00,KPEDU,antero,HorseDrinker,1791210179,TankPressure_1_HB,18970
3281132,2026-10-05 14:23:00.7966+00,KPEDU,antero,HorseDrinker,1791210179,TankPressure_2_HB,19302
3281133,2026-10-05 14:23:00.7966+00,KPEDU,antero,HorseDrinker,1791210179,BowlPressure_HB,10500
3281284,2026-10-05 14:33:00.913344+00,KPEDU,antero,HorseDrinker,1791210779,TankPressure_1_HB,19068
3281285,2026-10-05 14:33:00.913344+00,KPEDU,antero,HorseDrinker,1791210779,TankPressure_2_HB,19395
3281286,2026-10-05 14:33:00.913344+00,KPEDU,antero,HorseDrinker,1791210779,BowlPressure_HB,10501
3281600,2026-10-05 14:43:00.831963+00,KPEDU,antero,HorseDrinker,1791211379,TankPressure_1_HB,19009
3281601,2026-10-05 14:43:00.831963+00,KPEDU,antero,HorseDrinker,1791211379,TankPressure_2_HB,19347
3281602,2026-10-05 14:43:00.831963+00,KPEDU,antero,HorseDrinker,1791211379,BowlPressure_HB,10285
3281743,2026-10-05 14:53:00.761578+00,KPEDU,antero,HorseDrinker,1791211979,TankPressure_1_HB,19028
3281744,2026-10-05 14:53:00.761578+00,KPEDU,antero,HorseDrinker,1791211979,TankPressure_2_HB,19362
3281745,2026-10-05 14:53:00.761578+00,KPEDU,antero,HorseDrinker,1791211979,BowlPressure_HB,9580
3281878,2026-10-05 15:03:00.868886+00,KPEDU,antero,HorseDrinker,1791212579,TankPressure_1_HB,19002
3281879,2026-10-05 15:03:00.868886+00,KPEDU,antero,HorseDrinker,1791212579,TankPressure_2_HB,19342
3281880,2026-10-05 15:03:00.868886+00,KPEDU,antero,HorseDrinker,1791212579,BowlPressure_HB,9576
3282405,2026-10-05 15:13:00.964794+00,KPEDU,antero,HorseDrinker,1791213179,TankPressure_1_HB,19018
3282406,2026-10-05 15:13:00.964794+00,KPEDU,antero,HorseDrinker,1791213179,TankPressure_2_HB,19363
3282407,2026-10-05 15:13:00.964794+00,KPEDU,antero,HorseDrinker,1791213179,BowlPressure_HB,9555
3282558,2026-10-05 15:23:00.753782+00,KPEDU,antero,HorseDrinker,1791213779,TankPressure_1_HB,19042
3282559,2026-10-05 15:23:00.753782+00,KPEDU,antero,HorseDrinker,1791213779,TankPressure_2_HB,19399
3282560,2026-10-05 15:23:00.753782+00,KPEDU,antero,HorseDrinker,1791213779,BowlPressure_HB,9560
3283100,2026-10-05 15:41:07.354522+00,KPEDU,antero,HorseDrinker,1791214865,TankPressure_1_HB,17355
3283101,2026-10-05 15:41:07.354522+00,KPEDU,antero,HorseDrinker,1791214865,TankPressure_2_HB,17685
3283102,2026-10-05 15:41:07.354522+00,KPEDU,antero,HorseDrinker,1791214865,BowlPressure_HB,10526
3283431,2026-10-05 15:51:07.50485+00,KPEDU,antero,HorseDrinker,1791215465,TankPressure_1_HB,17396
3283432,2026-10-05 15:51:07.50485+00,KPEDU,antero,HorseDrinker,1791215465,TankPressure_2_HB,17720
3283433,2026-10-05 15:51:07.50485+00,KPEDU,antero,HorseDrinker,1791215465,BowlPressure_HB,10521
3283572,2026-10-05 16:01:07.043915+00,KPEDU,antero,HorseDrinker,1791216065,TankPressure_1_HB,17379
3283573,2026-10-05 16:01:07.043915+00,KPEDU,antero,HorseDrinker,1791216065,TankPressure_2_HB,17709
3283574,2026-10-05 16:01:07.043915+00,KPEDU,antero,HorseDrinker,1791216065,BowlPressure_HB,10522
3283994,2026-10-05 16:11:06.997699+00,KPEDU,antero,HorseDrinker,1791216665,TankPressure_1_HB,18952
3283995,2026-10-05 16:11:06.997699+00,KPEDU,antero,HorseDrinker,1791216665,TankPressure_2_HB,19241
3283996,2026-10-05 16:11:06.997699+00,KPEDU,antero,HorseDrinker,1791216665,BowlPressure_HB,10523
3284291,2026-10-05 16:21:07.092545+00,KPEDU,antero,HorseDrinker,1791217265,TankPressure_1_HB,18991
3284292,2026-10-05 16:21:07.092545+00,KPEDU,antero,HorseDrinker,1791217265,TankPressure_2_HB,19283
3284293,2026-10-05 16:21:07.092545+00,KPEDU,antero,HorseDrinker,1791217265,BowlPressure_HB,10515
3284436,2026-10-05 16:31:07.051589+00,KPEDU,antero,HorseDrinker,1791217865,TankPressure_1_HB,18958
3284437,2026-10-05 16:31:07.051589+00,KPEDU,antero,HorseDrinker,1791217865,TankPressure_2_HB,19260
3284438,2026-10-05 16:31:07.051589+00,KPEDU,antero,HorseDrinker,1791217865,BowlPressure_HB,10521
3284903,2026-10-05 16:41:07.125466+00,KPEDU,antero,HorseDrinker,1791218465,TankPressure_1_HB,19014
3284904,2026-10-05 16:41:07.125466+00,KPEDU,antero,HorseDrinker,1791218465,TankPressure_2_HB,19316
3284905,2026-10-05 16:41:07.125466+00,KPEDU,antero,HorseDrinker,1791218465,BowlPressure_HB,10520
3285248,2026-10-05 16:51:07.317154+00,KPEDU,antero,HorseDrinker,1791219065,TankPressure_1_HB,19009
3285249,2026-10-05 16:51:07.317154+00,KPEDU,antero,HorseDrinker,1791219065,TankPressure_2_HB,19292
3285250,2026-10-05 16:51:07.317154+00,KPEDU,antero,HorseDrinker,1791219065,BowlPressure_HB,10519
3285429,2026-10-05 17:01:06.992141+00,KPEDU,antero,HorseDrinker,1791219665,TankPressure_1_HB,19025
3285430,2026-10-05 17:01:06.992141+00,KPEDU,antero,HorseDrinker,1791219665,TankPressure_2_HB,19335
3285431,2026-10-05 17:01:06.992141+00,KPEDU,antero,HorseDrinker,1791219665,BowlPressure_HB,10531
3285859,2026-10-05 17:21:07.05914+00,KPEDU,antero,HorseDrinker,1791220265,TankPressure_1_HB,19049
3285860,2026-10-05 17:21:07.05914+00,KPEDU,antero,HorseDrinker,1791220265,TankPressure_2_HB,19354
3285861,2026-10-05 17:21:07.05914+00,KPEDU,antero,HorseDrinker,1791220265,BowlPressure_HB,10512
3285862,2026-10-05 17:21:07.05914+00,KPEDU,antero,HorseDrinker,1791220865,TankPressure_1_HB,19025
3285863,2026-10-05 17:21:07.05914+00,KPEDU,antero,HorseDrinker,1791220865,TankPressure_2_HB,19329
3285864,2026-10-05 17:21:07.05914+00,KPEDU,antero,HorseDrinker,1791220865,BowlPressure_HB,10515
3286033,2026-10-05 17:31:07.058099+00,KPEDU,antero,HorseDrinker,1791221465,TankPressure_1_HB,19054
3286034,2026-10-05 17:31:07.058099+00,KPEDU,antero,HorseDrinker,1791221465,TankPressure_2_HB,19353
3286035,2026-10-05 17:31:07.058099+00,KPEDU,antero,HorseDrinker,1791221465,BowlPressure_HB,10512
3286365,2026-10-05 17:41:07.252082+00,KPEDU,antero,HorseDrinker,1791222065,TankPressure_1_HB,19031
3286366,2026-10-05 17:41:07.252082+00,KPEDU,antero,HorseDrinker,1791222065,TankPressure_2_HB,19326
3286367,2026-10-05 17:41:07.252082+00,KPEDU,antero,HorseDrinker,1791222065,BowlPressure_HB,10521
3286540,2026-10-05 17:51:07.067336+00,KPEDU,antero,HorseDrinker,1791222665,TankPressure_1_HB,19046
3286541,2026-10-05 17:51:07.067336+00,KPEDU,antero,HorseDrinker,1791222665,TankPressure_2_HB,19331
3286542,2026-10-05 17:51:07.067336+00,KPEDU,antero,HorseDrinker,1791222665,BowlPressure_HB,10524
3286711,2026-10-05 18:01:07.073682+00,KPEDU,antero,HorseDrinker,1791223265,TankPressure_1_HB,18997
3286712,2026-10-05 18:01:07.073682+00,KPEDU,antero,HorseDrinker,1791223265,TankPressure_2_HB,19279
3286713,2026-10-05 18:01:07.073682+00,KPEDU,antero,HorseDrinker,1791223265,BowlPressure_HB,10513
3287183,2026-10-05 18:11:07.179822+00,KPEDU,antero,HorseDrinker,1791223865,TankPressure_1_HB,19007
3287184,2026-10-05 18:11:07.179822+00,KPEDU,antero,HorseDrinker,1791223865,TankPressure_2_HB,19279
3287185,2026-10-05 18:11:07.179822+00,KPEDU,antero,HorseDrinker,1791223865,BowlPressure_HB,10519
3287502,2026-10-05 18:21:07.038605+00,KPEDU,antero,HorseDrinker,1791224465,TankPressure_1_HB,18993
3287503,2026-10-05 18:21:07.038605+00,KPEDU,antero,HorseDrinker,1791224465,TankPressure_2_HB,19264
3287504,2026-10-05 18:21:07.038605+00,KPEDU,antero,HorseDrinker,1791224465,BowlPressure_HB,10527
3274299,2026-10-05 10:33:00.979578+00,KPEDU,antero,HorseDrinker,1791196379,TankPressure_2_HB,19355
3274300,2026-10-05 10:33:00.979578+00,KPEDU,antero,HorseDrinker,1791196379,BowlPressure_HB,10489
3274796,2026-10-05 10:43:00.736163+00,KPEDU,antero,HorseDrinker,1791196979,TankPressure_1_HB,19013
3274797,2026-10-05 10:43:00.736163+00,KPEDU,antero,HorseDrinker,1791196979,TankPressure_2_HB,19351
3274798,2026-10-05 10:43:00.736163+00,KPEDU,antero,HorseDrinker,1791196979,BowlPressure_HB,10489
3274973,2026-10-05 10:53:00.781642+00,KPEDU,antero,HorseDrinker,1791197579,TankPressure_1_HB,19022
3274974,2026-10-05 10:53:00.781642+00,KPEDU,antero,HorseDrinker,1791197579,TankPressure_2_HB,19353
3274975,2026-10-05 10:53:00.781642+00,KPEDU,antero,HorseDrinker,1791197579,BowlPressure_HB,10482
3275120,2026-10-05 11:03:00.980811+00,KPEDU,antero,HorseDrinker,1791198179,TankPressure_1_HB,18952
3275121,2026-10-05 11:03:00.980811+00,KPEDU,antero,HorseDrinker,1791198179,TankPressure_2_HB,19295
3275122,2026-10-05 11:03:00.980811+00,KPEDU,antero,HorseDrinker,1791198179,BowlPressure_HB,10486
3275664,2026-10-05 11:13:00.718265+00,KPEDU,antero,HorseDrinker,1791198779,TankPressure_1_HB,18971
3275665,2026-10-05 11:13:00.718265+00,KPEDU,antero,HorseDrinker,1791198779,TankPressure_2_HB,19306
3275666,2026-10-05 11:13:00.718265+00,KPEDU,antero,HorseDrinker,1791198779,BowlPressure_HB,10506
3275841,2026-10-05 11:23:00.910504+00,KPEDU,antero,HorseDrinker,1791199379,TankPressure_1_HB,18950
3275842,2026-10-05 11:23:00.910504+00,KPEDU,antero,HorseDrinker,1791199379,TankPressure_2_HB,19304
3275843,2026-10-05 11:23:00.910504+00,KPEDU,antero,HorseDrinker,1791199379,BowlPressure_HB,10500
3275994,2026-10-05 11:33:00.787934+00,KPEDU,antero,HorseDrinker,1791199979,TankPressure_1_HB,19008
3275995,2026-10-05 11:33:00.787934+00,KPEDU,antero,HorseDrinker,1791199979,TankPressure_2_HB,19343
3275996,2026-10-05 11:33:00.787934+00,KPEDU,antero,HorseDrinker,1791199979,BowlPressure_HB,10506
3276538,2026-10-05 11:43:00.895053+00,KPEDU,antero,HorseDrinker,1791200579,TankPressure_1_HB,19001
3276539,2026-10-05 11:43:00.895053+00,KPEDU,antero,HorseDrinker,1791200579,TankPressure_2_HB,19335
3276540,2026-10-05 11:43:00.895053+00,KPEDU,antero,HorseDrinker,1791200579,BowlPressure_HB,10498
3276731,2026-10-05 11:53:00.792566+00,KPEDU,antero,HorseDrinker,1791201179,TankPressure_1_HB,19007
3276732,2026-10-05 11:53:00.792566+00,KPEDU,antero,HorseDrinker,1791201179,TankPressure_2_HB,19330
3276733,2026-10-05 11:53:00.792566+00,KPEDU,antero,HorseDrinker,1791201179,BowlPressure_HB,10493
3276872,2026-10-05 12:03:00.876165+00,KPEDU,antero,HorseDrinker,1791201779,TankPressure_1_HB,19008
3276873,2026-10-05 12:03:00.876165+00,KPEDU,antero,HorseDrinker,1791201779,TankPressure_2_HB,19346
3276874,2026-10-05 12:03:00.876165+00,KPEDU,antero,HorseDrinker,1791201779,BowlPressure_HB,10505
3300560,2026-10-06 01:01:07.125316+00,KPEDU,antero,HorseDrinker,1791248465,TankPressure_1_HB,18929
3300561,2026-10-06 01:01:07.125316+00,KPEDU,antero,HorseDrinker,1791248465,TankPressure_2_HB,19226
3300562,2026-10-06 01:01:07.125316+00,KPEDU,antero,HorseDrinker,1791248465,BowlPressure_HB,10499
3301044,2026-10-06 01:11:06.974673+00,KPEDU,antero,HorseDrinker,1791249065,TankPressure_1_HB,18920
3301045,2026-10-06 01:11:06.974673+00,KPEDU,antero,HorseDrinker,1791249065,TankPressure_2_HB,19227
3301046,2026-10-06 01:11:06.974673+00,KPEDU,antero,HorseDrinker,1791249065,BowlPressure_HB,10503
3301381,2026-10-06 01:21:07.017036+00,KPEDU,antero,HorseDrinker,1791249665,TankPressure_1_HB,18960
3301382,2026-10-06 01:21:07.017036+00,KPEDU,antero,HorseDrinker,1791249665,TankPressure_2_HB,19275
3301383,2026-10-06 01:21:07.017036+00,KPEDU,antero,HorseDrinker,1791249665,BowlPressure_HB,10501
3301560,2026-10-06 01:31:06.94717+00,KPEDU,antero,HorseDrinker,1791250265,TankPressure_1_HB,18921
3301561,2026-10-06 01:31:06.94717+00,KPEDU,antero,HorseDrinker,1791250265,TankPressure_2_HB,19254
3301562,2026-10-06 01:31:06.94717+00,KPEDU,antero,HorseDrinker,1791250265,BowlPressure_HB,10497
3301990,2026-10-06 01:41:06.957632+00,KPEDU,antero,HorseDrinker,1791250865,TankPressure_1_HB,18909
3301991,2026-10-06 01:41:06.957632+00,KPEDU,antero,HorseDrinker,1791250865,TankPressure_2_HB,19234
3301992,2026-10-06 01:41:06.957632+00,KPEDU,antero,HorseDrinker,1791250865,BowlPressure_HB,10498
3302331,2026-10-06 01:51:07.145215+00,KPEDU,antero,HorseDrinker,1791251465,TankPressure_1_HB,18952
3302332,2026-10-06 01:51:07.145215+00,KPEDU,antero,HorseDrinker,1791251465,TankPressure_2_HB,19287
3302333,2026-10-06 01:51:07.145215+00,KPEDU,antero,HorseDrinker,1791251465,BowlPressure_HB,10497
3302510,2026-10-06 02:01:07.011977+00,KPEDU,antero,HorseDrinker,1791252065,TankPressure_1_HB,18875
3302511,2026-10-06 02:01:07.011977+00,KPEDU,antero,HorseDrinker,1791252065,TankPressure_2_HB,19232
3302512,2026-10-06 02:01:07.011977+00,KPEDU,antero,HorseDrinker,1791252065,BowlPressure_HB,10505
3303004,2026-10-06 02:11:07.046503+00,KPEDU,antero,HorseDrinker,1791252665,TankPressure_1_HB,18921
3303005,2026-10-06 02:11:07.046503+00,KPEDU,antero,HorseDrinker,1791252665,TankPressure_2_HB,19283
3303006,2026-10-06 02:11:07.046503+00,KPEDU,antero,HorseDrinker,1791252665,BowlPressure_HB,10501
3303345,2026-10-06 02:21:07.191692+00,KPEDU,antero,HorseDrinker,1791253265,TankPressure_1_HB,18819
3303346,2026-10-06 02:21:07.191692+00,KPEDU,antero,HorseDrinker,1791253265,TankPressure_2_HB,19196
3303347,2026-10-06 02:21:07.191692+00,KPEDU,antero,HorseDrinker,1791253265,BowlPressure_HB,10492
3303522,2026-10-06 02:31:07.216783+00,KPEDU,antero,HorseDrinker,1791253865,TankPressure_1_HB,18874
3303523,2026-10-06 02:31:07.216783+00,KPEDU,antero,HorseDrinker,1791253865,TankPressure_2_HB,19251
3303524,2026-10-06 02:31:07.216783+00,KPEDU,antero,HorseDrinker,1791253865,BowlPressure_HB,10501
3303926,2026-10-06 02:41:07.265016+00,KPEDU,antero,HorseDrinker,1791254465,TankPressure_1_HB,18916
3303927,2026-10-06 02:41:07.265016+00,KPEDU,antero,HorseDrinker,1791254465,TankPressure_2_HB,19183
3303928,2026-10-06 02:41:07.265016+00,KPEDU,antero,HorseDrinker,1791254465,BowlPressure_HB,10500
3304107,2026-10-06 02:51:06.986769+00,KPEDU,antero,HorseDrinker,1791255065,TankPressure_1_HB,18978
3304108,2026-10-06 02:51:06.986769+00,KPEDU,antero,HorseDrinker,1791255065,TankPressure_2_HB,19261
3304109,2026-10-06 02:51:06.986769+00,KPEDU,antero,HorseDrinker,1791255065,BowlPressure_HB,10486
3304284,2026-10-06 03:01:07.003333+00,KPEDU,antero,HorseDrinker,1791255665,TankPressure_1_HB,19003
3304285,2026-10-06 03:01:07.003333+00,KPEDU,antero,HorseDrinker,1791255665,TankPressure_2_HB,19281
3304286,2026-10-06 03:01:07.003333+00,KPEDU,antero,HorseDrinker,1791255665,BowlPressure_HB,10504
3304775,2026-10-06 03:11:07.014003+00,KPEDU,antero,HorseDrinker,1791256265,TankPressure_1_HB,18921
3304776,2026-10-06 03:11:07.014003+00,KPEDU,antero,HorseDrinker,1791256265,TankPressure_2_HB,19206
3304777,2026-10-06 03:11:07.014003+00,KPEDU,antero,HorseDrinker,1791256265,BowlPressure_HB,10499
3305118,2026-10-06 03:21:07.023418+00,KPEDU,antero,HorseDrinker,1791256865,TankPressure_1_HB,18942
3305119,2026-10-06 03:21:07.023418+00,KPEDU,antero,HorseDrinker,1791256865,TankPressure_2_HB,19220
3305120,2026-10-06 03:21:07.023418+00,KPEDU,antero,HorseDrinker,1791256865,BowlPressure_HB,10505
3305301,2026-10-06 03:31:06.98921+00,KPEDU,antero,HorseDrinker,1791257465,TankPressure_1_HB,19024
3305302,2026-10-06 03:31:06.98921+00,KPEDU,antero,HorseDrinker,1791257465,TankPressure_2_HB,19291
3305303,2026-10-06 03:31:06.98921+00,KPEDU,antero,HorseDrinker,1791257465,BowlPressure_HB,10503
3305781,2026-10-06 03:41:07.129352+00,KPEDU,antero,HorseDrinker,1791258065,TankPressure_1_HB,18940
3305782,2026-10-06 03:41:07.129352+00,KPEDU,antero,HorseDrinker,1791258065,TankPressure_2_HB,19218
3305783,2026-10-06 03:41:07.129352+00,KPEDU,antero,HorseDrinker,1791258065,BowlPressure_HB,10497
3306108,2026-10-06 03:51:07.10117+00,KPEDU,antero,HorseDrinker,1791258665,TankPressure_1_HB,18916
3306109,2026-10-06 03:51:07.10117+00,KPEDU,antero,HorseDrinker,1791258665,TankPressure_2_HB,19199
3306110,2026-10-06 03:51:07.10117+00,KPEDU,antero,HorseDrinker,1791258665,BowlPressure_HB,10501
3306293,2026-10-06 04:01:07.04416+00,KPEDU,antero,HorseDrinker,1791259265,TankPressure_1_HB,18989
3306294,2026-10-06 04:01:07.04416+00,KPEDU,antero,HorseDrinker,1791259265,TankPressure_2_HB,19262
3306295,2026-10-06 04:01:07.04416+00,KPEDU,antero,HorseDrinker,1791259265,BowlPressure_HB,10500
3306715,2026-10-06 04:11:07.003534+00,KPEDU,antero,HorseDrinker,1791259865,TankPressure_1_HB,18979
3306716,2026-10-06 04:11:07.003534+00,KPEDU,antero,HorseDrinker,1791259865,TankPressure_2_HB,19232
3306717,2026-10-06 04:11:07.003534+00,KPEDU,antero,HorseDrinker,1791259865,BowlPressure_HB,10504
3308195,2026-10-06 05:01:06.947485+00,KPEDU,antero,HorseDrinker,1791260465,TankPressure_1_HB,18951
3308196,2026-10-06 05:01:06.947485+00,KPEDU,antero,HorseDrinker,1791260465,TankPressure_2_HB,19209
3308197,2026-10-06 05:01:06.947485+00,KPEDU,antero,HorseDrinker,1791260465,BowlPressure_HB,10511
3308198,2026-10-06 05:01:06.947485+00,KPEDU,antero,HorseDrinker,1791261065,TankPressure_1_HB,18968
3308199,2026-10-06 05:01:06.947485+00,KPEDU,antero,HorseDrinker,1791261065,TankPressure_2_HB,19248
3308200,2026-10-06 05:01:06.947485+00,KPEDU,antero,HorseDrinker,1791261065,BowlPressure_HB,10521
3308201,2026-10-06 05:01:06.947485+00,KPEDU,antero,HorseDrinker,1791261665,TankPressure_1_HB,18960
3308202,2026-10-06 05:01:06.947485+00,KPEDU,antero,HorseDrinker,1791261665,TankPressure_2_HB,19219
3308203,2026-10-06 05:01:06.947485+00,KPEDU,antero,HorseDrinker,1791261665,BowlPressure_HB,10511
3308204,2026-10-06 05:01:06.947485+00,KPEDU,antero,HorseDrinker,1791262265,TankPressure_1_HB,18911
3308205,2026-10-06 05:01:06.947485+00,KPEDU,antero,HorseDrinker,1791262265,TankPressure_2_HB,19189
3308206,2026-10-06 05:01:06.947485+00,KPEDU,antero,HorseDrinker,1791262265,BowlPressure_HB,10509
3308207,2026-10-06 05:01:06.947485+00,KPEDU,antero,HorseDrinker,1791262865,TankPressure_1_HB,18986
3308208,2026-10-06 05:01:06.947485+00,KPEDU,antero,HorseDrinker,1791262865,TankPressure_2_HB,19243
3308209,2026-10-06 05:01:06.947485+00,KPEDU,antero,HorseDrinker,1791262865,BowlPressure_HB,10513
3308679,2026-10-06 05:11:07.245552+00,KPEDU,antero,HorseDrinker,1791263465,TankPressure_1_HB,18974
3308680,2026-10-06 05:11:07.245552+00,KPEDU,antero,HorseDrinker,1791263465,TankPressure_2_HB,19247
3308681,2026-10-06 05:11:07.245552+00,KPEDU,antero,HorseDrinker,1791263465,BowlPressure_HB,10503
3309034,2026-10-06 05:21:07.054569+00,KPEDU,antero,HorseDrinker,1791264065,TankPressure_1_HB,18935
3309035,2026-10-06 05:21:07.054569+00,KPEDU,antero,HorseDrinker,1791264065,TankPressure_2_HB,19212
3309036,2026-10-06 05:21:07.054569+00,KPEDU,antero,HorseDrinker,1791264065,BowlPressure_HB,10510
3309199,2026-10-06 05:31:07.096275+00,KPEDU,antero,HorseDrinker,1791264665,TankPressure_1_HB,18999
3309200,2026-10-06 05:31:07.096275+00,KPEDU,antero,HorseDrinker,1791264665,TankPressure_2_HB,19269
3309201,2026-10-06 05:31:07.096275+00,KPEDU,antero,HorseDrinker,1791264665,BowlPressure_HB,10510
3309632,2026-10-06 05:41:06.989866+00,KPEDU,antero,HorseDrinker,1791265265,TankPressure_1_HB,18992
3309633,2026-10-06 05:41:06.989866+00,KPEDU,antero,HorseDrinker,1791265265,TankPressure_2_HB,19258
3309634,2026-10-06 05:41:06.989866+00,KPEDU,antero,HorseDrinker,1791265265,BowlPressure_HB,10505
3309809,2026-10-06 05:51:06.963219+00,KPEDU,antero,HorseDrinker,1791265865,TankPressure_1_HB,18944
3309810,2026-10-06 05:51:06.963219+00,KPEDU,antero,HorseDrinker,1791265865,TankPressure_2_HB,19219
3309811,2026-10-06 05:51:06.963219+00,KPEDU,antero,HorseDrinker,1791265865,BowlPressure_HB,10511
3310436,2026-10-06 06:11:07.122745+00,KPEDU,antero,HorseDrinker,1791266465,TankPressure_1_HB,18955
3310437,2026-10-06 06:11:07.122745+00,KPEDU,antero,HorseDrinker,1791266465,TankPressure_2_HB,19232
3310438,2026-10-06 06:11:07.122745+00,KPEDU,antero,HorseDrinker,1791266465,BowlPressure_HB,10511
3310439,2026-10-06 06:11:07.122745+00,KPEDU,antero,HorseDrinker,1791267065,TankPressure_1_HB,18932
3310440,2026-10-06 06:11:07.122745+00,KPEDU,antero,HorseDrinker,1791267065,TankPressure_2_HB,19212
3310441,2026-10-06 06:11:07.122745+00,KPEDU,antero,HorseDrinker,1791267065,BowlPressure_HB,10511
3310772,2026-10-06 06:21:07.062091+00,KPEDU,antero,HorseDrinker,1791267665,TankPressure_1_HB,18964
3310773,2026-10-06 06:21:07.062091+00,KPEDU,antero,HorseDrinker,1791267665,TankPressure_2_HB,19229
3310774,2026-10-06 06:21:07.062091+00,KPEDU,antero,HorseDrinker,1791267665,BowlPressure_HB,10517
3310957,2026-10-06 06:31:06.999734+00,KPEDU,antero,HorseDrinker,1791268265,TankPressure_1_HB,18927
3310958,2026-10-06 06:31:06.999734+00,KPEDU,antero,HorseDrinker,1791268265,TankPressure_2_HB,19199
3310959,2026-10-06 06:31:06.999734+00,KPEDU,antero,HorseDrinker,1791268265,BowlPressure_HB,10511
3311455,2026-10-06 06:41:06.958575+00,KPEDU,antero,HorseDrinker,1791268865,TankPressure_1_HB,18962
3311456,2026-10-06 06:41:06.958575+00,KPEDU,antero,HorseDrinker,1791268865,TankPressure_2_HB,19241
3311457,2026-10-06 06:41:06.958575+00,KPEDU,antero,HorseDrinker,1791268865,BowlPressure_HB,10506
3311792,2026-10-06 06:51:07.054802+00,KPEDU,antero,HorseDrinker,1791269465,TankPressure_1_HB,18942
3311793,2026-10-06 06:51:07.054802+00,KPEDU,antero,HorseDrinker,1791269465,TankPressure_2_HB,19217
3311794,2026-10-06 06:51:07.054802+00,KPEDU,antero,HorseDrinker,1791269465,BowlPressure_HB,10506
3311967,2026-10-06 07:01:06.999218+00,KPEDU,antero,HorseDrinker,1791270065,TankPressure_1_HB,18981
3311968,2026-10-06 07:01:06.999218+00,KPEDU,antero,HorseDrinker,1791270065,TankPressure_2_HB,19258
3311969,2026-10-06 07:01:06.999218+00,KPEDU,antero,HorseDrinker,1791270065,BowlPressure_HB,10499
3312435,2026-10-06 07:11:08.921912+00,KPEDU,antero,HorseDrinker,1791270665,TankPressure_1_HB,18963
3312436,2026-10-06 07:11:08.921912+00,KPEDU,antero,HorseDrinker,1791270665,TankPressure_2_HB,19238
3312437,2026-10-06 07:11:08.921912+00,KPEDU,antero,HorseDrinker,1791270665,BowlPressure_HB,10487
3312772,2026-10-06 07:21:07.072074+00,KPEDU,antero,HorseDrinker,1791271265,TankPressure_1_HB,18985
3312773,2026-10-06 07:21:07.072074+00,KPEDU,antero,HorseDrinker,1791271265,TankPressure_2_HB,19253
3312774,2026-10-06 07:21:07.072074+00,KPEDU,antero,HorseDrinker,1791271265,BowlPressure_HB,10495
3312945,2026-10-06 07:31:07.110872+00,KPEDU,antero,HorseDrinker,1791271865,TankPressure_1_HB,18921
3312946,2026-10-06 07:31:07.110872+00,KPEDU,antero,HorseDrinker,1791271865,TankPressure_2_HB,19181
3312947,2026-10-06 07:31:07.110872+00,KPEDU,antero,HorseDrinker,1791271865,BowlPressure_HB,10484
3313378,2026-10-06 07:41:07.103061+00,KPEDU,antero,HorseDrinker,1791272465,TankPressure_1_HB,18927
3313379,2026-10-06 07:41:07.103061+00,KPEDU,antero,HorseDrinker,1791272465,TankPressure_2_HB,19212
3313380,2026-10-06 07:41:07.103061+00,KPEDU,antero,HorseDrinker,1791272465,BowlPressure_HB,10497
3313551,2026-10-06 07:51:06.921902+00,KPEDU,antero,HorseDrinker,1791273065,TankPressure_1_HB,18943
3313552,2026-10-06 07:51:06.921902+00,KPEDU,antero,HorseDrinker,1791273065,TankPressure_2_HB,19217
3313553,2026-10-06 07:51:06.921902+00,KPEDU,antero,HorseDrinker,1791273065,BowlPressure_HB,10499
3313736,2026-10-06 08:01:07.258906+00,KPEDU,antero,HorseDrinker,1791273665,TankPressure_1_HB,18932
3313737,2026-10-06 08:01:07.258906+00,KPEDU,antero,HorseDrinker,1791273665,TankPressure_2_HB,19207
3313738,2026-10-06 08:01:07.258906+00,KPEDU,antero,HorseDrinker,1791273665,BowlPressure_HB,10496
3314200,2026-10-06 08:11:07.04724+00,KPEDU,antero,HorseDrinker,1791274265,TankPressure_1_HB,18971
3314201,2026-10-06 08:11:07.04724+00,KPEDU,antero,HorseDrinker,1791274265,TankPressure_2_HB,19250
3314202,2026-10-06 08:11:07.04724+00,KPEDU,antero,HorseDrinker,1791274265,BowlPressure_HB,10511
3314539,2026-10-06 08:21:06.924395+00,KPEDU,antero,HorseDrinker,1791274865,TankPressure_1_HB,18902
3314540,2026-10-06 08:21:06.924395+00,KPEDU,antero,HorseDrinker,1791274865,TankPressure_2_HB,19186
3314541,2026-10-06 08:21:06.924395+00,KPEDU,antero,HorseDrinker,1791274865,BowlPressure_HB,10516
3314716,2026-10-06 08:31:08.939006+00,KPEDU,antero,HorseDrinker,1791275465,TankPressure_1_HB,18938
3314717,2026-10-06 08:31:08.939006+00,KPEDU,antero,HorseDrinker,1791275465,TankPressure_2_HB,19217
3314718,2026-10-06 08:31:08.939006+00,KPEDU,antero,HorseDrinker,1791275465,BowlPressure_HB,10508
3315206,2026-10-06 08:41:06.940836+00,KPEDU,antero,HorseDrinker,1791276065,TankPressure_1_HB,18964
3315207,2026-10-06 08:41:06.940836+00,KPEDU,antero,HorseDrinker,1791276065,TankPressure_2_HB,19258
3315208,2026-10-06 08:41:06.940836+00,KPEDU,antero,HorseDrinker,1791276065,BowlPressure_HB,10510
3315549,2026-10-06 08:51:07.345521+00,KPEDU,antero,HorseDrinker,1791276665,TankPressure_1_HB,18951
3315550,2026-10-06 08:51:07.345521+00,KPEDU,antero,HorseDrinker,1791276665,TankPressure_2_HB,19239
3315551,2026-10-06 08:51:07.345521+00,KPEDU,antero,HorseDrinker,1791276665,BowlPressure_HB,10511
3315730,2026-10-06 09:01:07.102957+00,KPEDU,antero,HorseDrinker,1791277265,TankPressure_1_HB,18976
3315731,2026-10-06 09:01:07.102957+00,KPEDU,antero,HorseDrinker,1791277265,TankPressure_2_HB,19264
3315732,2026-10-06 09:01:07.102957+00,KPEDU,antero,HorseDrinker,1791277265,BowlPressure_HB,10501
3316215,2026-10-06 09:11:06.962403+00,KPEDU,antero,HorseDrinker,1791277865,TankPressure_1_HB,18968
3316216,2026-10-06 09:11:06.962403+00,KPEDU,antero,HorseDrinker,1791277865,TankPressure_2_HB,19247
3316217,2026-10-06 09:11:06.962403+00,KPEDU,antero,HorseDrinker,1791277865,BowlPressure_HB,10501
3316534,2026-10-06 09:21:06.898231+00,KPEDU,antero,HorseDrinker,1791278465,TankPressure_1_HB,18954
3316535,2026-10-06 09:21:06.898231+00,KPEDU,antero,HorseDrinker,1791278465,TankPressure_2_HB,19230
3316536,2026-10-06 09:21:06.898231+00,KPEDU,antero,HorseDrinker,1791278465,BowlPressure_HB,10492
3316721,2026-10-06 09:31:07.208147+00,KPEDU,antero,HorseDrinker,1791279065,TankPressure_1_HB,18904
3316722,2026-10-06 09:31:07.208147+00,KPEDU,antero,HorseDrinker,1791279065,TankPressure_2_HB,19198
3316723,2026-10-06 09:31:07.208147+00,KPEDU,antero,HorseDrinker,1791279065,BowlPressure_HB,10466
3287683,2026-10-05 18:31:07.193356+00,KPEDU,antero,HorseDrinker,1791225065,TankPressure_1_HB,19043
3287684,2026-10-05 18:31:07.193356+00,KPEDU,antero,HorseDrinker,1791225065,TankPressure_2_HB,19314
3287685,2026-10-05 18:31:07.193356+00,KPEDU,antero,HorseDrinker,1791225065,BowlPressure_HB,10510
3288129,2026-10-05 18:41:07.037237+00,KPEDU,antero,HorseDrinker,1791225665,TankPressure_1_HB,19040
3288130,2026-10-05 18:41:07.037237+00,KPEDU,antero,HorseDrinker,1791225665,TankPressure_2_HB,19310
3288131,2026-10-05 18:41:07.037237+00,KPEDU,antero,HorseDrinker,1791225665,BowlPressure_HB,10520
3288478,2026-10-05 18:51:07.017662+00,KPEDU,antero,HorseDrinker,1791226265,TankPressure_1_HB,19076
3288479,2026-10-05 18:51:07.017662+00,KPEDU,antero,HorseDrinker,1791226265,TankPressure_2_HB,19335
3288480,2026-10-05 18:51:07.017662+00,KPEDU,antero,HorseDrinker,1791226265,BowlPressure_HB,10517
3288653,2026-10-05 19:01:06.986287+00,KPEDU,antero,HorseDrinker,1791226865,TankPressure_1_HB,18983
3288654,2026-10-05 19:01:06.986287+00,KPEDU,antero,HorseDrinker,1791226865,TankPressure_2_HB,19238
3288655,2026-10-05 19:01:06.986287+00,KPEDU,antero,HorseDrinker,1791226865,BowlPressure_HB,10517
3289527,2026-10-05 19:21:07.014216+00,KPEDU,antero,HorseDrinker,1791227465,TankPressure_1_HB,19046
3289528,2026-10-05 19:21:07.014216+00,KPEDU,antero,HorseDrinker,1791227465,TankPressure_2_HB,19311
3289529,2026-10-05 19:21:07.014216+00,KPEDU,antero,HorseDrinker,1791227465,BowlPressure_HB,10519
3289530,2026-10-05 19:21:07.014216+00,KPEDU,antero,HorseDrinker,1791228065,TankPressure_1_HB,19036
3289531,2026-10-05 19:21:07.014216+00,KPEDU,antero,HorseDrinker,1791228065,TankPressure_2_HB,19284
3289532,2026-10-05 19:21:07.014216+00,KPEDU,antero,HorseDrinker,1791228065,BowlPressure_HB,10522
3289703,2026-10-05 19:31:06.994118+00,KPEDU,antero,HorseDrinker,1791228665,TankPressure_1_HB,19049
3289704,2026-10-05 19:31:06.994118+00,KPEDU,antero,HorseDrinker,1791228665,TankPressure_2_HB,19286
3289705,2026-10-05 19:31:06.994118+00,KPEDU,antero,HorseDrinker,1791228665,BowlPressure_HB,10517
3290193,2026-10-05 19:41:07.30298+00,KPEDU,antero,HorseDrinker,1791229265,TankPressure_1_HB,19010
3290194,2026-10-05 19:41:07.30298+00,KPEDU,antero,HorseDrinker,1791229265,TankPressure_2_HB,19255
3290195,2026-10-05 19:41:07.30298+00,KPEDU,antero,HorseDrinker,1791229265,BowlPressure_HB,10515
3290482,2026-10-05 19:51:07.124787+00,KPEDU,antero,HorseDrinker,1791229865,TankPressure_1_HB,19039
3290483,2026-10-05 19:51:07.124787+00,KPEDU,antero,HorseDrinker,1791229865,TankPressure_2_HB,19284
3290484,2026-10-05 19:51:07.124787+00,KPEDU,antero,HorseDrinker,1791229865,BowlPressure_HB,10512
3290661,2026-10-05 20:01:07.150148+00,KPEDU,antero,HorseDrinker,1791230465,TankPressure_1_HB,19065
3290662,2026-10-05 20:01:07.150148+00,KPEDU,antero,HorseDrinker,1791230465,TankPressure_2_HB,19285
3290663,2026-10-05 20:01:07.150148+00,KPEDU,antero,HorseDrinker,1791230465,BowlPressure_HB,10516
3291146,2026-10-05 20:11:07.144293+00,KPEDU,antero,HorseDrinker,1791231065,TankPressure_1_HB,19023
3291147,2026-10-05 20:11:07.144293+00,KPEDU,antero,HorseDrinker,1791231065,TankPressure_2_HB,19281
3291148,2026-10-05 20:11:07.144293+00,KPEDU,antero,HorseDrinker,1791231065,BowlPressure_HB,10518
3291401,2026-10-05 20:21:07.126726+00,KPEDU,antero,HorseDrinker,1791231665,TankPressure_1_HB,19060
3291402,2026-10-05 20:21:07.126726+00,KPEDU,antero,HorseDrinker,1791231665,TankPressure_2_HB,19302
3291403,2026-10-05 20:21:07.126726+00,KPEDU,antero,HorseDrinker,1791231665,BowlPressure_HB,10522
3291584,2026-10-05 20:31:07.241164+00,KPEDU,antero,HorseDrinker,1791232265,TankPressure_1_HB,19010
3291585,2026-10-05 20:31:07.241164+00,KPEDU,antero,HorseDrinker,1791232265,TankPressure_2_HB,19247
3291586,2026-10-05 20:31:07.241164+00,KPEDU,antero,HorseDrinker,1791232265,BowlPressure_HB,10520
3292041,2026-10-05 20:41:07.032255+00,KPEDU,antero,HorseDrinker,1791232865,TankPressure_1_HB,19048
3292042,2026-10-05 20:41:07.032255+00,KPEDU,antero,HorseDrinker,1791232865,TankPressure_2_HB,19290
3292043,2026-10-05 20:41:07.032255+00,KPEDU,antero,HorseDrinker,1791232865,BowlPressure_HB,10519
3292384,2026-10-05 20:51:07.187093+00,KPEDU,antero,HorseDrinker,1791233465,TankPressure_1_HB,19088
3292385,2026-10-05 20:51:07.187093+00,KPEDU,antero,HorseDrinker,1791233465,TankPressure_2_HB,19326
3292386,2026-10-05 20:51:07.187093+00,KPEDU,antero,HorseDrinker,1791233465,BowlPressure_HB,10523
3292563,2026-10-05 21:01:07.18024+00,KPEDU,antero,HorseDrinker,1791234065,TankPressure_1_HB,19011
3292564,2026-10-05 21:01:07.18024+00,KPEDU,antero,HorseDrinker,1791234065,TankPressure_2_HB,19247
3292565,2026-10-05 21:01:07.18024+00,KPEDU,antero,HorseDrinker,1791234065,BowlPressure_HB,10515
3293065,2026-10-05 21:11:07.028771+00,KPEDU,antero,HorseDrinker,1791234665,TankPressure_1_HB,19119
3293066,2026-10-05 21:11:07.028771+00,KPEDU,antero,HorseDrinker,1791234665,TankPressure_2_HB,19342
3293067,2026-10-05 21:11:07.028771+00,KPEDU,antero,HorseDrinker,1791234665,BowlPressure_HB,10517
3293410,2026-10-05 21:21:07.194469+00,KPEDU,antero,HorseDrinker,1791235265,TankPressure_1_HB,19062
3293411,2026-10-05 21:21:07.194469+00,KPEDU,antero,HorseDrinker,1791235265,TankPressure_2_HB,19280
3293412,2026-10-05 21:21:07.194469+00,KPEDU,antero,HorseDrinker,1791235265,BowlPressure_HB,10520
3293593,2026-10-05 21:31:07.227023+00,KPEDU,antero,HorseDrinker,1791235865,TankPressure_1_HB,19078
3293594,2026-10-05 21:31:07.227023+00,KPEDU,antero,HorseDrinker,1791235865,TankPressure_2_HB,19300
3293595,2026-10-05 21:31:07.227023+00,KPEDU,antero,HorseDrinker,1791235865,BowlPressure_HB,10519
3294048,2026-10-05 21:41:07.190565+00,KPEDU,antero,HorseDrinker,1791236465,TankPressure_1_HB,19069
3294049,2026-10-05 21:41:07.190565+00,KPEDU,antero,HorseDrinker,1791236465,TankPressure_2_HB,19282
3294050,2026-10-05 21:41:07.190565+00,KPEDU,antero,HorseDrinker,1791236465,BowlPressure_HB,10521
3294417,2026-10-05 21:51:07.101303+00,KPEDU,antero,HorseDrinker,1791237065,TankPressure_1_HB,19076
3294418,2026-10-05 21:51:07.101303+00,KPEDU,antero,HorseDrinker,1791237065,TankPressure_2_HB,19284
3294419,2026-10-05 21:51:07.101303+00,KPEDU,antero,HorseDrinker,1791237065,BowlPressure_HB,10520
3294596,2026-10-05 22:01:07.294747+00,KPEDU,antero,HorseDrinker,1791237665,TankPressure_1_HB,19110
3294597,2026-10-05 22:01:07.294747+00,KPEDU,antero,HorseDrinker,1791237665,TankPressure_2_HB,19320
3294598,2026-10-05 22:01:07.294747+00,KPEDU,antero,HorseDrinker,1791237665,BowlPressure_HB,10515
3295079,2026-10-05 22:11:07.016655+00,KPEDU,antero,HorseDrinker,1791238265,TankPressure_1_HB,19069
3295080,2026-10-05 22:11:07.016655+00,KPEDU,antero,HorseDrinker,1791238265,TankPressure_2_HB,19294
3295081,2026-10-05 22:11:07.016655+00,KPEDU,antero,HorseDrinker,1791238265,BowlPressure_HB,10523
3295426,2026-10-05 22:21:06.961938+00,KPEDU,antero,HorseDrinker,1791238865,TankPressure_1_HB,19041
3295427,2026-10-05 22:21:06.961938+00,KPEDU,antero,HorseDrinker,1791238865,TankPressure_2_HB,19274
3295428,2026-10-05 22:21:06.961938+00,KPEDU,antero,HorseDrinker,1791238865,BowlPressure_HB,10513
3295603,2026-10-05 22:31:07.022542+00,KPEDU,antero,HorseDrinker,1791239465,TankPressure_1_HB,19005
3295604,2026-10-05 22:31:07.022542+00,KPEDU,antero,HorseDrinker,1791239465,TankPressure_2_HB,19257
3295605,2026-10-05 22:31:07.022542+00,KPEDU,antero,HorseDrinker,1791239465,BowlPressure_HB,10506
3296049,2026-10-05 22:41:06.95493+00,KPEDU,antero,HorseDrinker,1791240065,TankPressure_1_HB,18990
3296050,2026-10-05 22:41:06.95493+00,KPEDU,antero,HorseDrinker,1791240065,TankPressure_2_HB,19233
3296051,2026-10-05 22:41:06.95493+00,KPEDU,antero,HorseDrinker,1791240065,BowlPressure_HB,10497
3296352,2026-10-05 22:51:07.161924+00,KPEDU,antero,HorseDrinker,1791240665,TankPressure_1_HB,19052
3296353,2026-10-05 22:51:07.161924+00,KPEDU,antero,HorseDrinker,1791240665,TankPressure_2_HB,19292
3296354,2026-10-05 22:51:07.161924+00,KPEDU,antero,HorseDrinker,1791240665,BowlPressure_HB,10500
3296537,2026-10-05 23:01:07.268075+00,KPEDU,antero,HorseDrinker,1791241265,TankPressure_1_HB,19038
3296538,2026-10-05 23:01:07.268075+00,KPEDU,antero,HorseDrinker,1791241265,TankPressure_2_HB,19281
3296539,2026-10-05 23:01:07.268075+00,KPEDU,antero,HorseDrinker,1791241265,BowlPressure_HB,10497
3297022,2026-10-05 23:11:07.075412+00,KPEDU,antero,HorseDrinker,1791241865,TankPressure_1_HB,19035
3297023,2026-10-05 23:11:07.075412+00,KPEDU,antero,HorseDrinker,1791241865,TankPressure_2_HB,19281
3297024,2026-10-05 23:11:07.075412+00,KPEDU,antero,HorseDrinker,1791241865,BowlPressure_HB,10516
3297401,2026-10-05 23:21:07.031693+00,KPEDU,antero,HorseDrinker,1791242465,TankPressure_1_HB,19058
3297402,2026-10-05 23:21:07.031693+00,KPEDU,antero,HorseDrinker,1791242465,TankPressure_2_HB,19304
3297403,2026-10-05 23:21:07.031693+00,KPEDU,antero,HorseDrinker,1791242465,BowlPressure_HB,10516
3297582,2026-10-05 23:31:07.111445+00,KPEDU,antero,HorseDrinker,1791243065,TankPressure_1_HB,19003
3297583,2026-10-05 23:31:07.111445+00,KPEDU,antero,HorseDrinker,1791243065,TankPressure_2_HB,19233
3297584,2026-10-05 23:31:07.111445+00,KPEDU,antero,HorseDrinker,1791243065,BowlPressure_HB,10516
3298012,2026-10-05 23:41:06.94667+00,KPEDU,antero,HorseDrinker,1791243665,TankPressure_1_HB,19031
3298013,2026-10-05 23:41:06.94667+00,KPEDU,antero,HorseDrinker,1791243665,TankPressure_2_HB,19278
3298014,2026-10-05 23:41:06.94667+00,KPEDU,antero,HorseDrinker,1791243665,BowlPressure_HB,10508
3298361,2026-10-05 23:51:07.259357+00,KPEDU,antero,HorseDrinker,1791244265,TankPressure_1_HB,19009
3298362,2026-10-05 23:51:07.259357+00,KPEDU,antero,HorseDrinker,1791244265,TankPressure_2_HB,19261
3298363,2026-10-05 23:51:07.259357+00,KPEDU,antero,HorseDrinker,1791244265,BowlPressure_HB,10503
3298524,2026-10-06 00:01:07.151781+00,KPEDU,antero,HorseDrinker,1791244865,TankPressure_1_HB,19059
3298525,2026-10-06 00:01:07.151781+00,KPEDU,antero,HorseDrinker,1791244865,TankPressure_2_HB,19299
3298526,2026-10-06 00:01:07.151781+00,KPEDU,antero,HorseDrinker,1791244865,BowlPressure_HB,10509
3299028,2026-10-06 00:11:06.937068+00,KPEDU,antero,HorseDrinker,1791245465,TankPressure_1_HB,19027
3299029,2026-10-06 00:11:06.937068+00,KPEDU,antero,HorseDrinker,1791245465,TankPressure_2_HB,19284
3299030,2026-10-06 00:11:06.937068+00,KPEDU,antero,HorseDrinker,1791245465,BowlPressure_HB,10499
3299359,2026-10-06 00:21:07.156026+00,KPEDU,antero,HorseDrinker,1791246065,TankPressure_1_HB,19044
3299360,2026-10-06 00:21:07.156026+00,KPEDU,antero,HorseDrinker,1791246065,TankPressure_2_HB,19314
3299361,2026-10-06 00:21:07.156026+00,KPEDU,antero,HorseDrinker,1791246065,BowlPressure_HB,10496
3299552,2026-10-06 00:31:07.210609+00,KPEDU,antero,HorseDrinker,1791246665,TankPressure_1_HB,18995
3299553,2026-10-06 00:31:07.210609+00,KPEDU,antero,HorseDrinker,1791246665,TankPressure_2_HB,19263
3299554,2026-10-06 00:31:07.210609+00,KPEDU,antero,HorseDrinker,1791246665,BowlPressure_HB,10502
3300032,2026-10-06 00:41:07.160447+00,KPEDU,antero,HorseDrinker,1791247265,TankPressure_1_HB,19000
3300033,2026-10-06 00:41:07.160447+00,KPEDU,antero,HorseDrinker,1791247265,TankPressure_2_HB,19274
3300034,2026-10-06 00:41:07.160447+00,KPEDU,antero,HorseDrinker,1791247265,BowlPressure_HB,10500
3300381,2026-10-06 00:51:08.86331+00,KPEDU,antero,HorseDrinker,1791247865,TankPressure_1_HB,18971
3300382,2026-10-06 00:51:08.86331+00,KPEDU,antero,HorseDrinker,1791247865,TankPressure_2_HB,19257
3300383,2026-10-06 00:51:08.86331+00,KPEDU,antero,HorseDrinker,1791247865,BowlPressure_HB,10500
